股票名称, 股票跌幅天数, 股票总涨跌幅,
GQY视讯_1300076.csv,2,-10.3418,
S佳通_0600182.csv,2,-3.6151,
TCL集团_1000100.csv,2,-6.0779,
一品红_1300723.csv,2,-3.6431,
一汽夏利_1000927.csv,2,-8.390799999999999,
一汽富维_0600742.csv,2,-5.440300000000001,
一汽轿车_1000800.csv,2,-10.4834,
一致B_1200028.csv,3,-1.8519999999999999,
七匹狼_1002029.csv,2,-3.7857,
七彩化学_1300758.csv,7,-17.2169,
万业企业_0600641.csv,5,-7.8338,
万丰奥威_1002085.csv,2,-6.4412,
万兴科技_1300624.csv,8,-9.548399999999999,
万华化学_0600309.csv,3,-8.1878,
万向德农_0600371.csv,2,-7.3568999999999996,
万向钱潮_1000559.csv,2,-5.5714999999999995,
万和电气_1002543.csv,2,-6.1791,
万安科技_1002590.csv,2,-6.3496,
万家乐_1000533.csv,3,-21.712999999999997,
万年青_1000789.csv,2,-7.9099,
万方发展_1000638.csv,2,-5.9724,
万科A_1000002.csv,2,-1.7643,
万达信息_1300168.csv,2,-6.1761,
万通地产_0600246.csv,3,-13.9123,
万通智控_1300643.csv,2,-6.0506,
万邦德_1002082.csv,2,-7.7417,
万邦达_1300055.csv,2,-9.518,
万里石_1002785.csv,2,-2.2696,
万里股份_0600847.csv,5,-12.1388,
万里马_1300591.csv,2,-9.5837,
万隆光电_1300710.csv,2,-19.986800000000002,
万顺股份_1300057.csv,2,-6.1502,
万马股份_1002276.csv,2,-7.0817000000000005,
三七互娱_1002555.csv,1,-5.4173,
三元股份_0600429.csv,1,-2.7027,
三全食品_1002216.csv,3,-2.6151,
三六零_0601360.csv,2,-5.5794,
三利谱_1002876.csv,2,-9.4651,
三力士_1002224.csv,2,-7.2349,
三友化工_0600409.csv,2,-11.0536,
三变科技_1002112.csv,2,-9.0182,
三垒股份_1002621.csv,1,-1.2352,
三夫户外_1002780.csv,1,-0.1131,
三峡新材_0600293.csv,2,-7.216600000000001,
三峡水利_0600116.csv,5,-9.8086,
三川智慧_1300066.csv,2,-6.3420000000000005,
三星医疗_0601567.csv,2,-4.4571000000000005,
三晖电气_1002857.csv,5,-6.8994,
三毛B股_0900922.csv,3,-3.1360999999999994,
三毛派神_1000779.csv,2,-4.5176,
三泰控股_1002312.csv,3,-11.492799999999999,
三湘印象_1000863.csv,2,-3.9806999999999997,
三爱富_0600636.csv,2,-17.3143,
三特索道_1002159.csv,4,-8.4312,
三环集团_1300408.csv,2,-3.0892999999999997,
三维工程_1002469.csv,2,-10.2052,
三维股份_0603033.csv,2,-4.7068,
三聚环保_1300072.csv,2,-11.6006,
三诺生物_1300298.csv,2,-3.4978000000000002,
三超新材_1300554.csv,2,-7.7574000000000005,
三钢闽光_1002110.csv,2,-5.827,
三雄极光_1300625.csv,2,-7.716200000000001,
上工B股_0900924.csv,5,-5.191800000000001,
上工申贝_0600843.csv,2,-8.7807,
上机数控_0603185.csv,4,-10.4373,
上柴股份_0600841.csv,2,-7.7141,
上汽集团_0600104.csv,2,-6.5815,
上海三毛_0600689.csv,3,-9.604899999999999,
上海临港_0600848.csv,3,-12.0222,
上海九百_0600838.csv,2,-5.2566,
上海亚虹_0603159.csv,2,-6.9548000000000005,
上海凤凰_0600679.csv,3,-8.8302,
上海凯宝_1300039.csv,2,-4.7311000000000005,
上海医药_0601607.csv,2,-5.5411,
上海天洋_0603330.csv,2,-4.1433,
上海建工_0600170.csv,2,-3.9856999999999996,
上海新阳_1300236.csv,2,-7.287599999999999,
上海机场_0600009.csv,1,-3.4624,
上海洗霸_0603200.csv,3,-3.7639000000000005,
上海物贸_0600822.csv,3,-7.802299999999999,
上海环境_0601200.csv,2,-2.6330999999999998,
上海电力_0600021.csv,2,-5.4262,
上海电影_0601595.csv,5,-12.802800000000001,
上海电气_0601727.csv,2,-8.4007,
上海石化_0600688.csv,4,-7.0759,
上海能源_0600508.csv,2,-3.6973000000000003,
上海钢联_1300226.csv,1,-3.9434,
上海银行_0601229.csv,3,-4.8169,
上港集团_0600018.csv,3,-12.245899999999999,
世名科技_1300522.csv,2,-6.828900000000001,
世纪天鸿_1300654.csv,2,-11.6349,
世纪瑞尔_1300150.csv,2,-6.4106,
世联行_1002285.csv,2,-8.0316,
世荣兆业_1002016.csv,6,-8.213899999999999,
世运电路_0603920.csv,2,-4.5775999999999994,
东信B股_0900941.csv,2,-1.8229,
东信和平_1002017.csv,1,-6.4199,
东北制药_1000597.csv,4,-5.7513,
东华能源_1002221.csv,2,-7.112699999999999,
东华软件_1002065.csv,2,-3.6257,
东安动力_0600178.csv,2,-8.8928,
东宏股份_0603856.csv,2,-6.5046,
东宝生物_1300239.csv,5,-7.3813,
东山精密_1002384.csv,3,-11.9662,
东方创业_0600278.csv,3,-13.4381,
东方嘉盛_1002889.csv,2,-11.2257,
东方时尚_0603377.csv,2,-5.6758,
东方明珠_0600637.csv,5,-7.1278,
东方材料_0603110.csv,5,-19.6468,
东方环宇_0603706.csv,2,-8.8982,
东方电子_1000682.csv,2,-10.5138,
东方电气_0600875.csv,2,-9.5679,
东方电热_1300217.csv,2,-3.9482999999999997,
东方电缆_0603606.csv,2,-5.8629,
东方盛虹_1000301.csv,2,-2.6142000000000003,
东方航空_0600115.csv,2,-6.896,
东方证券_0600958.csv,2,-3.0457,
东方财富_1300059.csv,2,-4.6309,
东方通信_0600776.csv,2,-6.0052,
东方金钰_0600086.csv,2,-7.9949,
东方钽业_1000962.csv,2,-13.7172,
东方锆业_1002167.csv,2,-9.4008,
东方集团_0600811.csv,2,-4.754,
东旭蓝天_1000040.csv,2,-8.8703,
东易日盛_1002713.csv,2,-4.7214,
东晶电子_1002199.csv,8,-11.3983,
东材科技_0601208.csv,2,-8.4176,
东杰智能_1300486.csv,2,-7.4137,
东江环保_1002672.csv,2,-4.2011,
东沣B_1200160.csv,2,-10.860199999999999,
东湖高新_0600133.csv,2,-9.661200000000001,
东珠生态_0603359.csv,2,-2.6994000000000002,
东百集团_0600693.csv,2,-2.5465,
东莞控股_1000828.csv,5,-7.7047,
东诚药业_1002675.csv,2,-5.1073,
东贝B股_0900956.csv,2,-1.4221,
东阳光科_0600673.csv,2,-3.6950000000000003,
东阿阿胶_1000423.csv,2,-3.9502,
东风汽车_0600006.csv,2,-6.7023,
东风科技_0600081.csv,2,-7.6449,
东风股份_0601515.csv,2,-10.124300000000002,
中亚股份_1300512.csv,2,-8.9222,
中京电子_1002579.csv,6,-18.782999999999998,
中体产业_0600158.csv,2,-4.0343,
中信国安_1000839.csv,2,-7.407,
中信海直_1000099.csv,4,-10.5251,
中信重工_0601608.csv,3,-8.2037,
中元股份_1300018.csv,2,-4.6723,
中光防雷_1300414.csv,2,-6.4469,
中公高科_0603860.csv,4,-8.9526,
中关村_1000931.csv,7,-12.1032,
中兵红箭_1000519.csv,2,-4.6429,
中农立华_0603970.csv,2,-4.261,
中利集团_1002309.csv,4,-17.2738,
中化国际_0600500.csv,5,-8.7684,
中化岩土_1002542.csv,2,-6.1076999999999995,
中南建设_1000961.csv,3,-0.8106,
中原传媒_1000719.csv,2,-4.5316,
中原内配_1002448.csv,2,-5.982,
中原环保_1000544.csv,2,-8.681000000000001,
中原证券_0601375.csv,2,-4.4423,
中原高速_0600020.csv,3,-11.8423,
中嘉博创_1000889.csv,4,-7.5133,
中国一重_0601106.csv,5,-12.4249,
中国中冶_0601618.csv,2,-6.5642,
中国中铁_0601390.csv,2,-4.819599999999999,
中国交建_0601800.csv,2,-7.3467,
中国人保_0601319.csv,3,-4.5388,
中国动力_0600482.csv,2,-7.5979,
中国化学_0601117.csv,2,-4.6585,
中国医药_0600056.csv,2,-6.0339,
中国南车_0601766.csv,2,-4.8947,
中国国旅_0601888.csv,1,-2.5466,
中国国航_0601111.csv,2,-4.5078,
中国国贸_0600007.csv,5,-4.375699999999999,
中国外运_0601598.csv,2,-4.853400000000001,
中国天楹_1000035.csv,2,-7.8233,
中国宝安_1000009.csv,2,-6.9491,
中国巨石_0600176.csv,2,-3.1324,
中国应急_1300527.csv,2,-7.637600000000001,
中国建筑_0601668.csv,2,-4.7418,
中国核建_0601611.csv,2,-5.862,
中国核电_0601985.csv,2,-3.9605,
中国武夷_1000797.csv,2,-7.1042,
中国汽研_0601965.csv,2,-7.873099999999999,
中国海诚_1002116.csv,2,-13.2773,
中国海防_0600764.csv,6,-13.6265,
中国电建_0601669.csv,5,-10.9958,
中国石化_0600028.csv,4,-4.6316,
中国石油_0601857.csv,4,-4.066,
中国神华_0601088.csv,2,-2.679,
中国联通_0600050.csv,2,-5.5566,
中国西电_0601179.csv,2,-5.0228,
中国软件_0600536.csv,2,-5.4597,
中国重工_0601989.csv,6,-15.408199999999999,
中国重汽_1000951.csv,2,-5.2614,
中国铁建_0601186.csv,2,-6.5172,
中国铝业_0601600.csv,5,-8.636,
中国银河_0601881.csv,2,-4.9885,
中国银行_0601988.csv,3,-2.2954,
中坚科技_1002779.csv,2,-9.2488,
中大力德_1002896.csv,8,-7.785599999999999,
中天科技_0600522.csv,2,-6.2063999999999995,
中天能源_0600856.csv,5,-23.632600000000004,
中天金融_1000540.csv,2,-9.9879,
中央商场_0600280.csv,2,-7.7576,
中孚实业_0600595.csv,5,-18.3579,
中宠股份_1002891.csv,2,-6.7035,
中山公用_1000685.csv,2,-4.0349,
中山金马_1300756.csv,2,-5.8444,
中工国际_1002051.csv,5,-17.909100000000002,
中广核技_1000881.csv,2,-8.0338,
中恒电气_1002364.csv,2,-5.7696000000000005,
中恒集团_0600252.csv,5,-6.7674,
中成股份_1000151.csv,2,-7.5161,
中持股份_0603903.csv,2,-5.8034,
中捷资源_1002021.csv,4,-25.9466,
中新科技_0603996.csv,2,-8.2946,
中曼石油_0603619.csv,2,-11.3691,
中材国际_0600970.csv,2,-6.3096,
中材科技_1002080.csv,2,-9.8507,
中材节能_0603126.csv,2,-7.960800000000001,
中核科技_1000777.csv,2,-5.1249,
中核钛白_1002145.csv,2,-9.4563,
中欣氟材_1002915.csv,2,-9.3797,
中水渔业_1000798.csv,1,-9.2461,
中油工程_0600339.csv,4,-7.1168,
中油资本_1000617.csv,2,-4.131,
中泰化学_1002092.csv,2,-11.0242,
中洲控股_1000042.csv,3,-6.3891,
中海油服_0601808.csv,4,-8.2253,
中润资源_1000506.csv,2,-7.3401,
中源协和_0600645.csv,2,-3.6654,
中源家居_0603709.csv,1,-1.8974,
中煤能源_0601898.csv,2,-4.5544,
中环环保_1300692.csv,2,-8.7847,
中环股份_1002129.csv,2,-6.1276,
中珠医疗_0600568.csv,2,-5.5991,
中电兴发_1002298.csv,2,-8.2944,
中电环保_1300172.csv,2,-5.829,
中电电机_0603988.csv,2,-6.0172,
中直股份_0600038.csv,2,-3.4091,
中矿资源_1002738.csv,4,-8.449300000000001,
中科电气_1300035.csv,2,-5.112,
中科金财_1002657.csv,2,-6.6196,
中粮地产_1000031.csv,3,-5.6106,
中粮生化_1000930.csv,2,-5.2922,
中粮糖业_0600737.csv,2,-5.169300000000001,
中能电气_1300062.csv,2,-7.9892,
中航三鑫_1002163.csv,5,-16.714100000000002,
中航投资_0600705.csv,2,-7.190300000000001,
中航机电_1002013.csv,2,-4.3643,
中航沈飞_0600760.csv,6,-11.028699999999999,
中航电子_0600372.csv,2,-4.829000000000001,
中航电测_1300114.csv,2,-5.5138,
中航重机_0600765.csv,2,-5.6876999999999995,
中航飞机_1000768.csv,2,-4.1699,
中航高科_0600862.csv,2,-5.1567,
中船科技_0600072.csv,6,-27.578599999999998,
中船防务_0600685.csv,6,-25.0694,
中衡设计_0603017.csv,2,-5.4178,
中装建设_1002822.csv,2,-6.1149000000000004,
中设股份_1002883.csv,2,-6.0748,
中设集团_0603018.csv,2,-4.534,
中超控股_1002471.csv,2,-9.4641,
中路B股_0900915.csv,4,-3.9465000000000003,
中路股份_0600818.csv,2,-6.2243,
中远海发_0601866.csv,2,-7.0376,
中远海控_0601919.csv,2,-6.3363000000000005,
中远海特_0600428.csv,2,-6.1002,
中远海科_1002401.csv,2,-8.5684,
中迪投资_1000609.csv,2,-7.4064,
中通客车_1000957.csv,2,-12.2211,
中金岭南_1000060.csv,2,-6.6696,
中金黄金_0600489.csv,1,-1.816,
中钢国际_1000928.csv,2,-6.9914,
中钨高新_1000657.csv,5,-12.3842,
中铁工业_0600528.csv,2,-7.5072,
中铝国际_0601068.csv,2,-7.2279,
中闽能源_0600163.csv,2,-6.9206,
中集集团_1000039.csv,2,-6.0749,
中青旅_0600138.csv,2,-10.017299999999999,
中颖电子_1300327.csv,2,-5.834199999999999,
中飞股份_1300489.csv,2,-8.945,
中马传动_0603767.csv,2,-6.4925999999999995,
中鲁B_1200992.csv,2,-3.6931,
中鼎股份_1000887.csv,2,-4.5413,
丰原药业_1000153.csv,2,-7.3241,
丰山集团_0603810.csv,3,-6.861000000000001,
丰林集团_0601996.csv,5,-10.533700000000001,
临港B股_0900928.csv,3,-3.2801,
丹化科技_0600844.csv,3,-18.1286,
丹科B股_0900921.csv,3,-4.4787,
丹邦科技_1002618.csv,2,-9.651299999999999,
丽岛新材_0603937.csv,2,-5.654800000000001,
丽江旅游_1002033.csv,4,-8.7613,
丽鹏股份_1002374.csv,4,-7.732099999999999,
久吾高科_1300631.csv,2,-5.4642,
久立特材_1002318.csv,2,-6.6549,
久联发展_1002037.csv,5,-11.6788,
乐凯胶片_0600135.csv,2,-10.1477,
乐山电力_0600644.csv,2,-6.4437,
乐心医疗_1300562.csv,2,-7.7652,
乐普医疗_1300003.csv,2,-2.1856,
乔治白_1002687.csv,2,-5.007,
九典制药_1300705.csv,2,-8.2819,
九安医疗_1002432.csv,2,-7.4056,
九洲电气_1300040.csv,2,-5.0872,
九牧王_0601566.csv,2,-4.9222,
九芝堂_1000989.csv,5,-12.5784,
九阳股份_1002242.csv,3,-2.6081,
九鼎新材_1002201.csv,2,-7.2186,
乾景园林_0603778.csv,2,-6.935499999999999,
乾照光电_1300102.csv,5,-10.4589,
云内动力_1000903.csv,2,-8.5017,
云南旅游_1002059.csv,4,-14.986700000000003,
云南白药_1000538.csv,2,-6.394299999999999,
云南铜业_1000878.csv,2,-5.9074,
云图控股_1002539.csv,1,-8.6294,
云意电气_1300304.csv,2,-7.341100000000001,
云投生态_1002200.csv,1,-3.6554,
云海金属_1002182.csv,3,-15.974400000000001,
云铝股份_1000807.csv,3,-9.1748,
五洋停车_1300420.csv,2,-7.8778,
五矿发展_0600058.csv,2,-5.0953,
五矿稀土_1000831.csv,3,-8.8845,
五矿资本_0600390.csv,2,-4.188,
井神股份_0603299.csv,5,-8.936,
亚光科技_1300123.csv,2,-6.969799999999999,
亚厦股份_1002375.csv,2,-5.4717,
亚士创能_0603378.csv,3,-10.0912,
亚太实业_1000691.csv,2,-8.8842,
亚太科技_1002540.csv,2,-4.531499999999999,
亚太股份_1002284.csv,2,-6.056,
亚太药业_1002370.csv,2,-8.6615,
亚宝药业_0600351.csv,2,-7.9733,
亚振家居_0603389.csv,3,-13.5199,
亚星化学_0600319.csv,2,-12.480699999999999,
亚星锚链_0601890.csv,6,-25.2352,
亚泰国际_1002811.csv,5,-7.3068,
亚玛顿_1002623.csv,5,-11.2249,
亚盛集团_0600108.csv,2,-7.014900000000001,
亚翔集成_0603929.csv,2,-3.5895,
亚通股份_0600692.csv,2,-6.644500000000001,
亚邦股份_0603188.csv,2,-4.4838,
交通银行_0601328.csv,5,-3.7779999999999996,
亨通光电_0600487.csv,2,-5.3517,
京东方A_1000725.csv,2,-6.4391,
京城股份_0600860.csv,2,-19.997700000000002,
京威股份_1002662.csv,2,-12.1808,
京山轻机_1000821.csv,3,-8.8092,
京新药业_1002020.csv,2,-3.1617,
京汉股份_1000615.csv,2,-9.1136,
京泉华_1002885.csv,2,-6.75,
京粮B_1200505.csv,4,-0.8515,
京粮控股_1000505.csv,2,-5.4966,
京能电力_0600578.csv,6,-7.581,
京蓝科技_1000711.csv,4,-10.157100000000002,
京运通_0601908.csv,2,-16.1004,
人人乐_1002336.csv,2,-3.3704,
人民同泰_0600829.csv,2,-11.1286,
人民网_0603000.csv,3,-8.990100000000002,
人福医药_0600079.csv,5,-12.711099999999998,
亿帆医药_1002019.csv,2,-3.299,
亿晶光电_0600537.csv,4,-9.6406,
亿通科技_1300211.csv,2,-6.598400000000001,
仁东控股_1002647.csv,2,-2.2438,
仁智股份_1002629.csv,2,-16.3262,
今创集团_0603680.csv,2,-4.8408,
今飞凯达_1002863.csv,2,-7.0499,
仙坛股份_1002746.csv,1,-7.5157,
仙鹤股份_0603733.csv,2,-6.97,
仟源医药_1300254.csv,2,-19.575200000000002,
以岭药业_1002603.csv,2,-7.1457,
伊利股份_0600887.csv,2,-2.4212,
伊力特_0600197.csv,6,-17.329,
伊戈尔_1002922.csv,3,-6.881500000000001,
众业达_1002441.csv,2,-5.6488,
众信旅游_1002707.csv,5,-13.637300000000002,
众应互联_1002464.csv,2,-9.6433,
众泰汽车_1000980.csv,2,-9.6213,
众源新材_0603527.csv,2,-10.475100000000001,
优德精密_1300549.csv,2,-8.493,
会稽山_0601579.csv,5,-8.5098,
伟星新材_1002372.csv,2,-3.8776,
伟星股份_1002003.csv,2,-4.3068,
传化智联_1002010.csv,2,-5.9216,
伯特利_0603596.csv,3,-11.4998,
佐力药业_1300181.csv,2,-7.901,
佛塑科技_1000973.csv,2,-12.2941,
佛山照明_1000541.csv,2,-4.3548,
佛慈制药_1002644.csv,5,-11.186399999999999,
佛燃股份_1002911.csv,2,-11.076699999999999,
佩蒂股份_1300673.csv,2,-5.9942,
佳云科技_1300242.csv,3,-5.7583,
佳力图_0603912.csv,2,-7.4406,
佳士科技_1300193.csv,2,-3.8367,
佳讯飞鸿_1300213.csv,2,-6.3968,
佳隆股份_1002495.csv,2,-6.8551,
保利地产_0600048.csv,5,-6.8325,
保变电气_0600550.csv,2,-7.456799999999999,
保隆科技_0603197.csv,5,-14.1483,
信捷电气_0603416.csv,8,-9.6945,
信立泰_1002294.csv,5,-6.804600000000001,
信隆健康_1002105.csv,2,-9.3164,
信雅达_0600571.csv,2,-9.9211,
倍加洁_0603059.csv,5,-18.5888,
健友股份_0603707.csv,1,-6.8583,
健康元_0600380.csv,2,-3.9384,
健民集团_0600976.csv,2,-6.9374,
健盛集团_0603558.csv,2,-9.325099999999999,
元力股份_1300174.csv,2,-4.6333,
元成股份_0603388.csv,2,-10.0701,
元隆雅图_1002878.csv,2,-6.1091,
兆丰股份_1300695.csv,2,-3.9029000000000003,
兆新股份_1002256.csv,2,-7.7144,
兆易创新_0603986.csv,2,-8.0831,
兆驰股份_1002429.csv,2,-5.3151,
先导智能_1300450.csv,2,-10.087299999999999,
先达股份_0603086.csv,3,-11.3393,
先进数通_1300541.csv,3,-7.6841,
先锋新材_1300163.csv,3,-8.778799999999999,
光华科技_1002741.csv,2,-9.5927,
光启技术_1002625.csv,2,-6.0352,
光大银行_0601818.csv,3,-3.5680000000000005,
光库科技_1300620.csv,2,-2.9204000000000003,
光弘科技_1300735.csv,2,-12.468,
光明乳业_0600597.csv,3,-6.8031,
光明地产_0600708.csv,3,-5.7143,
光洋股份_1002708.csv,5,-13.061100000000001,
光电股份_0600184.csv,2,-6.7141,
光迅科技_1002281.csv,2,-6.5816,
光韵达_1300227.csv,2,-5.5434,
克明面业_1002661.csv,8,-11.6445,
克来机电_0603960.csv,4,-5.0679,
兔宝宝_1002043.csv,2,-8.0277,
兖州煤业_0600188.csv,2,-4.6969,
全志科技_1300458.csv,2,-4.6257,
全新好_1000007.csv,2,-12.6045,
全柴动力_0600218.csv,2,-16.116,
全筑股份_0603030.csv,4,-6.850999999999999,
全聚德_1002186.csv,5,-7.007899999999999,
全通教育_1300359.csv,2,-7.815,
八一钢铁_0600581.csv,5,-18.3443,
八菱科技_1002592.csv,5,-47.311499999999995,
兰太实业_0600328.csv,2,-3.3761,
兰州黄河_1000929.csv,2,-5.5173000000000005,
兰生股份_0600826.csv,3,-4.5811,
兰花科创_0600123.csv,2,-5.6605,
共进股份_0603118.csv,2,-1.0444,
兴业矿业_1000426.csv,2,-3.6598,
兴业股份_0603928.csv,2,-6.584999999999999,
兴业银行_0601166.csv,3,-2.3830999999999998,
兴化股份_1002109.csv,2,-13.0154,
兴民智通_1002355.csv,1,-6.1497,
兴瑞科技_1002937.csv,1,-9.988,
兴蓉环境_1000598.csv,2,-4.4615,
养元饮品_0603156.csv,2,-1.2092,
冀东水泥_1000401.csv,2,-4.1705,
冀东装备_1000856.csv,5,-10.1555,
冀中能源_1000937.csv,2,-5.6638,
冀凯股份_1002691.csv,3,-17.6221,
内蒙一机_0600967.csv,2,-5.461,
再升科技_0603601.csv,2,-6.170999999999999,
农业银行_0601288.csv,5,-3.4134,
农产品_1000061.csv,2,-5.4123,
农发种业_0600313.csv,6,-8.8452,
冠农股份_0600251.csv,2,-7.947799999999999,
冠城大通_0600067.csv,2,-5.5918,
冰轮环境_1000811.csv,2,-14.943999999999999,
凌云B股_0900957.csv,2,-1.866,
凌云股份_0600480.csv,2,-5.7921,
凌钢股份_0600231.csv,2,-5.7857,
凌霄泵业_1002884.csv,2,-5.3882,
凤凰B股_0900916.csv,7,-3.9779,
凤凰传媒_0601928.csv,4,-6.659199999999999,
凤凰股份_0600716.csv,2,-9.8038,
凤竹纺织_0600493.csv,2,-5.7293,
凯中精密_1002823.csv,2,-8.176300000000001,
凯众股份_0603037.csv,4,-10.6843,
凯伦股份_1300715.csv,2,-0.6232,
凯利泰_1300326.csv,5,-5.8622,
凯发电气_1300407.csv,2,-6.9696,
凯恩股份_1002012.csv,2,-11.5366,
凯撒旅游_1000796.csv,2,-6.8133,
凯文教育_1002659.csv,3,-5.231300000000001,
凯普生物_1300639.csv,2,-7.8101,
凯瑞德_1002072.csv,2,-6.341600000000001,
凯盛科技_0600552.csv,2,-11.4869,
凯美特气_1002549.csv,2,-7.037,
凯马B_0900953.csv,2,-4.1823,
分众传媒_1002027.csv,3,-13.7528,
刚泰控股_0600687.csv,6,-20.825899999999997,
创源文化_1300703.csv,2,-5.2997,
创维数字_1000810.csv,2,-8.5208,
初灵信息_1300250.csv,2,-9.95,
利亚德_1300296.csv,2,-6.2972,
利君股份_1002651.csv,4,-12.5757,
利尔化学_1002258.csv,5,-14.7893,
利欧股份_1002131.csv,2,-5.1874,
利民股份_1002734.csv,2,-7.6586,
利源精制_1002501.csv,5,-22.122199999999996,
利群股份_0601366.csv,2,-5.3728,
利达光电_1002189.csv,2,-4.471299999999999,
利通电子_0603629.csv,2,-7.666399999999999,
剑桥科技_0603083.csv,2,-6.392600000000001,
力星股份_1300421.csv,2,-9.6387,
力生制药_1002393.csv,5,-8.985,
加加食品_1002650.csv,2,-8.0562,
动力源_0600405.csv,2,-9.204,
劲嘉股份_1002191.csv,2,-6.8085,
劲拓股份_1300400.csv,2,-5.8965000000000005,
劲胜智能_1300083.csv,2,-5.3051,
勘设股份_0603458.csv,2,-5.747300000000001,
勤上股份_1002638.csv,2,-10.5398,
包钢股份_0600010.csv,5,-7.1753,
北京利尔_1002392.csv,2,-3.7356,
北京文化_1000802.csv,2,-5.4779,
北京科锐_1002350.csv,2,-5.4138,
北京银行_0601169.csv,1,-0.7937,
北化股份_1002246.csv,6,-15.0664,
北大医药_1000788.csv,2,-8.3825,
北大荒_0600598.csv,2,-5.058,
北巴传媒_0600386.csv,5,-10.462100000000001,
北斗星通_1002151.csv,2,-4.1085,
北新路桥_1002307.csv,2,-14.2576,
北方国际_1000065.csv,2,-9.946,
北方导航_0600435.csv,2,-4.8516,
北方稀土_0600111.csv,1,-5.8369,
北方股份_0600262.csv,4,-11.3504,
北汽蓝谷_0600733.csv,2,-14.711400000000001,
北特科技_0603009.csv,2,-8.9327,
北玻股份_1002613.csv,2,-10.799600000000002,
北部湾港_1000582.csv,2,-9.1204,
北陆药业_1300016.csv,3,-10.2406,
千禾味业_0603027.csv,2,-10.7738,
千红制药_1002550.csv,2,-3.1132,
千金药业_0600479.csv,2,-4.9053,
华业资本_0600240.csv,2,-13.5672,
华东医药_1000963.csv,3,-6.9661,
华东电脑_0600850.csv,2,-7.8976,
华东科技_1000727.csv,2,-6.9093,
华东重机_1002685.csv,2,-6.6013,
华中数控_1300161.csv,2,-3.4885,
华仁药业_1300110.csv,3,-10.857700000000001,
华仪电气_0600290.csv,2,-8.9526,
华伍股份_1300095.csv,2,-5.4142,
华侨城A_1000069.csv,2,-4.0865,
华信新材_1300717.csv,2,-7.2074,
华光股份_0600475.csv,2,-5.8133,
华兰生物_1002007.csv,1,-4.1772,
华凯创意_1300592.csv,2,-6.0339,
华创阳安_0600155.csv,5,-9.145199999999999,
华力创通_1300045.csv,2,-5.9204,
华北制药_0600812.csv,2,-7.2994,
华友钴业_0603799.csv,2,-8.1872,
华发股份_0600325.csv,2,-3.373,
华域汽车_0600741.csv,2,-8.7682,
华培动力_0603121.csv,3,-10.3264,
华塑控股_1000509.csv,1,-7.672,
华夏幸福_0600340.csv,3,-4.2854,
华夏航空_1002928.csv,5,-7.2862,
华夏银行_0600015.csv,2,-3.3216,
华大基因_1300676.csv,2,-6.783899999999999,
华天酒店_1000428.csv,2,-7.283899999999999,
华孚时尚_1002042.csv,2,-3.6139,
华宏科技_1002645.csv,2,-5.2328,
华宝股份_1300741.csv,6,-8.9413,
华峰氨纶_1002064.csv,4,-8.5121,
华峰超纤_1300180.csv,2,-7.1068999999999996,
华帝股份_1002035.csv,5,-15.597999999999999,
华平股份_1300074.csv,3,-11.928899999999999,
华建集团_0600629.csv,2,-4.7368,
华录百纳_1300291.csv,2,-5.4934,
华懋科技_0603306.csv,1,-2.9099,
华扬联众_0603825.csv,5,-7.502,
华控赛格_1000068.csv,3,-22.016399999999997,
华数传媒_1000156.csv,3,-7.7249,
华斯股份_1002494.csv,2,-7.4633,
华昌达_1300278.csv,2,-11.1445,
华明装备_1002270.csv,2,-6.6898,
华映科技_1000536.csv,2,-10.6668,
华林证券_1002945.csv,3,-14.2042,
华森制药_1002907.csv,2,-5.8666,
华正新材_0603186.csv,4,-7.386,
华泰股份_0600308.csv,2,-4.5872,
华海药业_0600521.csv,3,-9.130700000000001,
华润三九_1000999.csv,5,-3.3449,
华润双鹤_0600062.csv,2,-4.5103,
华源控股_1002787.csv,5,-9.160499999999999,
华灿光电_1300323.csv,2,-6.7528,
华瑞股份_1300626.csv,2,-7.457800000000001,
华电B股_0900937.csv,2,-0.8,
华电国际_0600027.csv,2,-6.6176,
华电能源_0600726.csv,2,-6.8092,
华电重工_0601226.csv,7,-15.613499999999998,
华策影视_1300133.csv,3,-9.0017,
华纺股份_0600448.csv,2,-3.7219999999999995,
华统股份_1002840.csv,2,-14.599900000000002,
华联控股_1000036.csv,2,-5.5192,
华联股份_1000882.csv,2,-7.1071,
华能国际_0600011.csv,1,-2.8486,
华自科技_1300490.csv,2,-7.145200000000001,
华英农业_1002321.csv,1,-8.3425,
华荣股份_0603855.csv,5,-8.078,
华菱星马_0600375.csv,2,-7.4366,
华菱精工_0603356.csv,2,-5.5179,
华菱钢铁_1000932.csv,2,-7.2898,
华虹计通_1300330.csv,2,-5.1382,
华西股份_1000936.csv,3,-9.632200000000001,
华西证券_1002926.csv,2,-4.0442,
华讯方舟_1000687.csv,2,-9.497200000000001,
华谊B股_0900909.csv,8,-4.2496,
华谊兄弟_1300027.csv,2,-4.3937,
华谊嘉信_1300071.csv,2,-7.910399999999999,
华谊集团_0600623.csv,4,-10.179099999999998,
华贸物流_0603128.csv,3,-10.0219,
华资实业_0600191.csv,3,-11.4063,
华达科技_0603358.csv,2,-10.343399999999999,
华通医药_1002758.csv,4,-26.0065,
华邦健康_1002004.csv,2,-4.014,
华金资本_1000532.csv,2,-10.543,
华鑫股份_0600621.csv,3,-7.4337,
华钰矿业_0601020.csv,2,-7.010800000000001,
华铁股份_1000976.csv,2,-8.587,
华铭智能_1300462.csv,2,-9.336300000000001,
华银电力_0600744.csv,2,-7.8881000000000006,
华锋股份_1002806.csv,2,-9.7361,
华锦股份_1000059.csv,2,-9.665500000000002,
华闻传媒_1000793.csv,2,-7.8262,
华阳集团_1002906.csv,2,-7.0945,
华鲁恒升_0600426.csv,2,-5.6698,
华鼎股份_0601113.csv,4,-9.7356,
南京公用_1000421.csv,2,-5.9665,
南京化纤_0600889.csv,6,-11.3579,
南京医药_0600713.csv,5,-7.4813,
南京熊猫_0600775.csv,2,-4.2827,
南京聚隆_1300644.csv,2,-6.9405,
南京证券_0601990.csv,2,-5.806100000000001,
南京银行_0601009.csv,2,-5.712,
南京高科_0600064.csv,3,-8.4074,
南华生物_1000504.csv,3,-13.3802,
南国置业_1002305.csv,2,-8.2027,
南大光电_1300346.csv,2,-4.6965,
南威软件_0603636.csv,2,-9.366999999999999,
南宁糖业_1000911.csv,2,-7.6393,
南山控股_1002314.csv,5,-10.327100000000002,
南山铝业_0600219.csv,5,-8.8519,
南岭民爆_1002096.csv,6,-14.4987,
南方传媒_0601900.csv,2,-6.3975,
南方航空_0600029.csv,2,-3.8651,
南方轴承_1002553.csv,2,-7.4705,
南极电商_1002127.csv,2,-4.9780999999999995,
南洋股份_1002212.csv,2,-5.891,
南玻A_1000012.csv,2,-7.231,
南玻B_1200012.csv,2,-5.2044999999999995,
南纺股份_0600250.csv,3,-6.6929,
南都物业_0603506.csv,2,-4.9636,
南都电源_1300068.csv,2,-11.5098,
博世科_1300422.csv,2,-10.0421,
博云新材_1002297.csv,2,-6.2212000000000005,
博信股份_0600083.csv,5,-5.0518,
博天环境_0603603.csv,2,-8.0894,
博实股份_1002698.csv,2,-2.6279,
博思软件_1300525.csv,3,-9.0034,
博敏电子_0603936.csv,2,-9.8223,
博晖创新_1300318.csv,2,-5.5509,
博深工具_1002282.csv,2,-5.3683000000000005,
博瑞传播_0600880.csv,2,-5.5679,
博腾股份_1300363.csv,2,-11.612300000000001,
博迈科_0603727.csv,4,-12.0255,
博通股份_0600455.csv,2,-1.6677,
博闻科技_0600883.csv,6,-12.142,
卧龙地产_0600173.csv,8,-13.938999999999998,
卧龙电气_0600580.csv,2,-1.0988,
卫光生物_1002880.csv,2,-2.8136,
卫士通_1002268.csv,2,-5.975199999999999,
厚普股份_1300471.csv,2,-14.558399999999999,
原尚股份_0603813.csv,2,-6.407500000000001,
厦工股份_0600815.csv,6,-22.078900000000004,
厦门信达_1000701.csv,3,-7.585500000000001,
厦门国贸_0600755.csv,4,-7.5436,
厦门港务_1000905.csv,3,-11.8734,
厦门象屿_0600057.csv,6,-10.520999999999999,
厦门钨业_0600549.csv,5,-10.455499999999999,
友邦吊顶_1002718.csv,2,-5.7821,
友阿股份_1002277.csv,2,-5.9208,
双塔食品_1002481.csv,5,-19.064999999999998,
双成药业_1002693.csv,2,-8.3754,
双星新材_1002585.csv,2,-4.0268,
双林股份_1300100.csv,6,-12.2995,
双汇发展_1000895.csv,3,-3.9200999999999997,
双环传动_1002472.csv,2,-5.9102,
双箭股份_1002381.csv,2,-7.0059000000000005,
双良节能_0600481.csv,2,-7.9039,
双象股份_1002395.csv,3,-6.4693,
双鹭药业_1002038.csv,2,-8.297699999999999,
古越龙山_0600059.csv,5,-8.5026,
可立克_1002782.csv,2,-6.7943,
台华新材_0603055.csv,2,-7.8081,
台海核电_1002366.csv,2,-7.703799999999999,
史丹利_1002588.csv,2,-6.6974,
司尔特_1002538.csv,2,-6.545299999999999,
合众思壮_1002383.csv,5,-11.2603,
合兴包装_1002228.csv,2,-7.4383,
合力泰_1002217.csv,2,-7.6993,
合力科技_0603917.csv,2,-6.7405,
合盛硅业_0603260.csv,4,-8.4619,
合纵科技_1300477.csv,2,-4.982900000000001,
合肥城建_1002208.csv,3,-8.095699999999999,
合诚股份_0603909.csv,4,-8.811,
合金投资_1000633.csv,2,-6.9001,
合锻智能_0603011.csv,2,-5.5467,
吉华集团_0603980.csv,4,-9.6367,
吉宏股份_1002803.csv,3,-6.0849,
吉林化纤_1000420.csv,8,-12.552700000000002,
吉林敖东_1000623.csv,2,-4.683,
吉林森工_0600189.csv,2,-7.6911,
吉林高速_0601518.csv,2,-6.0280000000000005,
吉比特_0603444.csv,2,-2.8362,
吉电股份_1000875.csv,2,-7.6421,
吉祥航空_0603885.csv,2,-4.2116,
吉艾科技_1300309.csv,2,-11.557200000000002,
吉药控股_1300108.csv,3,-8.485,
吉视传媒_0601929.csv,3,-8.4444,
吉鑫科技_0601218.csv,2,-6.8669,
同为股份_1002835.csv,2,-4.8929,
同仁堂_0600085.csv,2,-4.5920000000000005,
同兴达_1002845.csv,3,-8.6341,
同和药业_1300636.csv,2,-7.4098,
同大股份_1300321.csv,2,-5.7574,
同方股份_0600100.csv,8,-22.9296,
同济堂_0600090.csv,2,-5.0591,
同济科技_0600846.csv,2,-12.2483,
同益股份_1300538.csv,2,-4.5923,
同花顺_1300033.csv,2,-9.5312,
名家汇_1300506.csv,1,-5.9359,
名雕股份_1002830.csv,2,-4.6508,
向日葵_1300111.csv,2,-8.3054,
君正集团_0601216.csv,2,-5.0233,
启迪桑德_1000826.csv,2,-5.8260000000000005,
启迪设计_1300500.csv,2,-2.0604,
吴江银行_0603323.csv,2,-3.0151000000000003,
周大生_1002867.csv,2,-3.3432,
和佳股份_1300273.csv,2,-6.1635,
和晶科技_1300279.csv,2,-8.088000000000001,
和而泰_1002402.csv,2,-4.9958,
和胜股份_1002824.csv,2,-7.3197,
和邦生物_0603077.csv,2,-5.3841,
和顺电气_1300141.csv,2,-6.493399999999999,
哈尔斯_1002615.csv,2,-4.9739,
哈药股份_0600664.csv,2,-9.4372,
哈高科_0600095.csv,2,-9.4405,
唐德影视_1300426.csv,2,-7.4468,
商业城_0600306.csv,2,-10.3826,
喜临门_0603008.csv,2,-9.267900000000001,
嘉事堂_1002462.csv,6,-7.9117,
嘉凯城_1000918.csv,3,-5.707,
嘉化能源_0600273.csv,2,-12.6553,
嘉友国际_0603871.csv,2,-5.245,
嘉寓股份_1300117.csv,2,-4.898,
嘉应制药_1002198.csv,2,-12.843599999999999,
嘉欣丝绸_1002404.csv,2,-5.4124,
嘉泽新能_0601619.csv,2,-8.355699999999999,
嘉澳环保_0603822.csv,2,-8.1599,
嘉诚国际_0603535.csv,4,-7.2706,
嘉麟杰_1002486.csv,2,-4.5304,
四创电子_0600990.csv,2,-5.2092,
四川成渝_0601107.csv,2,-4.119,
四川路桥_0600039.csv,2,-5.5415,
四川金顶_0600678.csv,2,-9.5303,
四川长虹_0600839.csv,2,-5.8069,
四方科技_0603339.csv,2,-5.1964,
四方精创_1300468.csv,2,-6.3586,
四方股份_0601126.csv,2,-6.8546000000000005,
四方达_1300179.csv,2,-12.1344,
四环生物_1000518.csv,3,-12.518899999999999,
四维图新_1002405.csv,2,-4.8618999999999994,
四通新材_1300428.csv,2,-6.5769,
四通股份_0603838.csv,3,-5.6181,
园城黄金_0600766.csv,2,-7.8056,
围海股份_1002586.csv,2,-6.5412,
国中水务_0600187.csv,2,-7.075100000000001,
国信证券_1002736.csv,2,-5.689,
国光股份_1002749.csv,5,-7.5398000000000005,
国恩股份_1002768.csv,2,-6.5115,
国投中鲁_0600962.csv,2,-9.3906,
国投电力_0600886.csv,5,-5.505500000000001,
国投资本_0600061.csv,2,-5.047,
国新健康_1000503.csv,2,-9.0302,
国新能源_0600617.csv,2,-11.0326,
国旅联合_0600358.csv,5,-13.8373,
国星光电_1002449.csv,3,-6.2901,
国机汽车_0600335.csv,2,-6.9879,
国机通用_0600444.csv,2,-8.6374,
国检集团_0603060.csv,2,-6.541600000000001,
国民技术_1300077.csv,4,-11.248800000000001,
国泰君安_0601211.csv,2,-2.7203999999999997,
国泰集团_0603977.csv,5,-8.9837,
国海证券_1000750.csv,2,-3.5416999999999996,
国电南瑞_0600406.csv,2,-6.8078,
国电南自_0600268.csv,1,-9.7964,
国电电力_0600795.csv,6,-6.568199999999999,
国盛金控_1002670.csv,2,-3.3208,
国祯环保_1300388.csv,2,-8.7337,
国立科技_1300716.csv,2,-6.3422,
国美通讯_0600898.csv,4,-9.3014,
国联水产_1300094.csv,1,-6.6052,
国脉科技_1002093.csv,2,-14.0569,
国芳集团_0601086.csv,2,-6.8347,
国药一致_1000028.csv,6,-3.8544,
国药股份_0600511.csv,4,-9.557300000000001,
国轩高科_1002074.csv,5,-11.8859,
国际医学_1000516.csv,2,-13.844,
国风塑业_1000859.csv,2,-18.0307,
圆通速递_0600233.csv,2,-6.1891,
圣农发展_1002299.csv,1,-6.5586,
圣济堂_0600227.csv,2,-9.7355,
圣龙股份_0603178.csv,2,-6.0039,
地素时尚_0603587.csv,2,-2.7316000000000003,
均胜电子_0600699.csv,2,-5.5402000000000005,
城市传媒_0600229.csv,2,-4.4388,
塔牌集团_1002233.csv,2,-3.4687,
塞力斯_0603716.csv,2,-13.9887,
士兰微_0600460.csv,2,-9.3271,
复旦复华_0600624.csv,3,-18.6478,
复星医药_0600196.csv,2,-2.7965,
外高B股_0900912.csv,3,-3.7721,
外高桥_0600648.csv,3,-7.8481,
多氟多_1002407.csv,2,-6.9719,
大业股份_0603278.csv,4,-9.141200000000001,
大东方_0600327.csv,2,-5.4652,
大东海A_1000613.csv,2,-9.9434,
大亚圣象_1000910.csv,2,-7.0646,
大众B股_0900903.csv,2,-1.6872,
大众交通_0600611.csv,3,-6.316400000000001,
大众公用_0600635.csv,3,-12.707,
大元泵业_0603757.csv,2,-9.8504,
大冶特钢_1000708.csv,2,-8.1964,
大冷股份_1000530.csv,2,-7.3129,
大千生态_0603955.csv,3,-9.941100000000002,
大参林_0603233.csv,3,-4.4117999999999995,
大名城_0600094.csv,3,-30.033499999999997,
大唐发电_0601991.csv,2,-3.7929000000000004,
大商股份_0600694.csv,2,-5.048500000000001,
大庆华科_1000985.csv,2,-8.849599999999999,
大恒科技_0600288.csv,3,-8.2239,
大族激光_1002008.csv,2,-7.8611,
大晟文化_0600892.csv,3,-14.4286,
大智慧_0601519.csv,3,-7.3085,
大有能源_0600403.csv,2,-8.879999999999999,
大洋电机_1002249.csv,2,-11.4124,
大湖股份_0600257.csv,3,-11.917,
大烨智能_1300670.csv,2,-10.5996,
大理药业_0603963.csv,2,-9.106300000000001,
大秦铁路_0601006.csv,1,-1.5513,
大西洋_0600558.csv,2,-8.422,
大豪科技_0603025.csv,2,-5.4485,
大连重工_1002204.csv,6,-14.392199999999999,
大金重工_1002487.csv,2,-7.391,
天保基建_1000965.csv,2,-6.8663,
天创时尚_0603608.csv,4,-5.160299999999999,
天华院_0600579.csv,5,-7.1096,
天原集团_1002386.csv,2,-10.307400000000001,
天和防务_1300397.csv,6,-24.0871,
天地科技_0600582.csv,2,-4.4926,
天坛生物_0600161.csv,1,-2.1956,
天域生态_0603717.csv,2,-7.8945,
天壕环境_1300332.csv,2,-9.639199999999999,
天夏智慧_1000662.csv,2,-7.601,
天奇股份_1002009.csv,5,-14.1236,
天宇股份_1300702.csv,1,-0.9012,
天安新材_0603725.csv,2,-7.6988,
天宝食品_1002220.csv,2,-12.606200000000001,
天宸股份_0600620.csv,2,-5.904,
天富能源_0600509.csv,3,-18.341800000000003,
天山生物_1300313.csv,5,-16.5291,
天山股份_1000877.csv,2,-7.2278,
天广中茂_1002509.csv,2,-16.5631,
天成控股_0600112.csv,2,-4.2183,
天成自控_0603085.csv,2,-8.5868,
天晟新材_1300169.csv,2,-5.4969,
天桥起重_1002523.csv,2,-7.5013000000000005,
天永智能_0603895.csv,2,-7.775499999999999,
天汽模_1002510.csv,2,-8.4296,
天津普林_1002134.csv,2,-9.1455,
天津松江_0600225.csv,3,-22.8993,
天津港_0600717.csv,2,-5.7037,
天海防务_1300008.csv,6,-18.1652,
天润乳业_0600419.csv,6,-7.4473,
天润曲轴_1002283.csv,3,-9.5182,
天瑞仪器_1300165.csv,2,-7.0428,
天目湖_0603136.csv,2,-4.9745,
天目药业_0600671.csv,1,-7.3529,
天神娱乐_1002354.csv,2,-17.57,
天能重工_1300569.csv,2,-3.5352,
天茂集团_1000627.csv,2,-3.4551,
天药股份_0600488.csv,2,-15.838000000000001,
天赐材料_1002709.csv,2,-4.5029,
天通股份_0600330.csv,4,-7.983899999999999,
天顺股份_1002800.csv,2,-7.149900000000001,
天风证券_0601162.csv,3,-9.59,
天首发展_1000611.csv,2,-8.9036,
天马科技_0603668.csv,3,-6.0301,
天鹅股份_0603029.csv,2,-5.8939,
天齐锂业_1002466.csv,7,-10.6801,
天龙光电_1300029.csv,2,-6.0094,
天龙集团_1300063.csv,2,-6.0374,
太原重工_0600169.csv,2,-7.033799999999999,
太安堂_1002433.csv,2,-4.1946,
太平鸟_0603877.csv,3,-4.6842,
太极集团_0600129.csv,3,-8.889800000000001,
太钢不锈_1000825.csv,2,-8.290600000000001,
太阳纸业_1002078.csv,2,-5.4445,
太阳能_1000591.csv,2,-8.6303,
太龙照明_1300650.csv,2,-5.2148,
太龙药业_0600222.csv,2,-8.6682,
奇信股份_1002781.csv,2,-4.1506,
奇正藏药_1002287.csv,2,-3.9547,
奋达科技_1002681.csv,2,-5.3088,
奥克股份_1300082.csv,2,-7.046799999999999,
奥康国际_0603001.csv,2,-6.7166,
奥拓电子_1002587.csv,2,-13.6841,
奥特佳_1002239.csv,2,-11.407399999999999,
奥特迅_1002227.csv,2,-8.1959,
奥瑞金_1002701.csv,8,-14.193399999999997,
奥翔药业_0603229.csv,4,-6.2029,
奥联电子_1300585.csv,2,-5.7834,
奥飞娱乐_1002292.csv,3,-10.4649,
好当家_0600467.csv,3,-8.4882,
好莱客_0603898.csv,2,-3.1826,
如意集团_1002193.csv,2,-6.7137,
如通股份_0603036.csv,4,-10.2543,
姚记扑克_1002605.csv,4,-9.2476,
威创股份_1002308.csv,2,-8.098600000000001,
威华股份_1002240.csv,2,-12.5666,
威孚高科_1000581.csv,5,-16.4712,
威尔泰_1002058.csv,2,-8.5939,
威尔药业_0603351.csv,1,-1.5967,
威帝股份_0603023.csv,2,-8.2797,
威派格_0603956.csv,4,-8.1806,
威海广泰_1002111.csv,2,-4.563,
威龙股份_0603779.csv,2,-5.1117,
孚日股份_1002083.csv,2,-3.3223,
宁沪高速_0600377.csv,5,-2.9669999999999996,
宁波东力_1002164.csv,2,-10.847999999999999,
宁波中百_0600857.csv,2,-6.9166,
宁波华翔_1002048.csv,2,-3.211,
宁波富达_0600724.csv,2,-6.987,
宁波富邦_0600768.csv,2,-8.042200000000001,
宁波水表_0603700.csv,1,-2.9254,
宁波海运_0600798.csv,7,-15.201700000000002,
宁波热电_0600982.csv,2,-6.3096,
宁波联合_0600051.csv,2,-5.7877,
宁波银行_1002142.csv,3,-2.5082999999999998,
宁波高发_0603788.csv,6,-11.6515,
宁通信B_1200468.csv,5,-6.8236,
宇晶股份_1002943.csv,2,-9.6326,
宇通客车_0600066.csv,2,-13.59,
安信信托_0600816.csv,2,-13.4676,
安利股份_1300218.csv,2,-6.965,
安奈儿_1002875.csv,6,-11.0394,
安居宝_1300155.csv,2,-5.7725,
安德利_0603031.csv,2,-6.072299999999999,
安徽合力_0600761.csv,4,-8.6413,
安控科技_1300370.csv,2,-8.0021,
安正时尚_0603839.csv,2,-6.9958,
安科瑞_1300286.csv,2,-4.5263,
安科生物_1300009.csv,3,-3.0709,
安纳达_1002136.csv,2,-5.9126,
安记食品_0603696.csv,1,-7.1932,
安诺其_1300067.csv,4,-7.9125,
安达维尔_1300719.csv,2,-4.9639,
安道麦A_1000553.csv,2,-5.8503,
安阳钢铁_0600569.csv,2,-7.4559999999999995,
安靠智电_1300617.csv,7,-10.529300000000001,
宋城演艺_1300144.csv,5,-4.0108,
宋都股份_0600077.csv,2,-5.8824,
完美世界_1002624.csv,2,-6.9679,
宏创控股_1002379.csv,5,-10.8035,
宏发股份_0600885.csv,5,-11.0425,
宏图高科_0600122.csv,2,-10.1093,
宏大爆破_1002683.csv,2,-5.4017,
宏川智慧_1002930.csv,2,-10.3415,
宏昌电子_0603002.csv,2,-9.903300000000002,
宏润建设_1002062.csv,2,-5.1225,
宏辉果蔬_0603336.csv,1,-7.0185,
宏达电子_1300726.csv,2,-5.371099999999999,
宏达矿业_0600532.csv,2,-7.2679,
宏达高科_1002144.csv,2,-4.3586,
宗申动力_1001696.csv,2,-16.997600000000002,
宜华木业_0600978.csv,2,-6.223,
宜宾纸业_0600793.csv,2,-6.8774,
宝利国际_1300135.csv,2,-8.068100000000001,
宝德股份_1300023.csv,4,-27.6391,
宝新能源_1000690.csv,5,-6.2124,
宝泰隆_0601011.csv,2,-8.2671,
宝胜股份_0600973.csv,2,-9.3676,
宝色股份_1300402.csv,2,-6.2362,
宝莫股份_1002476.csv,3,-7.8236,
宝莱特_1300246.csv,2,-8.543099999999999,
宝钢包装_0601968.csv,2,-5.0752,
宝钢股份_0600019.csv,2,-4.9184,
宝鹰股份_1002047.csv,2,-4.9858,
实丰文化_1002862.csv,2,-9.7798,
家家悦_0603708.csv,2,-0.9290999999999999,
富临精工_1300432.csv,2,-7.6618,
富安娜_1002327.csv,2,-3.0807,
富春环保_1002479.csv,2,-6.1545,
富森美_1002818.csv,2,-3.5574,
富满电子_1300671.csv,2,-3.2597,
富瀚微_1300613.csv,2,-6.2857,
富煌钢构_1002743.csv,2,-5.1895,
富瑞特装_1300228.csv,2,-9.7581,
寒锐钴业_1300618.csv,2,-6.4846,
小商品城_0600415.csv,2,-7.3696,
小天鹅A_1000418.csv,2,-5.961,
小天鹅B_1200418.csv,2,-3.5021,
小康股份_0601127.csv,2,-7.322699999999999,
尔康制药_1300267.csv,1,-4.7323,
尖峰集团_0600668.csv,1,-5.5663,
尚品宅配_1300616.csv,3,-6.391900000000001,
山东出版_0601019.csv,2,-3.448,
山东华鹏_0603021.csv,2,-5.5929,
山东墨龙_1002490.csv,4,-11.5531,
山东海化_1000822.csv,2,-7.7995,
山东矿机_1002526.csv,2,-7.5666,
山东章鼓_1002598.csv,2,-5.9329,
山东路桥_1000498.csv,2,-4.7468,
山东钢铁_0600022.csv,2,-6.3508,
山东高速_0600350.csv,5,-6.371700000000001,
山大华特_1000915.csv,3,-6.1635,
山推股份_1000680.csv,2,-9.2943,
山煤国际_0600546.csv,3,-4.9193,
山航B_1200152.csv,2,-1.7745,
山西汾酒_0600809.csv,1,-0.9304,
山西焦化_0600740.csv,2,-8.4499,
山西证券_1002500.csv,2,-5.2577,
山西路桥_1000755.csv,1,-3.9724,
山鹰纸业_0600567.csv,2,-4.9078,
岭南控股_1000524.csv,4,-8.6509,
岭南股份_1002717.csv,5,-9.452300000000001,
岳阳兴长_1000819.csv,2,-8.7108,
岷江水电_0600131.csv,1,-6.2082,
峨眉山A_1000888.csv,2,-7.0227,
川投能源_0600674.csv,7,-6.9296,
川环科技_1300547.csv,2,-12.3784,
川能动力_1000155.csv,4,-7.4776,
工商银行_0601398.csv,5,-4.5774,
巨人网络_1002558.csv,2,-4.2718,
巨力索具_1002342.csv,2,-7.893599999999999,
巨化股份_0600160.csv,2,-9.9047,
巨星科技_1002444.csv,2,-4.1288,
巨轮智能_1002031.csv,5,-13.6102,
市北B股_0900902.csv,3,-6.5815,
希努尔_1002485.csv,2,-14.7267,
常宝股份_1002478.csv,2,-5.1059,
常山药业_1300255.csv,1,-6.7217,
常熟汽饰_0603035.csv,2,-4.0695,
常铝股份_1002160.csv,2,-8.0314,
常青股份_0603768.csv,2,-4.441,
平安银行_1000001.csv,2,-4.553,
平治信息_1300571.csv,2,-11.6876,
幸福蓝海_1300528.csv,5,-21.526600000000002,
广东明珠_0600382.csv,2,-7.7341,
广东甘化_1000576.csv,2,-12.094100000000001,
广东骏亚_0603386.csv,2,-9.6886,
广东鸿图_1002101.csv,6,-16.0881,
广信材料_1300537.csv,2,-2.4423,
广博股份_1002103.csv,2,-9.4941,
广发证券_1000776.csv,2,-2.9627000000000003,
广和通_1300638.csv,2,-6.6207,
广宇发展_1000537.csv,2,-8.623000000000001,
广宇集团_1002133.csv,2,-5.5634999999999994,
广安爱众_0600979.csv,6,-11.3805,
广州发展_0600098.csv,2,-5.0515,
广州浪奇_1000523.csv,2,-8.4656,
广州港_0601228.csv,2,-2.2483,
广弘控股_1000529.csv,2,-12.9514,
广晟有色_0600259.csv,3,-8.6008,
广汇汽车_0600297.csv,5,-10.8027,
广汇物流_0600603.csv,4,-11.6875,
广汇能源_0600256.csv,2,-8.8452,
广汽集团_0601238.csv,2,-7.0367,
广济药业_1000952.csv,2,-4.9483,
广深铁路_0601333.csv,5,-5.6469000000000005,
广生堂_1300436.csv,2,-6.6143,
广田集团_1002482.csv,2,-7.777200000000001,
广电电气_0601616.csv,2,-11.0835,
广百股份_1002187.csv,5,-7.4726,
广西广电_0600936.csv,3,-5.4399,
应流股份_0603308.csv,8,-11.497699999999998,
庞大集团_0601258.csv,2,-8.3594,
康力电梯_1002367.csv,3,-11.3474,
康尼机电_0603111.csv,2,-3.9997,
康强电子_1002119.csv,2,-4.9590000000000005,
康德莱_0603987.csv,4,-4.4302,
康拓红外_1300455.csv,2,-5.177,
康斯特_1300445.csv,2,-4.5103,
康旗股份_1300061.csv,2,-8.4449,
康欣新材_0600076.csv,2,-3.1374,
康缘药业_0600557.csv,2,-5.992,
康美药业_0600518.csv,3,-11.4065,
康辰药业_0603590.csv,3,-5.3907,
康达新材_1002669.csv,2,-13.4586,
延华智能_1002178.csv,5,-14.6956,
延江股份_1300658.csv,2,-2.4515,
建研院_0603183.csv,2,-8.0586,
建研集团_1002398.csv,2,-8.7683,
建科院_1300675.csv,5,-8.968900000000001,
建设银行_0601939.csv,2,-2.0345999999999997,
开创国际_0600097.csv,5,-11.9657,
开尔新材_1300234.csv,4,-10.1013,
开山股份_1300257.csv,2,-5.7346,
开开B股_0900943.csv,4,-3.3192,
开开实业_0600272.csv,4,-11.5003,
开润股份_1300577.csv,2,-2.9716,
开能健康_1300272.csv,3,-6.628500000000001,
引力传媒_0603598.csv,4,-14.5365,
弘业股份_0600128.csv,4,-14.8337,
弘亚数控_1002833.csv,2,-2.5524,
弘信电子_1300657.csv,2,-9.4045,
弘宇股份_1002890.csv,2,-6.1204,
弘高创意_1002504.csv,4,-12.5149,
张家港行_1002839.csv,2,-4.8657,
张江高科_0600895.csv,3,-14.0628,
张裕A_1000869.csv,4,-7.1186,
张裕B_1200869.csv,4,-3.4537,
强力新材_1300429.csv,5,-9.3415,
当代东方_1000673.csv,2,-17.1038,
当升科技_1300073.csv,2,-4.6046,
彤程新材_0603650.csv,2,-8.044,
彩虹股份_0600707.csv,2,-7.7686,
彩讯股份_1300634.csv,2,-7.4502,
徐家汇_1002561.csv,2,-4.0001,
徐工机械_1000425.csv,2,-8.107299999999999,
徕木股份_0603633.csv,2,-5.588,
得润电子_1002055.csv,2,-8.6662,
得邦照明_0603303.csv,2,-3.564,
御家汇_1300740.csv,2,-6.459099999999999,
德创环保_0603177.csv,2,-7.7188,
德力股份_1002571.csv,3,-11.7784,
德威新材_1300325.csv,2,-14.6719,
德尔股份_1300473.csv,1,-3.7265,
德展健康_1000813.csv,2,-4.2367,
德新交运_0603032.csv,2,-7.5297,
德豪润达_1002005.csv,2,-11.4632,
德赛电池_1000049.csv,2,-10.0821,
德赛西威_1002920.csv,2,-5.6642,
德邦股份_0603056.csv,2,-5.912100000000001,
必创科技_1300667.csv,2,-7.8924,
志邦家居_0603801.csv,2,-4.2858,
快克股份_0603203.csv,6,-6.6612,
快意电梯_1002774.csv,2,-5.0233,
思源电气_1002028.csv,2,-5.5484,
怡亚通_1002183.csv,2,-6.4009,
怡球资源_0601388.csv,2,-9.4227,
怡达股份_1300721.csv,2,-9.0406,
恒丰纸业_0600356.csv,2,-6.387,
恒为科技_0603496.csv,2,-2.7496,
恒力股份_0600346.csv,4,-7.573600000000001,
恒华科技_1300365.csv,2,-9.2319,
恒基达鑫_1002492.csv,3,-8.114799999999999,
恒大高新_1002591.csv,2,-6.8951,
恒天海龙_1000677.csv,2,-11.3522,
恒康医疗_1002219.csv,2,-12.223500000000001,
恒星科技_1002132.csv,3,-8.995099999999999,
恒泰艾普_1300157.csv,4,-15.8555,
恒润股份_0603985.csv,2,-1.771,
恒源煤电_0600971.csv,2,-7.9008,
恒瑞医药_0600276.csv,1,-2.457,
恒生电子_0600570.csv,2,-5.0297,
恒立实业_1000622.csv,3,-14.4613,
恒立液压_0601100.csv,1,-4.7651,
恒通科技_1300374.csv,2,-8.1066,
恒通股份_0603223.csv,5,-10.330000000000002,
恒逸石化_1000703.csv,4,-4.7862,
恒铭达_1002947.csv,3,-9.3579,
恒顺众N_1300208.csv,2,-19.953200000000002,
恒顺醋业_0600305.csv,3,-5.8506,
恩华药业_1002262.csv,2,-5.8597,
恺英网络_1002517.csv,4,-15.0349,
悦心健康_1002162.csv,7,-22.6518,
悦达投资_0600805.csv,2,-14.4618,
惠伦晶体_1300460.csv,5,-11.686,
惠博普_1002554.csv,4,-11.439499999999999,
惠天热电_1000692.csv,2,-8.8195,
惠威科技_1002888.csv,2,-8.258099999999999,
惠泉啤酒_0600573.csv,2,-7.7166,
惠达卫浴_0603385.csv,2,-6.1985,
意华股份_1002897.csv,2,-15.6952,
慈文传媒_1002343.csv,2,-9.4822,
成都路桥_1002628.csv,2,-11.314,
成都银行_0601838.csv,2,-1.6195,
成飞集成_1002190.csv,4,-11.224599999999999,
我乐家居_0603326.csv,2,-2.3285,
我爱我家_1000560.csv,2,-4.444100000000001,
戴维医疗_1300314.csv,2,-6.6530000000000005,
扬农化工_0600486.csv,3,-6.1685,
扬帆新材_1300637.csv,2,-8.487400000000001,
扬杰科技_1300373.csv,2,-5.988,
承德露露_1000848.csv,3,-5.4557,
报喜鸟_1002154.csv,2,-6.2834,
拉夏贝尔_0603157.csv,2,-6.3145,
拉芳家化_0603630.csv,2,-4.803100000000001,
拓斯达_1300607.csv,2,-4.6163,
拓日新能_1002218.csv,5,-13.0698,
拓普集团_0601689.csv,2,-4.642,
招商公路_1001965.csv,2,-3.5571,
招商港口_1001872.csv,2,-7.3077,
招商蛇口_1001979.csv,2,-3.2315,
招商轮船_0601872.csv,2,-4.4167,
招商银行_0600036.csv,2,-4.0535,
振华B股_0900947.csv,2,-1.519,
振华重工_0600320.csv,2,-6.2554,
振德医疗_0603301.csv,3,-1.7054,
振江股份_0603507.csv,2,-4.2501,
振芯科技_1300101.csv,2,-6.8365,
振静股份_0603477.csv,2,-8.803899999999999,
捷佳伟创_1300724.csv,3,-17.1113,
捷捷微电_1300623.csv,2,-9.176,
捷昌驱动_0603583.csv,2,-3.9598000000000004,
捷顺科技_1002609.csv,2,-8.4138,
探路者_1300005.csv,2,-4.7945,
搜于特_1002503.csv,2,-7.73,
攀钢钒钛_1000629.csv,2,-5.357,
敦煌种业_0600354.csv,2,-9.9338,
数字认证_1300579.csv,2,-19.9938,
文一科技_0600520.csv,2,-4.7283,
文化长城_1300089.csv,2,-5.4788,
文山电力_0600995.csv,2,-7.2892,
文峰股份_0601010.csv,2,-7.861,
文投控股_0600715.csv,6,-20.6363,
文灿股份_0603348.csv,6,-17.0023,
文科园林_1002775.csv,2,-5.5076,
斯太尔_1000760.csv,2,-14.0028,
斯莱克_1300382.csv,2,-8.8219,
新世界_0600628.csv,2,-4.8081,
新乳业_1002946.csv,1,-10.0053,
新五丰_0600975.csv,2,-10.848899999999999,
新亚制程_1002388.csv,2,-5.255,
新余国科_1300722.csv,2,-3.7967,
新兴装备_1002933.csv,2,-6.7796,
新农开发_0600359.csv,2,-6.7174,
新农股份_1002942.csv,5,-9.8616,
新凤鸣_0603225.csv,2,-4.1129,
新力金融_0600318.csv,2,-5.3085,
新劲刚_1300629.csv,2,-6.218299999999999,
新华传媒_0600825.csv,3,-11.6982,
新华制药_1000756.csv,5,-11.574600000000002,
新华医疗_0600587.csv,5,-7.904499999999999,
新华网_0603888.csv,3,-9.5262,
新华联_1000620.csv,7,-11.815100000000001,
新华都_1002264.csv,2,-7.9964,
新华锦_0600735.csv,2,-7.9351,
新和成_1002001.csv,3,-5.9969,
新坐标_0603040.csv,2,-4.3255,
新大洲A_1000571.csv,5,-21.595,
新天然气_0603393.csv,2,-5.2065,
新天药业_1002873.csv,2,-5.88,
新奥股份_0600803.csv,2,-4.5804,
新安股份_0600596.csv,3,-6.3911999999999995,
新宏泰_0603016.csv,3,-7.2696000000000005,
新宙邦_1300037.csv,7,-9.808300000000003,
新宝股份_1002705.csv,2,-3.5838,
新文化_1300336.csv,2,-7.2095,
新日恒力_0600165.csv,4,-21.831899999999997,
新日股份_0603787.csv,2,-7.7722,
新易盛_1300502.csv,2,-2.7276,
新智认知_0603869.csv,2,-3.7237999999999998,
新泉股份_0603179.csv,2,-8.5022,
新洋丰_1000902.csv,2,-1.4493,
新湖中宝_0600208.csv,5,-8.1793,
新潮能源_0600777.csv,2,-14.638200000000001,
新澳股份_0603889.csv,2,-3.7588,
新界泵业_1002532.csv,2,-5.56,
新疆交建_1002941.csv,2,-13.2256,
新疆众和_0600888.csv,2,-7.6617,
新疆天业_0600075.csv,2,-11.231900000000001,
新疆浩源_1002700.csv,2,-13.3519,
新疆火炬_0603080.csv,2,-10.3543,
新研股份_1300159.csv,2,-6.352,
新纶科技_1002341.csv,3,-8.3975,
新美星_1300509.csv,2,-6.779,
新赛股份_0600540.csv,2,-10.686499999999999,
新通联_0603022.csv,4,-11.2643,
新野纺织_1002087.csv,2,-5.826,
新钢股份_0600782.csv,5,-15.2039,
新集能源_0601918.csv,2,-6.8372,
方大特钢_0600507.csv,1,-2.6081,
方正科技_0600601.csv,8,-7.096100000000001,
方正证券_0601901.csv,2,-5.8452,
方盛制药_0603998.csv,2,-7.9795,
旗滨集团_0601636.csv,2,-7.2417,
无锡银行_0600908.csv,5,-6.5659,
日上集团_1002593.csv,2,-10.518099999999999,
日出东方_0603366.csv,2,-5.7851,
日播时尚_0603196.csv,2,-7.673,
日机密封_1300470.csv,5,-7.6084,
日盈电子_0603286.csv,2,-5.2069,
日科化学_1300214.csv,2,-6.697900000000001,
旭升股份_0603305.csv,7,-14.976400000000002,
时代万恒_0600241.csv,2,-16.9719,
时代出版_0600551.csv,2,-5.502800000000001,
时代新材_0600458.csv,1,-6.2888,
旷达科技_1002516.csv,2,-8.1424,
旺能环境_1002034.csv,2,-5.0001,
昂利康_1002940.csv,2,-4.907500000000001,
昆药集团_0600422.csv,2,-9.9929,
N兴股份_1002752.csv,2,-5.7318,
昊华能源_0601101.csv,2,-4.3634,
昌红科技_1300151.csv,2,-4.6854000000000005,
明德生物_1002932.csv,2,-10.0155,
明星电力_0600101.csv,2,-5.8385,
明泰铝业_0601677.csv,5,-5.725600000000001,
明牌珠宝_1002574.csv,4,-11.1732,
易尚展示_1002751.csv,3,-9.795200000000001,
易德龙_0603380.csv,1,-5.0189,
易成新能_1300080.csv,2,-4.1172,
易明医药_1002826.csv,2,-5.736800000000001,
易联众_1300096.csv,5,-9.5104,
易见股份_0600093.csv,2,-9.1772,
星云股份_1300648.csv,2,-7.883500000000001,
星光农机_0603789.csv,2,-4.7521,
星帅尔_1002860.csv,2,-8.7025,
星星科技_1300256.csv,2,-10.4942,
星期六_1002291.csv,3,-12.5486,
星源材质_1300568.csv,2,-7.1889,
星网宇达_1002829.csv,5,-6.818,
星辉娱乐_1300043.csv,1,-7.0568,
春光科技_0603657.csv,2,-4.183,
春兰股份_0600854.csv,2,-7.4305,
春秋航空_0601021.csv,2,-2.2845,
昭衍新药_0603127.csv,2,-4.3523,
晋西车轴_0600495.csv,2,-7.3889,
晓程科技_1300139.csv,2,-18.5544,
晨光生物_1300138.csv,2,-17.1764,
晨化股份_1300610.csv,3,-7.9901,
晨曦航空_1300581.csv,2,-8.6189,
晨鸣B_1200488.csv,2,-1.4558000000000002,
晨鸣纸业_1000488.csv,2,-5.8483,
普利特_1002324.csv,5,-8.7163,
普路通_1002769.csv,2,-7.4818,
普邦股份_1002663.csv,4,-9.3835,
景兴纸业_1002067.csv,2,-6.9914000000000005,
景嘉微_1300474.csv,2,-5.6848,
景峰医药_1000908.csv,2,-6.292299999999999,
景旺电子_0603228.csv,2,-3.8847,
晶华新材_0603683.csv,2,-14.1698,
晶瑞股份_1300655.csv,2,-6.3805000000000005,
智云股份_1300097.csv,2,-9.243200000000002,
智度股份_1000676.csv,2,-8.0338,
智慧松德_1300173.csv,5,-16.8809,
暴风集团_1300431.csv,5,-15.285400000000001,
曲江文旅_0600706.csv,4,-12.3733,
曲美家居_0603818.csv,2,-3.5714,
有研新材_0600206.csv,2,-7.6530000000000005,
朗姿股份_1002612.csv,2,-5.406700000000001,
朗新科技_1300682.csv,4,-15.4807,
朗迪集团_0603726.csv,2,-6.603400000000001,
木林森_1002745.csv,2,-7.4872,
未名医药_1002581.csv,2,-9.052999999999999,
本钢板材_1000761.csv,3,-6.3260000000000005,
机器人_1300024.csv,2,-4.1911,
机电B股_0900925.csv,2,-0.5319,
杉杉股份_0600884.csv,2,-8.6835,
杭叉集团_0603298.csv,2,-4.5419,
杭州园林_1300649.csv,2,-5.2044,
杭州解百_0600814.csv,2,-3.9739,
杭州银行_0600926.csv,5,-5.3161000000000005,
杭汽轮B_1200771.csv,2,-3.334,
杭萧钢构_0600477.csv,2,-4.7008,
杭钢股份_0600126.csv,2,-6.0954999999999995,
杭锅股份_1002534.csv,2,-5.6833,
杭齿前进_0601177.csv,7,-11.9051,
杰克股份_0603337.csv,2,-3.177,
杰瑞股份_1002353.csv,4,-12.1245,
林州重机_1002535.csv,2,-10.0595,
林海股份_0600099.csv,2,-3.4642,
柘中股份_1002346.csv,3,-8.6404,
柳工_1000528.csv,2,-8.2233,
柳钢股份_0601003.csv,2,-6.3271999999999995,
标准股份_0600302.csv,2,-9.5116,
栖霞建设_0600533.csv,2,-5.6009,
株冶集团_0600961.csv,8,-20.543000000000003,
格力地产_0600185.csv,2,-4.5336,
格尔软件_0603232.csv,2,-9.0771,
格林美_1002340.csv,2,-5.5135000000000005,
桂东电力_0600310.csv,2,-7.7318,
桂冠电力_0600236.csv,7,-4.4035,
桂发祥_1002820.csv,2,-2.5245,
桂林三金_1002275.csv,2,-4.846,
桂林旅游_1000978.csv,4,-9.058,
桐昆股份_0601233.csv,3,-6.3893,
梅花生物_0600873.csv,2,-5.9208,
梅轮电梯_0603321.csv,5,-15.1547,
梅雁吉祥_0600868.csv,3,-26.8364,
梦百合_0603313.csv,2,-2.3933999999999997,
梦网集团_1002123.csv,2,-5.9986,
梦舟股份_0600255.csv,2,-15.5032,
棒杰股份_1002634.csv,2,-8.0369,
棕榈股份_1002431.csv,2,-6.2845,
森源电气_1002358.csv,2,-5.415900000000001,
森远股份_1300210.csv,2,-9.050899999999999,
森霸传感_1300701.csv,3,-10.5303,
楚天科技_1300358.csv,2,-4.9539,
楚天高速_0600035.csv,5,-8.0152,
楚江新材_1002171.csv,2,-4.3478,
榕基软件_1002474.csv,2,-7.5837,
模塑科技_1000700.csv,2,-9.6971,
横店东磁_1002056.csv,5,-12.4421,
横店影视_0603103.csv,5,-18.21,
横河模具_1300539.csv,2,-8.3255,
欢瑞世纪_1000892.csv,2,-11.896700000000001,
欣锐科技_1300745.csv,2,-12.6395,
欧亚集团_0600697.csv,3,-3.9278,
欧比特_1300053.csv,2,-9.3056,
欧派家居_0603833.csv,3,-2.2198,
歌华有线_0600037.csv,3,-5.7933,
正业科技_1300410.csv,2,-4.4761,
正丹股份_1300641.csv,2,-6.8957,
正泰电器_0601877.csv,2,-9.825199999999999,
步森股份_1002569.csv,3,-16.744799999999998,
步步高_1002251.csv,2,-7.3947,
步长制药_0603858.csv,2,-1.6335,
武汉中商_1000785.csv,2,-5.179399999999999,
武汉控股_0600168.csv,2,-6.758800000000001,
毅昌股份_1002420.csv,2,-9.1587,
比亚迪_1002594.csv,2,-4.8467,
民丰特纸_0600235.csv,1,-9.8168,
民德电子_1300656.csv,2,-5.7563,
民生银行_0600016.csv,5,-5.3850999999999996,
氯碱B股_0900908.csv,2,-3.1464,
氯碱化工_0600618.csv,2,-11.5306,
永东股份_1002753.csv,2,-9.5017,
永兴特钢_1002756.csv,2,-6.9426,
永创智能_0603901.csv,2,-4.6136,
永利股份_1300230.csv,2,-5.546399999999999,
永和智控_1002795.csv,7,-8.974499999999999,
永太科技_1002326.csv,2,-5.547499999999999,
永安林业_1000663.csv,7,-11.826199999999998,
永安行_0603776.csv,2,-8.9914,
永悦科技_0603879.csv,2,-5.9775,
永新光学_0603297.csv,1,-9.5708,
永泰能源_0600157.csv,2,-9.798,
永清环保_1300187.csv,2,-17.613,
永福股份_1300712.csv,2,-6.1861,
永鼎股份_0600105.csv,2,-6.5602,
汇嘉时代_0603101.csv,4,-8.2665,
汇川技术_1300124.csv,5,-8.5592,
汇得科技_0603192.csv,2,-6.874,
汇洁股份_1002763.csv,1,-0.9793,
汇通能源_0600605.csv,2,-5.9495000000000005,
汇金通_0603577.csv,2,-8.6425,
汇鸿集团_0600981.csv,4,-12.2309,
汉商集团_0600774.csv,4,-7.7744,
汉嘉设计_1300746.csv,2,-7.510000000000001,
汉宇集团_1300403.csv,2,-5.2087,
汉森制药_1002412.csv,4,-15.1619,
江中药业_0600750.csv,2,-3.2504,
江丰电子_1300666.csv,2,-6.4645,
江化微_0603078.csv,2,-6.9753,
江南水务_0601199.csv,2,-7.5382,
江南高纤_0600527.csv,2,-6.3099,
江山欧派_0603208.csv,2,-6.8726,
江河集团_0601886.csv,3,-5.3394,
江泉实业_0600212.csv,2,-11.979600000000001,
江海股份_1002484.csv,2,-6.4971,
江淮汽车_0600418.csv,2,-6.0454,
江特电机_1002176.csv,2,-9.776,
江苏吴中_0600200.csv,3,-10.372399999999999,
江苏国信_1002608.csv,5,-13.779499999999999,
江苏国泰_1002091.csv,3,-6.6094,
江苏新能_0603693.csv,2,-10.5803,
江苏有线_0600959.csv,3,-6.221699999999999,
江苏神通_1002438.csv,2,-4.7863,
江苏租赁_0600901.csv,2,-5.8299,
江苏银行_0600919.csv,8,-6.2941,
江苏阳光_0600220.csv,2,-6.7919,
江苏雷利_1300660.csv,2,-4.8133,
江西铜业_0600362.csv,2,-5.1532,
江西长运_0600561.csv,2,-7.239800000000001,
江铃B_1200550.csv,2,-6.318,
江铃汽车_1000550.csv,2,-4.27,
江阴银行_1002807.csv,2,-3.7851999999999997,
江龙船艇_1300589.csv,6,-17.1507,
沃华医药_1002107.csv,2,-4.7052000000000005,
沃尔核材_1002130.csv,2,-9.1853,
沃格光电_0603773.csv,1,-10.0,
沃森生物_1300142.csv,2,-5.8369,
沈阳机床_1000410.csv,2,-6.2136,
沙河股份_1000014.csv,2,-6.8002,
沙钢股份_1002075.csv,2,-9.7422,
沧州大化_0600230.csv,3,-18.365,
沧州明珠_1002108.csv,2,-7.5617,
沪宁股份_1300669.csv,2,-5.2339,
沪电股份_1002463.csv,2,-5.5995,
河北宣工_1000923.csv,2,-4.3991,
河钢股份_1000709.csv,2,-4.4069,
泛海控股_1000046.csv,2,-7.0029,
泰合健康_1000790.csv,3,-8.981499999999999,
泰和新材_1002254.csv,6,-9.14,
泰嘉股份_1002843.csv,2,-5.7389,
泰山石油_1000554.csv,4,-11.1778,
泰永长征_1002927.csv,2,-10.6204,
泰瑞机器_0603289.csv,2,-1.2495,
泰禾光电_0603656.csv,2,-5.0184,
泰达股份_1000652.csv,2,-6.4651,
洋河股份_1002304.csv,3,-3.7990000000000004,
洛凯股份_0603829.csv,3,-23.299,
洛阳玻璃_0600876.csv,2,-6.6962,
洛阳钼业_0603993.csv,2,-5.0587,
津劝业_0600821.csv,2,-7.715,
津膜科技_1300334.csv,2,-6.8004,
洪城水业_0600461.csv,2,-4.7029,
洪涛股份_1002325.csv,2,-10.097999999999999,
洲明科技_1300232.csv,2,-5.7009,
洽洽食品_1002557.csv,2,-7.4651,
浙商证券_0601878.csv,2,-4.8217,
浙数文化_0600633.csv,2,-4.175000000000001,
浙江世宝_1002703.csv,2,-10.77,
浙江东方_0600120.csv,2,-6.0717,
浙江东日_0600113.csv,2,-7.3393,
浙江交科_1002061.csv,2,-10.2661,
浙江医药_0600216.csv,1,-1.6086,
浙江广厦_0600052.csv,2,-4.8676,
浙江美大_1002677.csv,1,-1.6727,
浙江震元_1000705.csv,2,-6.4106,
浙江鼎力_0603338.csv,2,-2.5164999999999997,
浙江龙盛_0600352.csv,4,-7.8344,
浙能电力_0600023.csv,2,-3.1079999999999997,
浦东建设_0600284.csv,3,-10.8912,
浦发银行_0600000.csv,5,-5.862,
浩丰科技_1300419.csv,2,-6.0524,
浩云科技_1300448.csv,2,-4.9422999999999995,
浩物股份_1000757.csv,2,-2.921,
浪潮软件_0600756.csv,2,-6.539899999999999,
海伦哲_1300201.csv,2,-6.71,
海伦钢琴_1300329.csv,2,-2.7729,
海信电器_0600060.csv,5,-8.469899999999999,
海兴电力_0603556.csv,2,-4.2928,
海创B股_0900955.csv,5,-4.723599999999999,
海利得_1002206.csv,8,-12.136199999999999,
海南橡胶_0601118.csv,2,-8.8286,
海南海药_1000566.csv,1,-8.4555,
海南瑞泽_1002596.csv,5,-14.1977,
海南矿业_0601969.csv,2,-5.3805,
海南高速_1000886.csv,2,-7.054500000000001,
海印股份_1000861.csv,2,-6.8185,
海天味业_0603288.csv,1,-2.627,
海天精工_0601882.csv,2,-7.1784,
海宁皮城_1002344.csv,2,-5.8759,
海容冷链_0603187.csv,3,-5.491200000000001,
海峡环保_0603817.csv,4,-9.9391,
海峡股份_1002320.csv,4,-9.3222,
海川智能_1300720.csv,2,-3.636,
海康威视_1002415.csv,5,-9.203400000000002,
海德股份_1000567.csv,2,-13.297799999999999,
海思科_1002653.csv,2,-6.4375,
海控B股_0900945.csv,2,-1.6216,
海普瑞_1002399.csv,2,-1.5161,
海格通信_1002465.csv,2,-6.1629,
海欣B股_0900917.csv,8,-5.0604,
海欣食品_1002702.csv,2,-2.2814,
海正药业_0600267.csv,2,-5.275,
海汽集团_0603069.csv,2,-6.9054,
海油工程_0600583.csv,4,-9.5913,
海泰发展_0600082.csv,3,-10.192300000000001,
海源复材_1002529.csv,2,-11.6023,
海澜之家_0600398.csv,7,-9.874799999999999,
海特高新_1002023.csv,2,-6.3253,
海王生物_1000078.csv,5,-6.8831,
海立B股_0900910.csv,2,-1.1408,
海立股份_0600619.csv,2,-4.9032,
海联金汇_1002537.csv,3,-11.052,
海能达_1002583.csv,2,-4.7622,
海航创新_0600555.csv,2,-8.6402,
海航基础_0600515.csv,2,-4.9349,
海航投资_1000616.csv,5,-9.0745,
海航控股_0600221.csv,2,-4.5564,
海螺型材_1000619.csv,2,-5.1757,
海螺水泥_0600585.csv,2,-3.0214000000000003,
海越能源_0600387.csv,3,-13.7263,
海辰药业_1300584.csv,2,-3.9008000000000003,
海达股份_1300320.csv,2,-7.6352,
海陆重工_1002255.csv,2,-6.6533,
海顺新材_1300501.csv,2,-3.1599,
海马汽车_1000572.csv,2,-9.8732,
海鸥住工_1002084.csv,2,-6.6111,
海默科技_1300084.csv,4,-12.707899999999999,
润建通信_1002929.csv,2,-6.5487,
润禾材料_1300727.csv,2,-7.9144000000000005,
润达医疗_0603108.csv,2,-4.8123,
涪陵榨菜_1002507.csv,3,-3.3240999999999996,
涪陵电力_0600452.csv,2,-6.684200000000001,
淮北矿业_0600985.csv,2,-4.2686,
深中华A_1000017.csv,2,-6.9087,
深中华B_1200017.csv,5,-5.8241000000000005,
深冷股份_1300540.csv,4,-29.6505,
深华发B_1200020.csv,6,-2.4570000000000003,
深南电A_1000037.csv,3,-13.4513,
深圳惠程_1002168.csv,2,-8.0612,
深圳新星_0603978.csv,2,-7.9063,
深圳机场_1000089.csv,5,-4.1445,
深圳燃气_0601139.csv,2,-3.4556,
深圳能源_1000027.csv,2,-4.65,
深大通_1000038.csv,2,-13.4053,
深天马A_1000050.csv,2,-13.0804,
深康佳A_1000016.csv,2,-7.103,
深康佳B_1200016.csv,3,-3.125,
深振业A_1000006.csv,2,-5.5857,
深深宝A_1000019.csv,2,-3.0787,
深深宝B_1200019.csv,6,-4.777,
深物业A_1000011.csv,2,-4.7028,
深赛格B_1200058.csv,5,-3.8127,
深赛格_1000058.csv,3,-11.6308,
深高速_0600548.csv,2,-2.6004,
淳中科技_0603516.csv,2,-5.5607,
清水源_1300437.csv,2,-9.1856,
清源股份_0603628.csv,2,-9.299,
渝三峡A_1000565.csv,2,-8.5722,
渝开发_1000514.csv,3,-10.165700000000001,
渤海汽车_0600960.csv,2,-9.6187,
渤海租赁_1000415.csv,5,-11.6792,
渤海股份_1000605.csv,2,-4.9998,
温州宏丰_1300283.csv,2,-20.0529,
温氏股份_1300498.csv,1,-3.8943,
游久游戏_0600652.csv,4,-18.350499999999997,
游族网络_1002174.csv,6,-16.1271,
湖北广电_1000665.csv,3,-5.753,
湖北能源_1000883.csv,8,-9.251999999999999,
湖南发展_1000722.csv,3,-7.8894,
湖南投资_1000548.csv,2,-8.7148,
湖南盐业_0600929.csv,2,-8.1214,
湘油泵_0603319.csv,2,-6.0395,
湘潭电化_1002125.csv,2,-5.8395,
湘邮科技_0600476.csv,2,-9.586500000000001,
溢多利_1300381.csv,3,-4.9460999999999995,
滨化股份_0601678.csv,2,-12.093900000000001,
滨海能源_1000695.csv,2,-5.0877,
漫步者_1002351.csv,4,-12.6905,
漳泽电力_1000767.csv,2,-8.0587,
潍柴动力_1000338.csv,2,-9.037600000000001,
潍柴重机_1000880.csv,2,-5.4388,
潜能恒信_1300191.csv,2,-6.4062,
潞安环能_0601699.csv,2,-4.5579,
潮宏基_1002345.csv,2,-7.269299999999999,
澄天伟业_1300689.csv,5,-11.9724,
澄星股份_0600078.csv,2,-4.0225,
澳柯玛_0600336.csv,2,-7.1712,
澳洋健康_1002172.csv,2,-7.5139000000000005,
濮耐股份_1002225.csv,2,-5.816400000000001,
濮阳惠成_1300481.csv,2,-14.0079,
瀚叶股份_0600226.csv,3,-15.2675,
瀚蓝环境_0600323.csv,2,-6.0709,
灵康药业_0603669.csv,2,-4.5382,
炼石航空_1000697.csv,2,-6.2328,
烽火通信_0600498.csv,2,-6.681,
焦作万方_1000612.csv,6,-9.8533,
燕京啤酒_1000729.csv,4,-7.5153,
燕塘乳业_1002732.csv,2,-6.1541999999999994,
爱仕达_1002403.csv,2,-4.723,
爱康科技_1002610.csv,2,-7.6311,
爱建集团_0600643.csv,2,-6.6488000000000005,
爱普股份_0603020.csv,2,-8.2225,
爱柯迪_0600933.csv,2,-5.893800000000001,
片仔癀_0600436.csv,5,-6.8641,
牧原股份_1002714.csv,1,-7.7505,
牧高笛_0603908.csv,1,-10.0,
物产中大_0600704.csv,2,-6.382,
物贸B股_0900927.csv,3,-1.4445999999999999,
特一药业_1002728.csv,2,-4.8199000000000005,
特力A_1000025.csv,3,-7.504300000000001,
特变电工_0600089.csv,2,-5.646800000000001,
猛狮科技_1002684.csv,2,-13.5927,
獐子岛_1002069.csv,6,-14.691499999999998,
王府井_0600859.csv,5,-10.602599999999999,
环旭电子_0601231.csv,7,-13.5979,
环能科技_1300425.csv,2,-7.5359,
现代制药_0600420.csv,2,-5.1609,
现代投资_1000900.csv,2,-7.6084,
玲珑轮胎_0601966.csv,6,-9.698500000000001,
珈伟新能_1300317.csv,2,-9.9363,
珍宝岛_0603567.csv,3,-5.850300000000001,
珠江啤酒_1002461.csv,4,-11.0249,
珠江实业_0600684.csv,2,-7.8669,
珠海中富_1000659.csv,1,-3.1609,
珠海港_1000507.csv,2,-6.4228000000000005,
理工光科_1300557.csv,2,-6.780200000000001,
瑞丰光电_1300241.csv,2,-10.5831,
瑞丰高材_1300243.csv,2,-8.989,
瑞凌股份_1300154.csv,2,-6.4257,
瑞和股份_1002620.csv,2,-5.5331,
瑞尔特_1002790.csv,2,-1.9689999999999999,
瑞康医药_1002589.csv,3,-5.1549,
瑞普生物_1300119.csv,2,-14.5139,
瑞茂通_0600180.csv,3,-9.7036,
瑞贝卡_0600439.csv,2,-5.7425,
瓦轴B_1200706.csv,5,-3.9007,
甘肃电投_1000791.csv,6,-12.326199999999998,
生意宝_1002095.csv,2,-7.1291,
生益科技_0600183.csv,1,0.0,
申万宏源_1000166.csv,2,-2.552,
申能股份_0600642.csv,5,-4.9293,
申通地铁_0600834.csv,3,-5.439900000000001,
申通快递_1002468.csv,2,-3.6147,
电光科技_1002730.csv,2,-8.5421,
电子城_0600658.csv,3,-6.371,
电工合金_1300697.csv,2,-7.3764,
电广传媒_1000917.csv,3,-12.1934,
电科院_1300215.csv,2,-4.7794,
电魂网络_0603258.csv,2,-6.8551,
畅联股份_0603648.csv,3,-6.7076,
界龙实业_0600836.csv,7,-12.1519,
登海种业_1002041.csv,2,-12.7075,
白云山_0600332.csv,1,-2.6549,
白云电器_0603861.csv,2,-4.4024,
白银有色_0601212.csv,2,-6.1944,
百傲化学_0603360.csv,1,-6.7164,
百利电气_0600468.csv,2,-9.1569,
百大集团_0600865.csv,2,-4.911099999999999,
百川股份_1002455.csv,2,-5.7848,
百川能源_0600681.csv,5,-9.3625,
百洋股份_1002696.csv,3,-8.3599,
百联股份_0600827.csv,2,-2.9211,
百花村_0600721.csv,2,-12.9191,
百达精工_0603331.csv,2,-5.7526,
百邦科技_1300736.csv,5,-9.7192,
百隆东方_0601339.csv,2,-3.4592,
皇庭B_1200056.csv,2,-4.513199999999999,
皇庭国际_1000056.csv,2,-11.7391,
皇马科技_0603181.csv,2,-5.6957,
皖天然气_0603689.csv,2,-3.2287000000000003,
皖新传媒_0601801.csv,5,-12.6432,
皖维高新_0600063.csv,2,-5.3232,
皖能电力_1000543.csv,2,-6.262600000000001,
皖通高速_0600012.csv,2,-5.8765,
皮阿诺_1002853.csv,2,-6.9033999999999995,
益佰制药_0600594.csv,2,-5.3623,
益民集团_0600824.csv,5,-8.970500000000001,
益盛药业_1002566.csv,2,-8.325700000000001,
盐田港_1000088.csv,5,-14.029599999999999,
盘江股份_0600395.csv,2,-4.6719,
盘龙药业_1002864.csv,5,-13.6751,
盛和资源_0600392.csv,3,-7.788400000000001,
盛屯矿业_0600711.csv,2,-7.522,
盛弘股份_1300693.csv,2,-6.9839,
盛讯达_1300518.csv,2,-8.7348,
盛达矿业_1000603.csv,2,-4.4963999999999995,
盛运环保_1300090.csv,2,-20.182000000000002,
盛通股份_1002599.csv,2,-6.8044,
盾安环境_1002011.csv,2,-8.601099999999999,
省广集团_1002400.csv,3,-8.2231,
真视通_1002771.csv,2,-8.0597,
睿能科技_0603933.csv,2,-8.0504,
石化机械_1000852.csv,4,-10.1742,
石基信息_1002153.csv,2,-5.3774,
石大胜华_0603026.csv,4,-16.848300000000002,
石英股份_0603688.csv,2,-6.9756,
硅宝科技_1300019.csv,2,-8.3537,
碧水源_1300070.csv,2,-6.1916,
碳元科技_0603133.csv,2,-11.7903,
祁连山_0600720.csv,2,-6.856199999999999,
神农基因_1300189.csv,2,-4.3434,
神剑股份_1002361.csv,2,-6.6649,
神力股份_0603819.csv,2,-4.3178,
神奇B股_0900904.csv,2,-2.2227,
神奇制药_0600613.csv,2,-7.5557,
神州长城_1000018.csv,2,-10.354600000000001,
神思电子_1300479.csv,2,-7.8643,
神火股份_1000933.csv,2,-8.6516,
神雾环保_1300156.csv,2,-15.6878,
神雾节能_1000820.csv,2,-10.0806,
祥和实业_0603500.csv,4,-7.3004,
祥源文化_0600576.csv,2,-6.4239,
福建水泥_0600802.csv,2,-3.8919,
福建高速_0600033.csv,2,-4.530200000000001,
福成股份_0600965.csv,3,-9.6749,
福日电子_0600203.csv,2,-5.4018,
福星股份_1000926.csv,2,-3.7645999999999997,
福晶科技_1002222.csv,2,-4.750400000000001,
福瑞股份_1300049.csv,4,-16.250799999999998,
福耀玻璃_0600660.csv,2,-4.6104,
福能股份_0600483.csv,8,-12.3452,
福达股份_0603166.csv,2,-6.1257,
福鞍股份_0603315.csv,2,-7.1625,
禾望电气_0603063.csv,2,-2.8256,
秀强股份_1300160.csv,2,-8.1584,
科伦药业_1002422.csv,5,-6.604900000000001,
科信技术_1300565.csv,2,-12.2924,
科创新源_1300731.csv,2,-7.412000000000001,
科力尔_1002892.csv,2,-11.7493,
科华控股_0603161.csv,2,-5.8449,
科华生物_1002022.csv,2,-5.362,
科士达_1002518.csv,2,-4.6032,
科大智能_1300222.csv,2,-6.0429,
科大讯飞_1002230.csv,2,-5.684799999999999,
科恒股份_1300340.csv,2,-11.3366,
科斯伍德_1300192.csv,2,-6.8354,
科新机电_1300092.csv,2,-5.4308,
科林电气_0603050.csv,2,-6.718299999999999,
科森科技_0603626.csv,3,-9.7197,
科沃斯_0603486.csv,5,-9.814900000000002,
科泰电源_1300153.csv,2,-8.3757,
科蓝软件_1300663.csv,2,-6.8359,
科达利_1002850.csv,3,-11.2803,
科达洁能_0600499.csv,2,-7.418799999999999,
科达股份_0600986.csv,2,-7.134399999999999,
科迪乳业_1002770.csv,2,-7.4315999999999995,
科锐国际_1300662.csv,2,-9.2872,
科陆电子_1002121.csv,2,-2.1173,
秦安股份_0603758.csv,2,-9.8247,
秦川机床_1000837.csv,2,-5.6176,
秦港股份_0601326.csv,2,-4.3062,
积成电子_1002339.csv,2,-6.0150999999999994,
移为通信_1300590.csv,2,-6.3953,
穗恒运A_1000531.csv,2,-10.026,
立华股份_1300761.csv,1,-9.9871,
立思辰_1300010.csv,4,-7.734999999999999,
章源钨业_1002378.csv,2,-9.209,
第一医药_0600833.csv,4,-8.4261,
粤传媒_1002181.csv,3,-14.4529,
粤华包B_1200986.csv,5,-4.5834,
粤宏远A_1000573.csv,4,-10.6517,
粤桂股份_1000833.csv,2,-10.4528,
粤水电_1002060.csv,2,-7.580500000000001,
粤电力A_1000539.csv,6,-9.0348,
粤电力B_1200539.csv,7,-3.5883000000000003,
粤高速A_1000429.csv,5,-4.0241999999999996,
粤高速B_1200429.csv,6,-1.6614,
精准信息_1300099.csv,2,-7.2942,
精华制药_1002349.csv,2,-6.2733,
精工钢构_0600496.csv,2,-9.174,
精测电子_1300567.csv,2,-5.9621,
精研科技_1300709.csv,1,-6.8887,
精艺股份_1002295.csv,3,-6.4107,
精达股份_0600577.csv,2,-7.3671999999999995,
索通发展_0603612.csv,2,-6.7304,
紫光学大_1000526.csv,9,-15.963700000000001,
紫光股份_1000938.csv,2,-7.7853,
紫江企业_0600210.csv,3,-10.226,
紫金矿业_0601899.csv,2,-4.6352,
紫金银行_0601860.csv,1,-5.5879,
紫鑫药业_1002118.csv,3,-19.1286,
红墙股份_1002809.csv,2,-4.2646,
红太阳_1000525.csv,2,-6.3614999999999995,
红宇新材_1300345.csv,2,-3.8157,
红宝丽_1002165.csv,2,-3.8335,
红日药业_1300026.csv,2,-5.0591,
红星发展_0600367.csv,2,-4.8208,
红蜻蜓_0603116.csv,2,-7.4503,
纳思达_1002180.csv,3,-5.3562,
经纬辉开_1300120.csv,2,-6.6042000000000005,
继峰股份_0603997.csv,2,-12.0837,
维业股份_1300621.csv,2,-9.6325,
维信诺_1002387.csv,2,-13.2081,
维力医疗_0603309.csv,2,-6.5966000000000005,
维尔利_1300190.csv,2,-7.6556,
维格娜丝_0603518.csv,2,-2.7826999999999997,
维科技术_0600152.csv,2,-10.835799999999999,
维维股份_0600300.csv,2,-4.3224,
绿地控股_0600606.csv,3,-2.4107,
绿城水务_0601368.csv,2,-3.7681,
绿庭B股_0900919.csv,2,-3.6778,
绿庭投资_0600695.csv,3,-12.252100000000002,
绿色动力_0601330.csv,2,-13.8245,
罗博特科_1300757.csv,1,-9.4746,
罗平锌电_1002114.csv,2,-7.9614,
罗牛山_1000735.csv,2,-15.2513,
罗莱生活_1002293.csv,2,-3.1944,
美克家居_0600337.csv,3,-10.3983,
美凯龙_0601828.csv,5,-9.1911,
美力科技_1300611.csv,2,-5.7525,
美尔雅_0600107.csv,5,-18.709500000000002,
美年健康_1002044.csv,3,-12.1815,
美康生物_1300439.csv,2,-4.1805,
美思德_0603041.csv,2,-5.7897,
美晨生态_1300237.csv,2,-12.8601,
美格智能_1002881.csv,2,-13.6189,
美的集团_1000333.csv,2,-6.2305,
美盈森_1002303.csv,2,-10.6744,
美盛文化_1002699.csv,5,-11.951699999999999,
美联新材_1300586.csv,2,-10.956299999999999,
美达股份_1000782.csv,2,-6.5938,
美邦服饰_1002269.csv,2,-5.0717,
美锦能源_1000723.csv,2,-12.435599999999999,
羚锐制药_0600285.csv,1,-2.2976,
群兴玩具_1002575.csv,3,-12.655800000000001,
翔鹭钨业_1002842.csv,3,-6.7124,
翠微股份_0603123.csv,5,-7.1543,
翰宇药业_1300199.csv,2,-6.0648,
老板电器_1002508.csv,2,-3.5004999999999997,
老百姓_0603883.csv,2,-2.9686000000000003,
耐威科技_1300456.csv,2,-5.8203,
联创光电_0600363.csv,2,-6.0468,
联发股份_1002394.csv,4,-8.357,
联合光电_1300691.csv,2,-7.1492,
联建光电_1300269.csv,2,-6.17,
联得装备_1300545.csv,2,-17.834200000000003,
联明股份_0603006.csv,2,-7.8628,
联环药业_0600513.csv,5,-7.9614,
联美控股_0600167.csv,2,-3.5439,
联诚精密_1002921.csv,2,-5.533799999999999,
聚光科技_1300203.csv,2,-5.7512,
聚力文化_1002247.csv,2,-10.6144,
聚灿光电_1300708.csv,2,-6.7724,
胜利精密_1002426.csv,2,-7.1012,
胜利股份_1000407.csv,2,-6.6541,
胜宏科技_1300476.csv,2,-3.2906,
腾达建设_0600512.csv,4,-10.2566,
腾邦国际_1300178.csv,2,-6.0230999999999995,
腾龙股份_0603158.csv,5,-15.233899999999998,
至正股份_0603991.csv,2,-7.2433,
舍得酒业_0600702.csv,3,-7.068999999999999,
舒泰神_1300204.csv,2,-7.4205,
舜B_1200168.csv,1,-5.1852,
航发动力_0600893.csv,2,-4.4698,
航发控制_1000738.csv,2,-4.9132,
航天信息_0600271.csv,2,-8.7304,
航天动力_0600343.csv,2,-5.746499999999999,
航天彩虹_1002389.csv,2,-5.4497,
航天晨光_0600501.csv,6,-13.198199999999998,
航天机电_0600151.csv,2,-7.3626000000000005,
航天电器_1002025.csv,2,-3.6641,
航天电子_0600879.csv,2,-6.3332,
航天通信_0600677.csv,2,-7.6091999999999995,
航天长峰_0600855.csv,2,-4.3385,
航新科技_1300424.csv,2,-8.187800000000001,
航民股份_0600987.csv,2,-5.598599999999999,
艾华集团_0603989.csv,2,-6.0506,
艾德生物_1300685.csv,2,-5.2416,
艾格拉斯_1002619.csv,2,-7.1892000000000005,
艾迪精密_0603638.csv,2,-4.3685,
节能风电_0601016.csv,2,-6.8035,
芒果超媒_1300413.csv,2,-5.3659,
芯能科技_0603105.csv,2,-11.222199999999999,
苏交科_1300284.csv,5,-8.5376,
苏利股份_0603585.csv,2,-5.3276,
苏博特_0603916.csv,2,-7.4679,
苏垦农发_0601952.csv,2,-6.2626,
苏奥传感_1300507.csv,3,-5.189500000000001,
苏威孚B_1200581.csv,2,-4.2242,
苏宁易购_1002024.csv,2,-4.8043000000000005,
苏宁环球_1000718.csv,5,-7.306799999999999,
苏州固锝_1002079.csv,2,-5.457,
苏州龙杰_0603332.csv,3,-6.486000000000001,
苏常柴A_1000570.csv,2,-9.0774,
苏常柴B_1200570.csv,2,-3.8194,
苏美达_0600710.csv,2,-5.505000000000001,
苏试试验_1300416.csv,2,-7.2194,
英可瑞_1300713.csv,2,-10.5503,
英威腾_1002334.csv,2,-8.6128,
英搏尔_1300681.csv,2,-5.6814,
英洛华_1000795.csv,5,-10.0767,
英派斯_1002899.csv,2,-10.364799999999999,
英特集团_1000411.csv,4,-9.5843,
英联股份_1002846.csv,4,-13.6023,
英飞拓_1002528.csv,2,-5.7136,
茂业商业_0600828.csv,3,-8.9567,
茂硕电源_1002660.csv,2,-6.1419,
茶花股份_0603615.csv,3,-7.7084,
荣华实业_0600311.csv,2,-5.964600000000001,
荣晟环保_0603165.csv,2,-6.6327,
荣泰健康_0603579.csv,2,-7.081799999999999,
荣盛发展_1002146.csv,2,-3.8836,
荣盛石化_1002493.csv,2,-3.0034,
莱宝高科_1002106.csv,2,-4.7379,
莱绅通灵_0603900.csv,2,-5.0662,
莱美药业_1300006.csv,1,-9.9757,
莱茵体育_1000558.csv,5,-8.853800000000001,
菲利华_1300395.csv,2,-4.4317,
菲达环保_0600526.csv,2,-6.8308,
萃华珠宝_1002731.csv,2,-7.293100000000001,
营口港_0600317.csv,2,-4.0541,
葛洲坝_0600068.csv,2,-5.9188,
蒙草生态_1300355.csv,2,-6.7881,
蓝帆医疗_1002382.csv,2,-2.9664,
蓝思科技_1300433.csv,2,-8.005,
蓝晓科技_1300487.csv,2,-3.7774,
蓝海华腾_1300484.csv,2,-5.214,
蓝英装备_1300293.csv,2,-4.9304,
蓝黛传动_1002765.csv,2,-9.144200000000001,
蔚蓝生物_0603739.csv,1,-6.9411,
藏格控股_1000408.csv,2,-7.8065,
虹美菱B_1200521.csv,2,-2.952,
融捷健康_1300247.csv,2,-9.1826,
蠡湖股份_1300694.csv,2,-12.8424,
裕同科技_1002831.csv,2,-2.953,
西仪股份_1002265.csv,2,-7.7747,
西宁特钢_0600117.csv,2,-8.661999999999999,
西安旅游_1000610.csv,4,-25.617600000000003,
西安银行_0600928.csv,2,-4.9001,
西安饮食_1000721.csv,4,-16.7504,
西山煤电_1000983.csv,2,-6.895099999999999,
西昌电力_0600505.csv,2,-6.4549,
西水股份_0600291.csv,2,-5.1021,
西泵股份_1002536.csv,2,-4.1019,
西王食品_1000639.csv,2,-5.780200000000001,
西菱动力_1300733.csv,2,-6.6457999999999995,
西藏发展_1000752.csv,4,-9.3494,
西藏城投_0600773.csv,2,-8.7861,
西藏矿业_1000762.csv,2,-11.096499999999999,
西部建设_1002302.csv,2,-12.2602,
西部材料_1002149.csv,3,-12.7529,
西部牧业_1300106.csv,1,-6.7385,
西部矿业_0601168.csv,2,-4.9779,
西部证券_1002673.csv,2,-4.0920000000000005,
西部资源_0600139.csv,2,-11.267800000000001,
西部黄金_0601069.csv,2,-3.269,
视觉中国_1000681.csv,3,-6.0244,
誉衡药业_1002437.csv,2,-5.1761,
设研院_1300732.csv,2,-6.3175,
设计总院_0603357.csv,2,-3.5322999999999998,
诚志股份_1000990.csv,2,-6.5859,
诚邦股份_0603316.csv,2,-10.5645,
诺邦股份_0603238.csv,2,-5.4603,
读者传媒_0603999.csv,8,-16.96,
豪能股份_0603809.csv,2,-6.5684000000000005,
豫光金铅_0600531.csv,2,-8.007,
豫金刚石_1300064.csv,2,-7.955100000000001,
贝斯特_1300580.csv,2,-8.4694,
贝瑞基因_1000710.csv,5,-9.9366,
贝达药业_1300558.csv,2,-5.6582,
财信发展_1000838.csv,2,-7.9074,
财通证券_0601108.csv,2,-6.6465,
贵人鸟_0603555.csv,6,-16.561999999999998,
贵州燃气_0600903.csv,3,-6.9049,
贵州百灵_1002424.csv,2,-5.2998,
贵广网络_0600996.csv,1,-1.6637,
贵绳股份_0600992.csv,2,-3.939,
贵阳银行_0601997.csv,2,-2.4711,
赛升药业_1300485.csv,5,-8.313600000000001,
赛意信息_1300687.csv,1,-1.8039,
赛托生物_1300583.csv,2,-3.8091,
赛摩电气_1300466.csv,3,-8.837,
赛象科技_1002337.csv,2,-8.638,
赛轮轮胎_0601058.csv,2,-4.6716999999999995,
赛隆药业_1002898.csv,4,-9.4377,
赣粤高速_0600269.csv,2,-3.5851,
赣能股份_1000899.csv,2,-4.809200000000001,
赣锋锂业_1002460.csv,3,-6.8885000000000005,
赤峰黄金_0600988.csv,4,-7.4274000000000004,
赫美集团_1002356.csv,2,-9.7674,
超讯通信_0603322.csv,2,-7.0763,
超频三_1300647.csv,2,-8.0498,
越博动力_1300742.csv,2,-10.4366,
跨境通_1002640.csv,2,-8.3466,
路通视信_1300555.csv,2,-8.5944,
软控股份_1002073.csv,2,-8.2111,
轴研科技_1002046.csv,2,-7.3626000000000005,
轻纺城_0600790.csv,2,-7.434100000000001,
辅仁药业_0600781.csv,2,-8.0149,
辉隆股份_1002556.csv,4,-10.3891,
达刚路机_1300103.csv,2,-10.2332,
达华智能_1002512.csv,2,-14.3263,
达安基因_1002030.csv,2,-6.2671,
达志科技_1300530.csv,2,-5.2597000000000005,
迈为股份_1300751.csv,2,-9.659600000000001,
运达科技_1300440.csv,2,-2.6194,
远东传动_1002406.csv,2,-4.1881,
远光软件_1002063.csv,2,-3.5597,
远兴能源_1000683.csv,2,-7.9321,
远大智能_1002689.csv,2,-10.9639,
远方信息_1300306.csv,5,-13.3355,
远程股份_1002692.csv,5,-29.259700000000002,
远达环保_0600292.csv,2,-9.2496,
连云港_0601008.csv,1,-8.7031,
迦南科技_1300412.csv,2,-5.5903,
迪森股份_1300335.csv,2,-8.3825,
透景生命_1300642.csv,2,-6.9337,
通产丽星_1002243.csv,3,-20.5565,
通化东宝_0600867.csv,4,-6.5912999999999995,
通化金马_1000766.csv,2,-13.7569,
通合科技_1300491.csv,2,-6.3867,
通威股份_0600438.csv,2,-3.088,
通宇通讯_1002792.csv,2,-3.3114999999999997,
通宝能源_0600780.csv,2,-7.5119,
通富微电_1002156.csv,2,-7.4841999999999995,
通润装备_1002150.csv,2,-5.1518999999999995,
通源石油_1300164.csv,3,-10.5799,
通用股份_0601500.csv,5,-6.059699999999999,
通程控股_1000419.csv,2,-4.9166,
通葡股份_0600365.csv,1,-5.0746,
通裕重工_1300185.csv,2,-6.166,
通达动力_1002576.csv,2,-8.1388,
通鼎互联_1002491.csv,2,-7.3335,
道恩股份_1002838.csv,5,-7.3567,
道明光学_1002632.csv,2,-5.549,
道氏技术_1300409.csv,2,-11.0471,
道道全_1002852.csv,2,-6.4912,
邦讯技术_1300312.csv,2,-7.5608,
郑州煤电_0600121.csv,2,-8.6746,
郑州银行_1002936.csv,2,-4.3335,
郑煤机_0601717.csv,2,-4.4532,
郴电国际_0600969.csv,2,-8.6421,
鄂尔多斯_0600295.csv,2,-5.7911,
鄂武商A_1000501.csv,2,-5.7229,
鄂资B股_0900936.csv,2,-1.5571,
酒钢宏兴_0600307.csv,2,-8.548300000000001,
醋化股份_0603968.csv,2,-4.837899999999999,
重庆啤酒_0600132.csv,2,-4.7653,
重庆建工_0600939.csv,2,-5.0081999999999995,
重庆水务_0601158.csv,5,-5.4573,
重庆港九_0600279.csv,2,-8.0947,
重庆百货_0600729.csv,4,-9.9446,
重庆路桥_0600106.csv,2,-6.2486,
重庆钢铁_0601005.csv,2,-5.4788,
重药控股_1000950.csv,2,-8.7396,
量子生物_1300149.csv,2,-4.3453,
金一文化_1002721.csv,4,-11.1491,
金信诺_1300252.csv,2,-6.3225999999999996,
金健米业_0600127.csv,2,-8.2102,
金冠股份_1300510.csv,2,-14.5624,
金刚玻璃_1300093.csv,2,-8.4848,
金利华电_1300069.csv,2,-10.525400000000001,
金力永磁_1300748.csv,6,-14.4067,
金卡智能_1300349.csv,2,-5.0741,
金发科技_0600143.csv,4,-10.0739,
金固股份_1002488.csv,4,-5.9813,
金圆股份_1000546.csv,2,-7.1046000000000005,
金城医药_1300233.csv,2,-4.6606,
金太阳_1300606.csv,2,-6.0172,
金奥博_1002917.csv,2,-4.5949,
金安国纪_1002636.csv,2,-9.131499999999999,
金徽酒_0603919.csv,2,-5.338100000000001,
金明精机_1300281.csv,2,-9.7074,
金晶科技_0600586.csv,2,-5.7524,
金杯汽车_0600609.csv,2,-5.6978,
金杯电工_1002533.csv,1,-9.019,
金枫酒业_0600616.csv,5,-9.4229,
金桥B股_0900911.csv,5,-2.2616,
金正大_1002470.csv,2,-4.7059,
金洲慈航_1000587.csv,2,-9.2355,
金洲管道_1002443.csv,5,-12.3998,
金浦钛业_1000545.csv,2,-4.4619,
金海环境_0603311.csv,2,-5.4460999999999995,
金牌厨柜_0603180.csv,3,-6.4430000000000005,
金瑞矿业_0600714.csv,2,-8.639899999999999,
金盾股份_1300411.csv,2,-16.3237,
金石资源_0603505.csv,1,-4.8972,
金禾实业_1002597.csv,2,-5.9117999999999995,
金科股份_1000656.csv,3,-3.4823999999999997,
金能科技_0603113.csv,2,-17.3537,
金花股份_0600080.csv,2,-5.8027,
金融街_1000402.csv,5,-8.367899999999999,
金螳螂_1002081.csv,2,-3.5644,
金证股份_0600446.csv,2,-12.6522,
金诚信_0603979.csv,2,-4.9157,
金财互联_1002530.csv,2,-5.9345,
金路集团_1000510.csv,2,-10.3829,
金轮股份_1002722.csv,2,-5.2584,
金运激光_1300220.csv,2,-3.8759,
金通灵_1300091.csv,2,-20.0601,
金钼股份_0601958.csv,5,-9.1281,
金陵体育_1300651.csv,3,-9.9786,
金陵药业_1000919.csv,2,-5.269500000000001,
金陵饭店_0601007.csv,2,-5.012499999999999,
金风科技_1002202.csv,2,-7.5678,
金鸿控股_1000669.csv,2,-19.9025,
金鸿顺_0603922.csv,2,-10.0589,
金鹰股份_0600232.csv,3,-5.713300000000001,
金龙机电_1300032.csv,2,-5.6452,
金龙汽车_0600686.csv,2,-12.3234,
钧达股份_1002865.csv,3,-12.759699999999999,
钱江摩托_1000913.csv,2,-6.8709999999999996,
钱江水利_0600283.csv,3,-7.9917,
铁岭新城_1000809.csv,2,-8.258,
铁汉生态_1300197.csv,2,-6.7963000000000005,
铁流股份_0603926.csv,4,-8.0075,
铁龙物流_0600125.csv,5,-7.852799999999999,
铜峰电子_0600237.csv,2,-9.1774,
铜陵有色_1000630.csv,2,-4.6146,
银之杰_1300085.csv,2,-9.3019,
银宝山新_1002786.csv,2,-9.0664,
银座股份_0600858.csv,2,-4.4104,
银星能源_1000862.csv,2,-13.411100000000001,
银河电子_1002519.csv,2,-5.829,
银轮股份_1002126.csv,2,-2.6004,
银鸽投资_0600069.csv,2,-5.914,
银龙股份_0603969.csv,2,-4.8848,
锌业股份_1000751.csv,5,-11.380700000000001,
锐奇股份_1300126.csv,2,-4.7393,
锐科激光_1300747.csv,2,-4.676,
锡业股份_1000960.csv,2,-6.1411,
锦富技术_1300128.csv,2,-11.975900000000001,
锦州港_0600190.csv,4,-11.5459,
锦投B股_0900914.csv,7,-3.4425000000000003,
锦旅B股_0900929.csv,8,-3.6087000000000002,
锦江B股_0900934.csv,2,-0.991,
锦江投资_0600650.csv,3,-8.5744,
锦江股份_0600754.csv,2,-5.7603,
锦港B股_0900952.csv,2,-2.5454,
锦龙股份_1000712.csv,3,-7.879,
长亮科技_1300348.csv,2,-6.1921,
长信科技_1300088.csv,2,-5.5205,
长园集团_0600525.csv,2,-6.1362,
长城军工_0601606.csv,5,-18.5382,
长城动漫_1000835.csv,3,-18.0979,
长城影视_1002071.csv,2,-15.7969,
长城汽车_0601633.csv,5,-11.258799999999999,
长城电工_0600192.csv,2,-16.8841,
长城科技_0603897.csv,2,-10.3947,
长城证券_1002939.csv,3,-9.853299999999999,
长安B_1200625.csv,2,-3.192,
长安汽车_1000625.csv,2,-6.5299000000000005,
长川科技_1300604.csv,2,-10.3399,
长春一东_0600148.csv,2,-9.3953,
长春燃气_0600333.csv,2,-7.9993,
长春经开_0600215.csv,2,-9.2437,
长江传媒_0600757.csv,2,-3.6923,
长江润发_1002435.csv,2,-8.8097,
长江电力_0600900.csv,2,-1.6687,
长江通信_0600345.csv,2,-3.2797,
长沙银行_0601577.csv,2,-3.0731,
长电科技_0600584.csv,2,-6.7464,
长白山_0603099.csv,2,-8.8917,
长盛轴承_1300718.csv,2,-5.9954,
长缆科技_1002879.csv,2,-7.3684,
长航凤凰_1000520.csv,5,-11.355699999999999,
长荣股份_1300195.csv,2,-5.7699,
长虹华意_1000404.csv,2,-6.7525,
长虹美菱_1000521.csv,2,-7.5996,
长青集团_1002616.csv,3,-6.9678,
长飞光纤_0601869.csv,2,-6.3297,
闰土股份_1002440.csv,4,-9.7217,
闻泰科技_0600745.csv,2,-1.4324,
闽东电力_1000993.csv,3,-7.5493,
闽发铝业_1002578.csv,4,-9.9749,
闽灿坤B_1200512.csv,2,-1.0811000000000002,
阳光城_1000671.csv,2,-3.5202999999999998,
阳光股份_1000608.csv,4,-10.9922,
阳泉煤业_0600348.csv,2,-5.771100000000001,
阳谷华泰_1300121.csv,5,-12.745000000000001,
阿石创_1300706.csv,2,-9.4991,
阿科力_0603722.csv,2,-5.2108,
际华集团_0601718.csv,8,-16.443199999999997,
陆家B股_0900932.csv,2,-2.2695000000000003,
陆家嘴_0600663.csv,3,-7.7838,
陇神戎发_1300534.csv,3,-10.799500000000002,
陕国投A_1000563.csv,2,-8.2735,
陕天然气_1002267.csv,2,-4.9754000000000005,
陕西煤业_0601225.csv,2,-3.5126,
陕西黑猫_0601015.csv,2,-14.0321,
陕鼓动力_0601369.csv,2,-2.8943,
隆华科技_1300263.csv,2,-8.6342,
隆基机械_1002363.csv,5,-8.925,
隆基股份_0601012.csv,2,-4.0325,
隆平高科_1000998.csv,5,-8.0981,
隆盛科技_1300680.csv,2,-7.9502,
隆鑫通用_0603766.csv,2,-6.8307,
隧道股份_0600820.csv,2,-4.6474,
雄塑科技_1300599.csv,2,-7.4964,
雅化集团_1002497.csv,2,-7.7937,
雅戈尔_0600177.csv,2,-2.3023000000000002,
集泰股份_1002909.csv,2,-8.3246,
雪人股份_1002639.csv,2,-19.9877,
雪峰科技_0603227.csv,2,-6.3492,
雪榕生物_1300511.csv,2,-5.2416,
雪莱特_1002076.csv,5,-14.445500000000001,
雪迪龙_1002658.csv,2,-5.6864,
雷曼股份_1300162.csv,2,-8.142800000000001,
雷柏科技_1002577.csv,2,-7.7865,
雷科防务_1002413.csv,2,-6.566599999999999,
雷迪克_1300652.csv,2,-3.7177,
霞客环保_1002015.csv,2,-7.5511,
露笑科技_1002617.csv,2,-7.2467,
青山纸业_0600103.csv,4,-9.0359,
青岛双星_1000599.csv,2,-6.9945,
青岛海尔_0600690.csv,3,-5.461600000000001,
青岛港_0601298.csv,6,-19.040000000000003,
青岛金王_1002094.csv,2,-2.2029,
青岛银行_1002948.csv,8,-10.145499999999998,
青松建化_0600425.csv,2,-9.5742,
青松股份_1300132.csv,2,-6.0252,
青海华鼎_0600243.csv,2,-6.8340000000000005,
青海春天_0600381.csv,2,-5.3473,
青青稞酒_1002646.csv,2,-5.9529,
青龙管业_1002457.csv,2,-2.9905999999999997,
靖远煤电_1000552.csv,2,-8.2173,
鞍钢股份_1000898.csv,2,-5.0177,
韩建河山_0603616.csv,2,-5.2885,
音飞储存_0603066.csv,2,-7.2796,
韶能股份_1000601.csv,2,-7.1449,
韶钢松山_1000717.csv,2,-7.7721,
顶点软件_0603383.csv,2,-12.9519,
顺丰控股_1002352.csv,2,-4.2096,
顺发恒业_1000631.csv,4,-8.1705,
顺灏股份_1002565.csv,1,-3.645,
顺网科技_1300113.csv,2,-12.572,
顺鑫农业_1000860.csv,6,-6.7015,
顾地科技_1002694.csv,2,-7.746,
风华高科_1000636.csv,2,-8.8607,
风范股份_0601700.csv,2,-19.989,
飞乐音响_0600651.csv,2,-11.0483,
飞亚达A_1000026.csv,2,-5.8655,
飞亚达B_1200026.csv,2,-2.6104,
飞凯材料_1300398.csv,2,-11.416599999999999,
飞荣达_1300602.csv,6,-7.0974,
飞马国际_1002210.csv,2,-13.5057,
飞鹿股份_1300665.csv,2,-6.872,
首商股份_0600723.csv,3,-5.7877,
首开股份_0600376.csv,3,-4.3641000000000005,
首航节能_1002665.csv,2,-10.7543,
首钢股份_1000959.csv,1,-7.7093,
香梨股份_0600506.csv,2,-8.5132,
香溢融通_0600830.csv,2,-7.0541,
马钢股份_0600808.csv,2,-10.322,
驰宏锌锗_0600497.csv,3,-8.4334,
骅威文化_1002502.csv,2,-9.4227,
骆驼股份_0601311.csv,2,-7.4656,
高乐股份_1002348.csv,2,-9.6792,
高争民爆_1002827.csv,2,-4.9348,
高德红外_1002414.csv,2,-2.9309,
高斯贝尔_1002848.csv,2,-6.9269,
高新兴_1300098.csv,2,-6.9514,
高新发展_1000628.csv,2,-7.6798,
高盟新材_1300200.csv,5,-7.108499999999999,
高能环境_0603588.csv,2,-6.7061,
鱼跃医疗_1002223.csv,2,-3.7873,
鲁亿通_1300423.csv,2,-8.3044,
鲁信创投_0600783.csv,3,-16.5219,
鲁商置业_0600223.csv,5,-7.090800000000001,
鲁抗医药_0600789.csv,3,-5.7128000000000005,
鲁泰A_1000726.csv,5,-5.8715,
鲁泰B_1200726.csv,3,-1.0697999999999999,
鲁银投资_0600784.csv,2,-7.715300000000001,
鲍斯股份_1300441.csv,2,-4.7856000000000005,
鸣志电器_0603728.csv,2,-5.2565,
鸿利智汇_1300219.csv,2,-5.4655000000000005,
鸿博股份_1002229.csv,2,-15.424900000000001,
鸿特科技_1300176.csv,5,-30.3403,
鸿路钢构_1002541.csv,2,-2.9417999999999997,
鸿达兴业_1002002.csv,2,-19.760800000000003,
鹏欣资源_0600490.csv,3,-13.6301,
鹏辉能源_1300438.csv,2,-6.1438,
鹏鼎控股_1002938.csv,2,-6.5099,
鹿港文化_0601599.csv,2,-6.7714,
麦格米特_1002851.csv,2,-0.9419,
黄山旅游_0600054.csv,4,-8.1894,
黄山胶囊_1002817.csv,5,-8.9495,
黄河旋风_0600172.csv,2,-16.834600000000002,
黑牡丹_0600510.csv,4,-11.826,
黑猫股份_1002068.csv,2,-6.0865,
黑芝麻_1000716.csv,3,-8.6304,
黔源电力_1002039.csv,2,-1.9256,
黔轮胎A_1000589.csv,2,-7.4405,
鼎信通讯_0603421.csv,4,-8.2554,
鼎捷软件_1300378.csv,2,-9.9513,
鼎胜新材_0603876.csv,4,-9.8433,
鼎龙股份_1300054.csv,2,-5.6511000000000005,
齐峰新材_1002521.csv,2,-5.5236,
齐心集团_1002301.csv,2,-5.5719,
龙元建设_0600491.csv,2,-4.4529,
龙净环保_0600388.csv,2,-4.7999,
龙头股份_0600630.csv,3,-8.678799999999999,
龙建股份_0600853.csv,2,-19.9355,
龙星化工_1002442.csv,2,-11.7384,
龙江交通_0601188.csv,2,-5.965,
龙泉股份_1002671.csv,2,-5.4359,
龙津药业_1002750.csv,3,-10.3598,
龙洲股份_1002682.csv,2,-10.616299999999999,
龙源技术_1300105.csv,2,-7.3647,
龙溪股份_0600592.csv,5,-11.540999999999999,
龙蟒佰利_1002601.csv,2,-5.9239999999999995,
龙韵股份_0603729.csv,2,-12.8189,
龙马环卫_0603686.csv,2,-9.3414,
