股票名称, 股票滞后天数, 股票总滞后幅,
GQY视讯_1300076.csv,2,5.8513,
S佳通_0600182.csv,1,0.2570000000000001,
TCL集团_1000100.csv,2,1.5874000000000001,
一心堂_1002727.csv,2,1.6253000000000002,
一汽富维_0600742.csv,2,1.8126,
一汽轿车_1000800.csv,2,5.992900000000001,
七彩化学_1300758.csv,3,8.447500000000002,
万业企业_0600641.csv,4,2.0982999999999996,
万丰奥威_1002085.csv,2,1.9506999999999999,
万华化学_0600309.csv,3,4.6545,
万向德农_0600371.csv,2,3.7291999999999996,
万和电气_1002543.csv,4,2.4668,
万家乐_1000533.csv,3,18.3249,
万年青_1000789.csv,1,3.6293,
万泽股份_1000534.csv,1,2.1099,
万达电影_1002739.csv,1,6.465400000000001,
万通地产_0600246.csv,3,10.379000000000001,
万邦达_1300055.csv,2,5.0275,
万里马_1300591.csv,2,5.0931999999999995,
万隆光电_1300710.csv,2,15.496300000000002,
万顺股份_1300057.csv,2,1.6596999999999997,
万马股份_1002276.csv,2,2.5912000000000006,
三七互娱_1002555.csv,1,4.1373999999999995,
三元股份_0600429.csv,1,1.5046000000000002,
三全食品_1002216.csv,1,0.34509999999999996,
三六零_0601360.csv,2,1.9516999999999995,
三利谱_1002876.csv,2,4.9746,
三力士_1002224.csv,5,5.0764,
三变科技_1002112.csv,2,4.5277,
三峡新材_0600293.csv,2,3.5889,
三峡水利_0600116.csv,5,4.059099999999999,
三川智慧_1300066.csv,4,2.1803000000000003,
三星医疗_0601567.csv,2,0.8293999999999999,
三毛B股_0900922.csv,1,0.21799999999999997,
三毛派神_1000779.csv,1,2.4503,
三湘印象_1000863.csv,1,0.41859999999999986,
三爱富_0600636.csv,2,13.686599999999999,
三环集团_1300408.csv,1,0.6896,
三盛教育_1300282.csv,1,1.0638999999999998,
三维工程_1002469.csv,2,5.7147,
三维股份_0603033.csv,2,1.0791,
三聚环保_1300072.csv,2,7.110100000000001,
三钢闽光_1002110.csv,1,1.9127,
三雄极光_1300625.csv,2,3.2257000000000002,
上工申贝_0600843.csv,2,5.153,
上机数控_0603185.csv,1,7.3392,
上柴股份_0600841.csv,2,4.086399999999999,
上汽集团_0600104.csv,3,3.0130000000000003,
上海三毛_0600689.csv,1,3.7692999999999994,
上海临港_0600848.csv,3,8.488900000000001,
上海亚虹_0603159.csv,2,3.3271000000000006,
上海医药_0601607.csv,2,1.9134,
上海建工_0600170.csv,1,0.4192,
上海新阳_1300236.csv,1,3.7922,
上海机场_0600009.csv,1,2.2643000000000004,
上海梅林_0600073.csv,2,7.4239,
上海物贸_0600822.csv,3,4.268999999999999,
上海电力_0600021.csv,2,1.7985,
上海电气_0601727.csv,2,4.773,
上海石化_0600688.csv,3,3.3652999999999995,
上海钢联_1300226.csv,1,2.6635,
上海银行_0601229.csv,1,0.8819000000000001,
上港集团_0600018.csv,3,8.7126,
世嘉科技_1002796.csv,1,0.42310000000000003,
世纪天鸿_1300654.csv,2,7.144400000000001,
世联行_1002285.csv,9,10.055399999999999,
东信和平_1002017.csv,1,5.140000000000001,
东北制药_1000597.csv,1,1.7348,
东安动力_0600178.csv,2,5.2650999999999994,
东宏股份_0603856.csv,2,2.8769,
东山精密_1002384.csv,3,8.578100000000001,
东方嘉盛_1002889.csv,3,6.8261,
东方时尚_0603377.csv,1,4.4777,
东方明珠_0600637.csv,3,3.3487,
东方电子_1000682.csv,2,6.0233,
东方精工_1002611.csv,1,2.7524,
东方航空_0600115.csv,2,3.2683,
东方通信_0600776.csv,2,2.3774999999999995,
东方金钰_0600086.csv,2,4.3672,
东方钽业_1000962.csv,2,9.226700000000001,
东方锆业_1002167.csv,2,4.9103,
东方集团_0600811.csv,2,1.1262999999999996,
东旭B_1200413.csv,2,1.7938999999999998,
东旭光电_1000413.csv,2,5.9757,
东旭蓝天_1000040.csv,3,5.158200000000001,
东材科技_0601208.csv,2,4.789899999999999,
东杰智能_1300486.csv,2,2.9232000000000005,
东江环保_1002672.csv,1,0.25239999999999996,
东湖高新_0600133.csv,2,6.0335,
东莞控股_1000828.csv,1,1.2149,
东阳光科_0600673.csv,1,0.5095000000000001,
东阿阿胶_1000423.csv,1,1.8576000000000001,
东风科技_0600081.csv,2,4.0172,
东风股份_0601515.csv,2,6.496600000000001,
中亚股份_1300512.csv,2,4.431700000000001,
中京电子_1002579.csv,4,11.417000000000002,
中信国安_1000839.csv,3,2.9985,
中信重工_0601608.csv,3,4.670400000000001,
中元股份_1300018.csv,1,0.31020000000000003,
中光防雷_1300414.csv,2,1.9564000000000004,
中关村_1000931.csv,3,6.1516,
中农立华_0603970.csv,2,0.6333,
中利集团_1002309.csv,4,12.911100000000001,
中化国际_0600500.csv,5,3.0189000000000004,
中化岩土_1002542.csv,4,3.5797999999999996,
中原传媒_1000719.csv,1,0.49309999999999987,
中原环保_1000544.csv,2,4.1905,
中原高速_0600020.csv,3,8.309,
中嘉博创_1000889.csv,1,3.1851,
中国一重_0601106.csv,4,7.6373999999999995,
中国中冶_0601618.csv,2,2.9364999999999997,
中国中铁_0601390.csv,2,1.1918999999999997,
中国交建_0601800.csv,2,3.7190000000000003,
中国人保_0601319.csv,1,1.8739000000000001,
中国动力_0600482.csv,2,3.9702,
中国化学_0601117.csv,2,1.0307999999999997,
中国医药_0600056.csv,2,2.4062,
中国南车_0601766.csv,2,1.2669999999999997,
中国国旅_0601888.csv,1,1.3485000000000003,
中国国航_0601111.csv,2,0.8800999999999999,
中国外运_0601598.csv,1,1.2580000000000002,
中国天楹_1000035.csv,2,3.3327999999999998,
中国太保_0601601.csv,1,0.4052,
中国应急_1300527.csv,2,3.1471000000000005,
中国建筑_0601668.csv,2,1.1140999999999999,
中国核电_0601985.csv,1,0.9650000000000001,
中国武夷_1000797.csv,7,8.4887,
中国汽研_0601965.csv,2,4.245399999999999,
中国海诚_1002116.csv,2,8.7868,
中国海防_0600764.csv,4,7.620799999999999,
中国电建_0601669.csv,6,5.3833,
中国石化_0600028.csv,1,0.023500000000000076,
中国石油_0601857.csv,1,0.00029999999999996696,
中国联通_0600050.csv,2,1.9289,
中国软件_0600536.csv,2,1.8319999999999996,
中国重工_0601989.csv,6,10.2924,
中国铁建_0601186.csv,2,2.8895,
中国铝业_0601600.csv,5,2.8865000000000003,
中坚科技_1002779.csv,2,4.7583,
中天科技_0600522.csv,2,2.5786999999999995,
中天能源_0600856.csv,5,17.8831,
中天金融_1000540.csv,3,6.010400000000001,
中孚实业_0600595.csv,4,13.9454,
中宠股份_1002891.csv,6,5.021000000000001,
中山金马_1300756.csv,1,4.564500000000001,
中广天择_0603721.csv,3,2.7321,
中广核技_1000881.csv,2,3.5433000000000003,
中房股份_0600890.csv,1,0.8934,
中捷资源_1002021.csv,4,21.5839,
中新科技_0603996.csv,2,4.6669,
中曼石油_0603619.csv,2,7.741399999999999,
中材科技_1002080.csv,2,5.360200000000001,
中核钛白_1002145.csv,3,5.2568,
中欣氟材_1002915.csv,2,4.8892,
中水渔业_1000798.csv,1,7.966200000000001,
中油工程_0600339.csv,4,3.0718999999999994,
中泰化学_1002092.csv,2,6.533700000000001,
中泰股份_1300435.csv,2,5.1867,
中洲控股_1000042.csv,3,3.0010000000000003,
中海油服_0601808.csv,4,4.180400000000001,
中源家居_0603709.csv,1,0.6993,
中煤能源_0601898.csv,2,0.9267000000000001,
中牧股份_0600195.csv,1,1.8386000000000002,
中环环保_1300692.csv,2,4.2942,
中珠医疗_0600568.csv,2,1.9713999999999998,
中直股份_0600038.csv,1,0.48650000000000015,
中矿资源_1002738.csv,1,2.3496,
中粮地产_1000031.csv,3,2.2225,
中联重科_1000157.csv,3,2.1224,
中航投资_0600705.csv,2,3.5626,
中航沈飞_0600760.csv,4,5.149699999999999,
中航电子_0600372.csv,2,1.2013,
中航重机_0600765.csv,4,5.689299999999999,
中船科技_0600072.csv,6,22.4628,
中船防务_0600685.csv,6,19.9536,
中衡设计_0603017.csv,1,2.2226,
中装建设_1002822.csv,2,1.6244,
中设股份_1002883.csv,2,1.5843000000000003,
中超控股_1002471.csv,2,4.973599999999999,
中远海发_0601866.csv,2,3.4099000000000004,
中远海控_0601919.csv,2,2.7086,
中通客车_1000957.csv,2,7.730600000000001,
中钨高新_1000657.csv,3,3.2135000000000007,
中铁工业_0600528.csv,2,3.8795,
中铝国际_0601068.csv,2,3.6002,
中闽能源_0600163.csv,2,3.2928999999999995,
中青旅_0600138.csv,2,6.3896,
中飞股份_1300489.csv,2,4.4545,
中鼎股份_1000887.csv,1,1.0573000000000001,
丰原药业_1000153.csv,2,2.8336,
丰林集团_0601996.csv,4,4.930400000000001,
丹化科技_0600844.csv,3,14.595299999999998,
丹邦科技_1002618.csv,2,5.1608,
丽江旅游_1002033.csv,4,4.3986,
丽鹏股份_1002374.csv,1,1.8780000000000001,
久立特材_1002318.csv,2,2.1643999999999997,
久联发展_1002037.csv,4,6.2978000000000005,
久远银海_1002777.csv,1,1.8359999999999999,
乐凯胶片_0600135.csv,2,6.52,
乐心医疗_1300562.csv,2,3.2747,
九典制药_1300705.csv,2,3.7914,
九鼎新材_1002201.csv,4,4.0615000000000006,
乾景园林_0603778.csv,2,3.3077999999999994,
云内动力_1000903.csv,2,4.0112000000000005,
云南旅游_1002059.csv,4,10.624,
云南白药_1000538.csv,1,2.2883,
云南锗业_1002428.csv,1,8.5845,
云图控股_1002539.csv,1,7.349500000000001,
云意电气_1300304.csv,2,2.8506000000000005,
云投生态_1002200.csv,1,2.3755,
云海金属_1002182.csv,3,12.586300000000001,
云铝股份_1000807.csv,1,4.0868,
五洋停车_1300420.csv,1,4.2035,
五矿稀土_1000831.csv,1,3.2388999999999997,
五矿资本_0600390.csv,1,0.9178,
亚光科技_1300123.csv,2,2.4793,
亚厦股份_1002375.csv,7,5.999,
亚太实业_1000691.csv,4,7.134500000000001,
亚太药业_1002370.csv,2,4.170999999999999,
亚宝药业_0600351.csv,2,4.345599999999999,
亚振家居_0603389.csv,3,9.9866,
亚星化学_0600319.csv,2,8.853,
亚星锚链_0601890.csv,6,20.1194,
亚玛顿_1002623.csv,3,7.1690000000000005,
亚盛集团_0600108.csv,2,3.3872,
京东方A_1000725.csv,2,1.9486,
京城股份_0600860.csv,2,16.369999999999997,
京威股份_1002662.csv,2,7.6903,
京山轻机_1000821.csv,3,5.421100000000001,
京泉华_1002885.csv,2,2.2595000000000005,
京粮控股_1000505.csv,1,2.4067,
京运通_0601908.csv,2,12.4727,
人人乐_1002336.csv,1,0.14060000000000006,
人民同泰_0600829.csv,2,7.5009,
人民网_0603000.csv,3,5.4568,
人福医药_0600079.csv,5,6.9616,
亿帆医药_1002019.csv,1,1.1993999999999998,
亿晶光电_0600537.csv,4,5.5957,
仁智股份_1002629.csv,2,11.835700000000001,
今创集团_0603680.csv,1,1.5292000000000001,
今天国际_1300532.csv,3,1.6683,
仙坛股份_1002746.csv,1,6.235799999999999,
仙鹤股份_0603733.csv,2,3.3423,
仟源医药_1300254.csv,2,15.084700000000002,
以岭药业_1002603.csv,4,3.6700000000000004,
伊利股份_0600887.csv,1,0.27970000000000006,
伊力特_0600197.csv,3,9.3408,
伊戈尔_1002922.csv,3,3.4934000000000003,
众业达_1002441.csv,1,1.5844,
众应互联_1002464.csv,2,5.1528,
众泰汽车_1000980.csv,2,5.1308,
众源新材_0603527.csv,2,6.8474,
优德精密_1300549.csv,2,4.0025,
会稽山_0601579.csv,3,3.1553,
伟星股份_1002003.csv,1,0.31369999999999987,
伟隆股份_1002871.csv,1,4.1465,
伯特利_0603596.csv,3,7.9665,
佛塑科技_1000973.csv,2,7.803599999999999,
佛慈制药_1002644.csv,1,1.2172999999999998,
佛燃股份_1002911.csv,1,7.442,
佩蒂股份_1300673.csv,2,1.5037000000000003,
佳云科技_1300242.csv,3,2.3702000000000005,
佳力图_0603912.csv,2,3.8129,
佳沃股份_1300268.csv,1,2.8364999999999996,
佳隆股份_1002495.csv,4,3.7651000000000003,
保变电气_0600550.csv,2,3.8290999999999995,
保隆科技_0603197.csv,5,8.398799999999998,
信捷电气_0603416.csv,4,1.8332999999999995,
信隆健康_1002105.csv,2,4.825900000000001,
信雅达_0600571.csv,2,6.2934,
健友股份_0603707.csv,1,5.6602,
健民集团_0600976.csv,1,4.5858,
健盛集团_0603558.csv,2,5.6974,
傲农生物_0603363.csv,2,6.523899999999999,
元力股份_1300174.csv,1,1.8676,
元成股份_0603388.csv,2,6.442399999999999,
元隆雅图_1002878.csv,2,1.6185999999999998,
兆新股份_1002256.csv,2,3.2239000000000004,
兆易创新_0603986.csv,2,4.4554,
兆驰股份_1002429.csv,2,0.8246,
先导智能_1300450.csv,1,6.367699999999999,
先达股份_0603086.csv,1,7.028499999999999,
先锋新材_1300163.csv,3,5.390700000000001,
光华科技_1002741.csv,3,5.5586,
光大银行_0601818.csv,1,1.1885000000000001,
光弘科技_1300735.csv,2,7.977500000000001,
光明乳业_0600597.csv,1,3.5771999999999995,
光洋股份_1002708.csv,1,8.0121,
光迅科技_1002281.csv,2,2.0911,
克来机电_0603960.csv,1,0.9951999999999999,
兔宝宝_1002043.csv,5,5.1389,
全新好_1000007.csv,4,11.238000000000001,
全柴动力_0600218.csv,2,12.488299999999999,
全通教育_1300359.csv,2,3.3245000000000005,
八一钢铁_0600581.csv,6,13.030899999999999,
八菱科技_1002592.csv,5,41.0873,
兰州黄河_1000929.csv,1,1.1762000000000001,
兰花科创_0600123.csv,2,2.0328,
兴业股份_0603928.csv,2,2.957299999999999,
兴业银行_0601166.csv,1,0.36030000000000006,
兴化股份_1002109.csv,2,8.5249,
兴民智通_1002355.csv,1,4.8698,
兴源环境_1300266.csv,3,18.8678,
兴瑞科技_1002937.csv,1,8.7081,
冀凯股份_1002691.csv,3,14.234000000000002,
再升科技_0603601.csv,2,2.5432999999999995,
农产品_1000061.csv,1,1.7052,
农发种业_0600313.csv,1,3.4531,
冠农股份_0600251.csv,2,4.3201,
冠城大通_0600067.csv,2,1.9641,
冠昊生物_1300238.csv,1,8.7382,
冰轮环境_1000811.csv,3,10.4992,
凌钢股份_0600231.csv,2,2.1580000000000004,
凌霄泵业_1002884.csv,1,2.4028,
凤凰传媒_0601928.csv,4,2.6143,
凤凰股份_0600716.csv,2,6.1761,
凤竹纺织_0600493.csv,2,2.1015999999999995,
凯中精密_1002823.csv,2,3.6858000000000004,
凯众股份_0603037.csv,4,6.6394,
凯发电气_1300407.csv,5,6.9521999999999995,
凯恩股份_1002012.csv,2,7.046100000000001,
凯撒旅游_1000796.csv,2,2.3228,
凯盛科技_0600552.csv,2,7.8592,
凯美特气_1002549.csv,2,2.5465,
凯马B_0900953.csv,1,0.6663000000000001,
凯龙股份_1002783.csv,4,27.336100000000002,
分众传媒_1002027.csv,3,10.3647,
刚泰控股_0600687.csv,1,3.7401999999999997,
创源文化_1300703.csv,1,2.3129,
创维数字_1000810.csv,2,4.0303,
利君股份_1002651.csv,4,8.213,
利尔化学_1002258.csv,8,11.027,
利民股份_1002734.csv,1,4.4268,
利源精制_1002501.csv,5,15.898,
利群股份_0601366.csv,2,1.7451,
利达光电_1002189.csv,1,0.8460999999999999,
利通电子_0603629.csv,2,4.0386999999999995,
力星股份_1300421.csv,1,7.267900000000001,
力生制药_1002393.csv,4,4.1666,
加加食品_1002650.csv,6,8.8058,
动力源_0600405.csv,2,5.5763,
劲嘉股份_1002191.csv,2,2.318,
勘设股份_0603458.csv,1,3.1146000000000003,
勤上股份_1002638.csv,2,6.0493,
包钢股份_0600010.csv,1,1.6109000000000002,
北京文化_1000802.csv,2,0.9874000000000003,
北京科锐_1002350.csv,4,4.3153,
北大医药_1000788.csv,4,6.487199999999999,
北大荒_0600598.csv,2,1.4302999999999997,
北巴传媒_0600386.csv,4,5.4463,
北新路桥_1002307.csv,6,16.8044,
北方国际_1000065.csv,5,15.445800000000002,
北方稀土_0600111.csv,1,4.6388,
北汽蓝谷_0600733.csv,2,11.0837,
北特科技_0603009.csv,2,5.305,
北玻股份_1002613.csv,4,10.511700000000001,
北部湾港_1000582.csv,2,4.629900000000001,
千金药业_0600479.csv,2,1.2775999999999998,
华业资本_0600240.csv,2,9.939499999999999,
华东医药_1000963.csv,1,1.5968999999999998,
华东重机_1002685.csv,2,2.1108000000000002,
华仪电气_0600290.csv,2,5.3248999999999995,
华体科技_0603679.csv,2,1.1516,
华侨城A_1000069.csv,1,0.10719999999999996,
华信新材_1300717.csv,2,2.7169000000000003,
华光股份_0600475.csv,2,2.1856,
华兰生物_1002007.csv,1,2.8973,
华凯创意_1300592.csv,5,3.5985000000000005,
华力创通_1300045.csv,2,1.4299,
华北制药_0600812.csv,2,3.6716999999999995,
华友钴业_0603799.csv,2,4.5595,
华发股份_0600325.csv,1,0.3295000000000001,
华域汽车_0600741.csv,2,5.140499999999999,
华培动力_0603121.csv,1,4.4235999999999995,
华塑控股_1000509.csv,1,6.392099999999999,
华夏幸福_0600340.csv,1,0.8518999999999999,
华夏航空_1002928.csv,1,0.3013999999999999,
华夏银行_0600015.csv,1,0.3588,
华大基因_1300676.csv,2,2.2933999999999997,
华天酒店_1000428.csv,4,6.063799999999999,
华孚时尚_1002042.csv,1,1.2306,
华宝股份_1300741.csv,1,0.9392,
华峰氨纶_1002064.csv,4,4.149400000000001,
华峰超纤_1300180.csv,4,3.8515,
华帝股份_1002035.csv,5,9.3738,
华懋科技_0603306.csv,1,1.7118,
华扬联众_0603825.csv,4,3.0261,
华控赛格_1000068.csv,3,18.6283,
华数传媒_1000156.csv,1,1.1966,
华斯股份_1002494.csv,4,6.5616,
华昌化工_1002274.csv,2,13.233800000000002,
华昌达_1300278.csv,2,6.654,
华映科技_1000536.csv,2,6.1763,
华林证券_1002945.csv,3,10.816099999999999,
华森制药_1002907.csv,1,2.0275,
华正新材_0603186.csv,4,3.3411,
华海药业_0600521.csv,3,5.5973999999999995,
华瑞股份_1300626.csv,2,2.9673000000000003,
华电国际_0600027.csv,1,4.0651,
华电能源_0600726.csv,2,3.1814999999999998,
华电重工_0601226.csv,4,8.2455,
华纺股份_0600448.csv,1,1.7312999999999998,
华统股份_1002840.csv,2,10.1094,
华联控股_1000036.csv,1,1.4545,
华联股份_1000882.csv,2,2.6166,
华能国际_0600011.csv,1,1.6504999999999999,
华自科技_1300490.csv,1,3.6620000000000004,
华英农业_1002321.csv,1,7.0626,
华菱星马_0600375.csv,2,3.8088999999999995,
华菱精工_0603356.csv,2,1.8901999999999999,
华菱钢铁_1000932.csv,6,6.35,
华西股份_1000936.csv,3,6.244100000000001,
华讯方舟_1000687.csv,7,12.164700000000003,
华谊嘉信_1300071.csv,8,13.6453,
华谊集团_0600623.csv,4,6.1342,
华贸物流_0603128.csv,1,1.0113,
华达科技_0603358.csv,2,6.7157,
华通医药_1002758.csv,1,6.211399999999999,
华金资本_1000532.csv,2,6.0525,
华鑫股份_0600621.csv,3,3.9004,
华铁股份_1000976.csv,4,6.3541,
华铭智能_1300462.csv,2,4.8458000000000006,
华锋股份_1002806.csv,2,5.2456000000000005,
华锦股份_1000059.csv,2,5.175000000000001,
华闻传媒_1000793.csv,4,7.0481,
华阳集团_1002906.csv,2,2.6039999999999996,
华鲁恒升_0600426.csv,2,2.0421000000000005,
华鼎股份_0601113.csv,4,5.6907,
南京公用_1000421.csv,4,4.8119,
南京化纤_0600889.csv,3,3.896499999999999,
南京医药_0600713.csv,4,2.1304,
南京港_1002040.csv,1,3.4064,
南京证券_0601990.csv,1,2.2052000000000005,
南京银行_0601009.csv,2,2.0843,
南京高科_0600064.csv,3,4.8741,
南华生物_1000504.csv,3,9.9921,
南国置业_1002305.csv,2,3.7121999999999997,
南威软件_0603636.csv,2,5.739299999999999,
南宁糖业_1000911.csv,2,3.1488,
南山铝业_0600219.csv,5,3.1023999999999994,
南岭民爆_1002096.csv,3,8.4574,
南方传媒_0601900.csv,2,2.7698,
南方航空_0600029.csv,1,0.7531000000000001,
南方轴承_1002553.csv,1,6.1906,
南极电商_1002127.csv,1,2.2289,
南洋股份_1002212.csv,2,1.4005,
南玻A_1000012.csv,2,2.7405,
南玻B_1200012.csv,1,1.1848999999999998,
南纺股份_0600250.csv,3,3.1596,
南都电源_1300068.csv,2,7.019300000000001,
博世科_1300422.csv,2,5.5516,
博信股份_0600083.csv,1,0.5133000000000001,
博士眼镜_1300622.csv,1,4.355600000000001,
博天环境_0603603.csv,2,4.4616999999999996,
博敏电子_0603936.csv,2,6.194599999999999,
博晖创新_1300318.csv,2,1.0604,
博汇纸业_0600966.csv,2,4.6045,
博腾股份_1300363.csv,2,7.1218,
博通股份_0600455.csv,1,0.1302000000000001,
博闻科技_0600883.csv,6,7.026199999999999,
卧龙地产_0600173.csv,3,5.1657,
厚普股份_1300471.csv,2,10.0679,
原尚股份_0603813.csv,1,3.0252,
厦工股份_0600815.csv,6,16.963099999999997,
厦门国贸_0600755.csv,4,3.4986999999999995,
厦门港务_1000905.csv,3,8.485299999999999,
厦门象屿_0600057.csv,3,2.2361999999999997,
厦门钨业_0600549.csv,5,4.7059999999999995,
友阿股份_1002277.csv,4,4.385400000000001,
双塔食品_1002481.csv,5,12.840800000000002,
双成药业_1002693.csv,2,3.8849000000000005,
双林股份_1300100.csv,4,5.4952000000000005,
双汇发展_1000895.csv,1,1.9339,
双环传动_1002472.csv,7,4.5534,
双箭股份_1002381.csv,2,2.5154,
双良节能_0600481.csv,2,4.276199999999999,
双象股份_1002395.csv,1,3.4530999999999996,
双鹭药业_1002038.csv,4,5.6503,
台华新材_0603055.csv,2,4.1804,
台海核电_1002366.csv,2,3.2133,
史丹利_1002588.csv,4,5.5029,
司尔特_1002538.csv,2,2.0547999999999997,
合众思壮_1002383.csv,4,6.8976,
合兴包装_1002228.csv,6,11.4863,
合力泰_1002217.csv,2,3.2088,
合力科技_0603917.csv,2,3.1128,
合盛硅业_0603260.csv,4,4.417,
合诚股份_0603909.csv,4,4.7661,
合金投资_1000633.csv,2,2.4096,
吉林化纤_1000420.csv,4,4.2675,
吉林森工_0600189.csv,2,4.0634,
吉林高速_0601518.csv,2,2.4002999999999997,
吉电股份_1000875.csv,2,3.1516,
吉翔股份_0603399.csv,1,1.2943,
吉艾科技_1300309.csv,2,7.066700000000001,
吉药控股_1300108.csv,1,3.5436,
吉视传媒_0601929.csv,3,4.911099999999999,
吉鑫科技_0601218.csv,2,3.2392000000000003,
同为股份_1002835.csv,1,2.9038,
同仁堂_0600085.csv,1,1.6826,
同兴达_1002845.csv,3,5.246,
同和药业_1300636.csv,4,4.8679,
同大股份_1300321.csv,2,1.2669,
同济堂_0600090.csv,2,1.4313999999999998,
同济科技_0600846.csv,2,8.6206,
同益股份_1300538.csv,1,1.4545,
同花顺_1300033.csv,1,5.7989,
名家汇_1300506.csv,1,4.656000000000001,
向日葵_1300111.csv,2,3.8149,
君正集团_0601216.csv,2,1.3956,
启明星辰_1002439.csv,1,0.5836999999999999,
启迪桑德_1000826.csv,2,1.3355000000000001,
周大生_1002867.csv,1,0.9954999999999998,
和晶科技_1300279.csv,1,6.661300000000001,
和胜股份_1002824.csv,2,2.8292,
哈尔斯_1002615.csv,4,3.8381,
哈药股份_0600664.csv,2,5.8095,
哈高科_0600095.csv,2,5.8128,
唐人神_1002567.csv,1,3.7457999999999996,
商业城_0600306.csv,2,6.754899999999999,
喜临门_0603008.csv,2,5.6402,
嘉事堂_1002462.csv,1,1.5455999999999999,
嘉化能源_0600273.csv,2,9.0276,
嘉应制药_1002198.csv,2,8.3531,
嘉欣丝绸_1002404.csv,1,2.2457,
嘉泽新能_0601619.csv,2,4.728,
嘉澳环保_0603822.csv,2,4.5322,
嘉诚国际_0603535.csv,4,3.2256999999999993,
四川路桥_0600039.csv,2,1.9137999999999997,
四川金顶_0600678.csv,2,5.9026000000000005,
四方科技_0603339.csv,2,1.5686999999999995,
四方达_1300179.csv,2,7.6439,
四环生物_1000518.csv,3,9.1308,
四通新材_1300428.csv,2,2.0864,
园城黄金_0600766.csv,1,4.1952,
围海股份_1002586.csv,4,6.392199999999999,
国中水务_0600187.csv,2,3.4474,
国信证券_1002736.csv,2,1.1985000000000001,
国光电器_1002045.csv,3,13.0148,
国光股份_1002749.csv,1,0.3547,
国恩股份_1002768.csv,2,2.0210000000000004,
国投电力_0600886.csv,1,0.5071000000000001,
国新健康_1000503.csv,2,4.5397,
国新能源_0600617.csv,2,7.4049000000000005,
国旅联合_0600358.csv,4,9.4307,
国星光电_1002449.csv,1,0.5806,
国机汽车_0600335.csv,2,3.3602,
国机通用_0600444.csv,2,5.0097,
国检集团_0603060.csv,2,2.9139,
国民技术_1300077.csv,4,6.886100000000001,
国泰集团_0603977.csv,3,2.6504,
国电南瑞_0600406.csv,1,4.765,
国电南自_0600268.csv,1,8.5983,
国电电力_0600795.csv,1,1.0324000000000002,
国祯环保_1300388.csv,2,4.2432,
国立科技_1300716.csv,2,1.8516999999999997,
国美通讯_0600898.csv,3,5.4677999999999995,
国联水产_1300094.csv,1,5.3253,
国脉科技_1002093.csv,2,9.566400000000002,
国芳集团_0601086.csv,2,3.2070000000000003,
国药股份_0600511.csv,4,5.5123999999999995,
国际医学_1000516.csv,3,10.311,
国风塑业_1000859.csv,2,13.5402,
圆通速递_0600233.csv,2,2.5614,
圣农发展_1002299.csv,1,5.278700000000001,
圣济堂_0600227.csv,2,6.107799999999999,
圣龙股份_0603178.csv,2,2.3762,
地素时尚_0603587.csv,1,0.5014000000000001,
均胜电子_0600699.csv,1,2.6548,
坚朗五金_1002791.csv,2,4.406700000000001,
坚瑞沃能_1300116.csv,3,14.1721,
基蛋生物_0603387.csv,5,7.3104,
塞力斯_0603716.csv,2,10.360999999999999,
复旦复华_0600624.csv,3,15.1145,
外高桥_0600648.csv,3,4.3148,
多氟多_1002407.csv,7,8.8399,
大业股份_0603278.csv,4,5.096299999999999,
大东方_0600327.csv,2,1.8375,
大东海A_1000613.csv,2,5.4529000000000005,
大亚圣象_1000910.csv,12,18.2546,
大众交通_0600611.csv,3,2.7831,
大众公用_0600635.csv,3,9.1737,
大元泵业_0603757.csv,2,6.2227,
大冶特钢_1000708.csv,2,3.7059,
大北农_1002385.csv,2,8.8565,
大千生态_0603955.csv,3,6.407800000000001,
大同煤业_0601001.csv,3,7.0100999999999996,
大名城_0600094.csv,3,26.5002,
大唐发电_0601991.csv,1,0.8607000000000002,
大商股份_0600694.csv,2,1.4208,
大庆华科_1000985.csv,2,4.3591,
大康农业_1002505.csv,2,10.182200000000002,
大恒科技_0600288.csv,3,4.6906,
大族激光_1002008.csv,2,3.3706,
大晟文化_0600892.csv,3,10.895299999999999,
大智慧_0601519.csv,3,3.7752,
大有能源_0600403.csv,2,5.2523,
大洋电机_1002249.csv,2,6.921900000000001,
大湖股份_0600257.csv,3,8.383699999999997,
大烨智能_1300670.csv,3,6.397100000000001,
大理药业_0603963.csv,2,5.478599999999999,
大秦铁路_0601006.csv,1,0.35319999999999996,
大西洋_0600558.csv,2,4.7943,
大豪科技_0603025.csv,2,1.8208,
大金重工_1002487.csv,2,2.9005,
天保基建_1000965.csv,7,5.706799999999999,
天华院_0600579.csv,1,4.2428,
天原集团_1002386.csv,2,5.8169,
天喻信息_1300205.csv,1,1.0034999999999998,
天地数码_1300743.csv,1,0.23419999999999996,
天地科技_0600582.csv,2,0.8649,
天坛生物_0600161.csv,1,0.9975000000000003,
天域生态_0603717.csv,2,4.2668,
天壕环境_1300332.csv,2,5.1487,
天夏智慧_1000662.csv,2,3.1105,
天奇股份_1002009.csv,5,7.8994,
天威视讯_1002238.csv,1,2.4238,
天安新材_0603725.csv,2,4.0710999999999995,
天宝食品_1002220.csv,2,8.1157,
天宸股份_0600620.csv,1,2.6671000000000005,
天富能源_0600509.csv,3,14.808500000000002,
天山生物_1300313.csv,1,8.7346,
天山股份_1000877.csv,2,2.7373,
天广中茂_1002509.csv,2,12.0726,
天康生物_1002100.csv,2,9.949,
天桥起重_1002523.csv,2,3.0108,
天永智能_0603895.csv,2,4.147799999999999,
天津普林_1002134.csv,5,7.057999999999999,
天津松江_0600225.csv,3,19.366,
天津港_0600717.csv,2,2.076,
天润乳业_0600419.csv,1,1.5923,
天润曲轴_1002283.csv,3,6.1301,
天目湖_0603136.csv,1,2.2588,
天目药业_0600671.csv,1,6.1548,
天神娱乐_1002354.csv,2,13.079500000000001,
天药股份_0600488.csv,2,12.2103,
天赐材料_1002709.csv,1,0.1723999999999999,
天邦股份_1002124.csv,1,2.5274,
天风证券_0601162.csv,3,6.056699999999999,
天首发展_1000611.csv,2,4.4131,
天马科技_0603668.csv,3,2.4968,
天鹅股份_0603029.csv,2,2.2661999999999995,
天齐锂业_1002466.csv,1,1.5764,
天龙光电_1300029.csv,2,1.5189000000000004,
太化股份_0600281.csv,4,17.4193,
太原重工_0600169.csv,2,3.4060999999999995,
太平洋_0601099.csv,1,0.4607000000000001,
太平鸟_0603877.csv,3,1.1508999999999996,
太极集团_0600129.csv,3,5.3565,
太钢不锈_1000825.csv,3,4.7041,
太阳能_1000591.csv,2,4.1398,
太龙照明_1300650.csv,1,0.8197999999999999,
太龙药业_0600222.csv,2,5.0405,
奇正藏药_1002287.csv,1,0.016999999999999904,
奥克股份_1300082.csv,2,2.5563,
奥康国际_0603001.csv,2,3.0888999999999998,
奥拓电子_1002587.csv,3,10.0178,
奥特佳_1002239.csv,2,6.9169,
奥特迅_1002227.csv,2,3.7054000000000005,
奥瑞金_1002701.csv,1,1.5082,
奥翔药业_0603229.csv,1,0.5162,
奥联电子_1300585.csv,2,1.2929000000000002,
奥飞娱乐_1002292.csv,3,7.0768,
好当家_0600467.csv,1,4.394,
好莱客_0603898.csv,1,0.14240000000000008,
如意集团_1002193.csv,4,6.2195,
如通股份_0603036.csv,4,6.2094000000000005,
姚记扑克_1002605.csv,1,1.0015,
威创股份_1002308.csv,2,3.6081000000000003,
威华股份_1002240.csv,1,8.6905,
威孚高科_1000581.csv,7,13.2502,
威尔泰_1002058.csv,2,4.103400000000001,
威尔药业_0603351.csv,1,0.39860000000000007,
威帝股份_0603023.csv,2,4.652,
威海广泰_1002111.csv,1,1.2860999999999998,
威龙股份_0603779.csv,2,1.4839999999999998,
宁波东力_1002164.csv,4,14.0256,
宁波中百_0600857.csv,2,3.2889,
宁波华翔_1002048.csv,1,1.4106999999999998,
宁波富达_0600724.csv,2,3.3592999999999997,
宁波富邦_0600768.csv,2,4.4145,
宁波水表_0603700.csv,1,1.7272999999999998,
宁波海运_0600798.csv,4,8.313999999999998,
宁波银行_1002142.csv,1,1.0088,
宁波高发_0603788.csv,6,6.5357,
宇晶股份_1002943.csv,3,6.132,
宇通客车_0600066.csv,2,9.962299999999999,
安信信托_0600816.csv,2,9.8399,
安利股份_1300218.csv,2,2.4745,
安徽合力_0600761.csv,1,0.6475,
安控科技_1300370.csv,2,3.5116000000000005,
安正时尚_0603839.csv,2,3.3680999999999996,
安纳达_1002136.csv,1,1.6122,
安记食品_0603696.csv,1,5.9951,
安迪苏_0600299.csv,5,12.0563,
安道麦A_1000553.csv,4,3.2823,
安阳钢铁_0600569.csv,2,3.8282999999999996,
安靠智电_1300617.csv,3,3.2419000000000002,
完美世界_1002624.csv,2,2.4774000000000003,
宏创控股_1002379.csv,1,2.5244,
宏川智慧_1002930.csv,4,8.5815,
宏昌电子_0603002.csv,2,6.2756,
宏辉果蔬_0603336.csv,1,5.8204,
宏达新材_1002211.csv,3,17.4019,
宏达矿业_0600532.csv,2,3.6402,
宗申动力_1001696.csv,4,21.575000000000003,
宜宾纸业_0600793.csv,2,3.2497,
宝利国际_1300135.csv,2,3.5776000000000003,
宝德股份_1300023.csv,4,23.2764,
宝胜股份_0600973.csv,2,5.739899999999999,
宝色股份_1300402.csv,1,2.0726,
宝莫股份_1002476.csv,3,4.435499999999999,
宝莱特_1300246.csv,1,4.217499999999999,
宝鹰股份_1002047.csv,2,0.4953000000000001,
实丰文化_1002862.csv,1,6.646000000000001,
富春环保_1002479.csv,2,1.6639999999999997,
富森美_1002818.csv,1,1.517,
富瀚微_1300613.csv,2,1.7952,
寒锐钴业_1300618.csv,2,1.9941,
小商品城_0600415.csv,2,3.7419000000000002,
小天鹅A_1000418.csv,1,1.6759,
小天鹅B_1200418.csv,1,1.0511,
小康股份_0601127.csv,2,3.6949999999999994,
尔康制药_1300267.csv,1,3.4524000000000004,
尖峰集团_0600668.csv,1,4.3682,
尚品宅配_1300616.csv,3,3.0038,
展鹏科技_0603488.csv,2,6.3871,
山东华鹏_0603021.csv,1,1.9903000000000002,
山东墨龙_1002490.csv,4,7.1903999999999995,
山东海化_1000822.csv,2,3.309,
山东矿机_1002526.csv,4,4.1958,
山东路桥_1000498.csv,1,3.4669000000000003,
山东钢铁_0600022.csv,2,2.7231,
山东高速_0600350.csv,1,0.23340000000000005,
山大华特_1000915.csv,1,1.5453999999999999,
山推股份_1000680.csv,2,4.8038,
山西焦化_0600740.csv,2,4.8222,
山西路桥_1000755.csv,1,2.6925,
岭南控股_1000524.csv,4,4.2882,
岭南股份_1002717.csv,5,3.228100000000001,
岷江水电_0600131.csv,1,5.0100999999999996,
峨眉山A_1000888.csv,4,5.678800000000001,
川环科技_1300547.csv,2,7.8879,
巨人网络_1002558.csv,1,1.7317999999999998,
巨力索具_1002342.csv,4,7.2166999999999994,
巨化股份_0600160.csv,2,6.277,
巨轮智能_1002031.csv,4,7.3956,
巴安水务_1300262.csv,3,5.1141000000000005,
市北B股_0900902.csv,1,0.49360000000000004,
市北高新_0600604.csv,3,18.447699999999998,
希努尔_1002485.csv,2,10.2362,
常宝股份_1002478.csv,1,1.9910999999999999,
常山药业_1300255.csv,1,5.441800000000001,
常铝股份_1002160.csv,4,8.386600000000001,
平安银行_1000001.csv,1,1.1263,
平治信息_1300571.csv,1,8.7201,
平潭发展_1000592.csv,1,4.4596,
幸福蓝海_1300528.csv,3,14.013900000000001,
广东明珠_0600382.csv,2,4.1064,
广东甘化_1000576.csv,2,7.603600000000001,
广东骏亚_0603386.csv,2,6.0609,
广博股份_1002103.csv,2,5.0036000000000005,
广和通_1300638.csv,2,2.1302000000000003,
广宇发展_1000537.csv,1,4.5958000000000006,
广宇集团_1002133.csv,4,3.2979999999999996,
广安爱众_0600979.csv,4,5.9935,
广州发展_0600098.csv,2,1.4238,
广州浪奇_1000523.csv,2,3.9751,
广弘控股_1000529.csv,1,8.767900000000001,
广晟有色_0600259.csv,1,3.0577999999999994,
广汇物流_0600603.csv,4,7.642599999999998,
广汇能源_0600256.csv,2,5.2175,
广汽集团_0601238.csv,2,3.409,
广济药业_1000952.csv,3,0.9440000000000001,
广生堂_1300436.csv,2,2.1238,
广田集团_1002482.csv,2,3.2867,
广电电气_0601616.csv,2,7.4558,
广百股份_1002187.csv,1,0.028699999999999948,
广西广电_0600936.csv,1,0.3892,
庄园牧场_1002910.csv,1,3.0791999999999997,
应流股份_0603308.csv,4,4.6994,
庞大集团_0601258.csv,2,4.7317,
康力电梯_1002367.csv,3,7.9593,
康拓红外_1300455.csv,1,1.1096,
康旗股份_1300061.csv,1,4.8451,
康欣新材_0600076.csv,1,0.3829,
康泰生物_1300601.csv,1,1.2959999999999998,
康缘药业_0600557.csv,1,2.4587000000000003,
康美药业_0600518.csv,3,7.873199999999999,
康辰药业_0603590.csv,3,1.8574000000000002,
康达新材_1002669.csv,2,8.968100000000002,
延华智能_1002178.csv,7,11.9391,
延江股份_1300658.csv,1,0.4464999999999999,
延长化建_0600248.csv,1,7.635199999999999,
建发股份_0600153.csv,1,0.32140000000000013,
建研院_0603183.csv,2,4.430899999999999,
建研集团_1002398.csv,2,4.277799999999999,
建科院_1300675.csv,1,1.6766,
开创国际_0600097.csv,4,6.361999999999999,
开尔新材_1300234.csv,1,4.494400000000001,
开山股份_1300257.csv,4,2.6421,
开开实业_0600272.csv,4,7.455399999999999,
引力传媒_0603598.csv,4,10.491599999999998,
弘业股份_0600128.csv,4,10.788799999999998,
弘亚数控_1002833.csv,1,0.6593,
弘信电子_1300657.csv,2,4.914,
张家港行_1002839.csv,1,0.5246,
张江高科_0600895.csv,3,10.5295,
张裕A_1000869.csv,4,2.7559,
张裕B_1200869.csv,1,0.10509999999999997,
当代东方_1000673.csv,2,12.6133,
当代明诚_0600136.csv,3,10.1291,
彤程新材_0603650.csv,2,4.4163,
徐工机械_1000425.csv,3,4.3102,
得利斯_1002330.csv,1,4.4018999999999995,
得润电子_1002055.csv,7,7.7665,
德创环保_0603177.csv,2,4.0911,
德力股份_1002571.csv,3,8.3903,
德威新材_1300325.csv,2,10.181400000000002,
德尔未来_1002631.csv,2,10.7856,
德尔股份_1300473.csv,1,2.4466,
德新交运_0603032.csv,2,3.9019999999999992,
德联集团_1002666.csv,2,12.749100000000002,
德豪润达_1002005.csv,5,10.567700000000002,
德赛电池_1000049.csv,3,6.3979,
德赛西威_1002920.csv,2,1.1737000000000004,
必创科技_1300667.csv,4,5.6205,
志邦家居_0603801.csv,2,0.6580999999999999,
怡亚通_1002183.csv,4,3.4665,
怡球资源_0601388.csv,2,5.795,
怡达股份_1300721.csv,2,4.5501000000000005,
恒丰纸业_0600356.csv,2,2.7592999999999996,
恒信东方_1300081.csv,1,2.8226999999999998,
恒力股份_0600346.csv,1,2.1024000000000003,
恒华科技_1300365.csv,7,10.2622,
恒基达鑫_1002492.csv,3,4.7267,
恒大高新_1002591.csv,2,2.4046000000000003,
恒天海龙_1000677.csv,2,6.861700000000001,
恒康医疗_1002219.csv,2,7.7330000000000005,
恒星科技_1002132.csv,3,5.606999999999999,
恒泰艾普_1300157.csv,4,11.492799999999999,
恒润股份_0603985.csv,1,0.5729,
恒源煤电_0600971.csv,2,4.2731,
恒瑞医药_0600276.csv,1,1.2589,
恒立实业_1000622.csv,3,11.0732,
恒立液压_0601100.csv,1,3.567,
恒通科技_1300374.csv,2,3.6161000000000003,
恒通股份_0603223.csv,3,5.7585999999999995,
恒铭达_1002947.csv,1,4.886900000000001,
恒顺众N_1300208.csv,2,15.462700000000002,
恩华药业_1002262.csv,1,1.6126999999999998,
悦心健康_1002162.csv,7,17.1481,
悦达投资_0600805.csv,2,10.8341,
惠天热电_1000692.csv,3,4.887900000000001,
惠威科技_1002888.csv,2,3.7676,
惠泉啤酒_0600573.csv,2,4.0889,
惠达卫浴_0603385.csv,2,2.5708,
意华股份_1002897.csv,4,15.0632,
慈文传媒_1002343.csv,2,4.9917,
成都路桥_1002628.csv,2,6.823499999999999,
成飞集成_1002190.csv,4,6.8619,
戴维医疗_1300314.csv,2,2.1625,
扬农化工_0600486.csv,1,2.5427999999999997,
扬帆新材_1300637.csv,2,3.9969,
承德露露_1000848.csv,1,1.073,
报喜鸟_1002154.csv,1,2.1684,
拉夏贝尔_0603157.csv,2,2.6867999999999994,
拓日新能_1002218.csv,4,8.207099999999999,
招商港口_1001872.csv,1,3.1047,
招商蛇口_1001979.csv,1,0.2811999999999999,
招商银行_0600036.csv,1,1.8219,
振东制药_1300158.csv,1,3.3382,
振华重工_0600320.csv,2,2.6277,
振德医疗_0603301.csv,1,0.05400000000000005,
振江股份_0603507.csv,1,0.6359000000000001,
振芯科技_1300101.csv,2,2.346,
振静股份_0603477.csv,2,5.1762,
捷佳伟创_1300724.csv,3,13.723200000000002,
捷捷微电_1300623.csv,2,4.685499999999999,
捷昌驱动_0603583.csv,1,1.3207000000000002,
捷顺科技_1002609.csv,5,5.697000000000001,
掌阅科技_0603533.csv,2,10.1223,
搜于特_1002503.csv,2,3.2395,
攀钢钒钛_1000629.csv,2,0.8665,
敦煌种业_0600354.csv,2,6.306099999999999,
数字认证_1300579.csv,2,15.503300000000001,
文一科技_0600520.csv,2,1.1005999999999998,
文化长城_1300089.csv,1,1.0457,
文山电力_0600995.csv,2,3.6614999999999998,
文峰股份_0601010.csv,2,4.2333,
文投控股_0600715.csv,6,15.5205,
文灿股份_0603348.csv,6,11.886500000000002,
斯太尔_1000760.csv,2,9.5123,
斯莱克_1300382.csv,4,5.2022,
新乳业_1002946.csv,1,8.7254,
新五丰_0600975.csv,1,8.684899999999999,
新兴装备_1002933.csv,2,2.2891,
新农开发_0600359.csv,2,3.0896999999999997,
新农股份_1002942.csv,1,2.7914,
新劲刚_1300629.csv,2,1.7277999999999998,
新华传媒_0600825.csv,3,8.1649,
新华保险_0601336.csv,1,0.07150000000000012,
新华制药_1000756.csv,3,7.144500000000001,
新华医疗_0600587.csv,4,3.0126999999999997,
新华百货_0600785.csv,1,1.171,
新华联_1000620.csv,4,5.0600000000000005,
新华都_1002264.csv,6,8.6149,
新和成_1002001.csv,1,2.6417,
新大洲A_1000571.csv,5,15.370800000000003,
新天然气_0603393.csv,2,1.5788,
新天药业_1002873.csv,2,1.3895000000000002,
新宏泰_0603016.csv,3,3.7363000000000004,
新日恒力_0600165.csv,4,17.787,
新日股份_0603787.csv,1,5.3555,
新泉股份_0603179.csv,2,4.874499999999999,
新海宜_1002089.csv,1,0.6809000000000001,
新湖中宝_0600208.csv,3,3.8714,
新潮能源_0600777.csv,2,11.0105,
新澳股份_0603889.csv,1,1.3491000000000002,
新疆交建_1002941.csv,2,8.735100000000001,
新疆天业_0600075.csv,2,7.6042000000000005,
新疆浩源_1002700.csv,2,8.861400000000001,
新疆火炬_0603080.csv,2,6.7266,
新美星_1300509.csv,1,4.102499999999999,
新赛股份_0600540.csv,2,7.0588,
新钢股份_0600782.csv,5,9.4544,
新集能源_0601918.csv,2,3.2095,
方大特钢_0600507.csv,1,1.41,
方盛制药_0603998.csv,2,4.3518,
旗滨集团_0601636.csv,2,3.6139999999999994,
日上集团_1002593.csv,2,6.0276,
日播时尚_0603196.csv,2,4.0453,
日机密封_1300470.csv,1,2.077,
日科化学_1300214.csv,4,6.5702,
旭升股份_0603305.csv,7,9.4648,
时代万恒_0600241.csv,2,13.3442,
时代新材_0600458.csv,1,5.0907,
旷达科技_1002516.csv,2,3.6519,
旺能环境_1002034.csv,2,0.5096,
昆药集团_0600422.csv,2,6.365200000000001,
昌红科技_1300151.csv,1,0.21710000000000007,
明德生物_1002932.csv,2,5.5249999999999995,
明泰铝业_0601677.csv,1,1.1982000000000002,
明牌珠宝_1002574.csv,3,7.0159,
易世达_1300125.csv,1,1.2751000000000001,
易尚展示_1002751.csv,3,6.4071,
易明医药_1002826.csv,2,1.2463000000000004,
易见股份_0600093.csv,2,5.549499999999999,
星帅尔_1002860.csv,2,4.212,
星星科技_1300256.csv,6,13.2836,
星期六_1002291.csv,3,9.160499999999999,
星源材质_1300568.csv,4,5.7781,
星辉娱乐_1300043.csv,1,5.7768999999999995,
春兰股份_0600854.csv,2,3.8028000000000004,
春兴精工_1002547.csv,1,8.7201,
春秋航空_0601021.csv,1,0.09870000000000001,
昭衍新药_0603127.csv,1,1.6561000000000001,
晋西车轴_0600495.csv,2,3.7611999999999997,
晓程科技_1300139.csv,2,14.063900000000002,
晨光生物_1300138.csv,2,12.6859,
晨化股份_1300610.csv,3,4.602,
晨曦航空_1300581.csv,7,7.5613,
晨鸣纸业_1000488.csv,2,1.3578,
普利制药_1300630.csv,1,0.8847999999999998,
普利特_1002324.csv,1,2.0936,
普莱柯_0603566.csv,1,1.9913,
普路通_1002769.csv,1,3.2457999999999996,
景兴纸业_1002067.csv,2,2.5009000000000006,
景嘉微_1300474.csv,1,1.7689,
晶华新材_0603683.csv,2,10.5421,
智云股份_1300097.csv,2,4.752700000000001,
智度股份_1000676.csv,1,5.5656,
智慧松德_1300173.csv,3,7.9786,
智能自控_1002877.csv,1,0.8914,
暴风集团_1300431.csv,4,10.5407,
朗姿股份_1002612.csv,5,2.9321000000000006,
朗迪集团_0603726.csv,1,3.2031,
木林森_1002745.csv,2,2.9967,
本钢板材_1000761.csv,3,2.9379,
杉杉股份_0600884.csv,5,7.207999999999999,
杭叉集团_0603298.csv,2,0.9141999999999997,
杭州园林_1300649.csv,1,1.7928000000000002,
杭州银行_0600926.csv,1,0.3013000000000001,
杭氧股份_1002430.csv,3,5.8726,
杭钢股份_0600126.csv,2,2.4677999999999995,
杭齿前进_0601177.csv,1,3.9614000000000003,
杰瑞股份_1002353.csv,1,1.4512,
林州重机_1002535.csv,2,5.569,
柘中股份_1002346.csv,1,5.5123,
柯利达_0603828.csv,1,2.6619,
柳工_1000528.csv,2,3.7328,
柳钢股份_0601003.csv,2,2.6994999999999996,
标准股份_0600302.csv,2,5.8839,
栖霞建设_0600533.csv,2,1.9732,
格力电器_1000651.csv,3,4.7067,
格尔软件_0603232.csv,2,5.4494,
桂东电力_0600310.csv,2,4.1041,
桂林三金_1002275.csv,2,0.3554999999999999,
梅花生物_0600873.csv,1,2.4627999999999997,
梅轮电梯_0603321.csv,4,10.240199999999998,
梅雁吉祥_0600868.csv,3,23.303099999999997,
梦洁股份_1002397.csv,4,2.8616000000000006,
梦百合_0603313.csv,1,0.04410000000000003,
梦舟股份_0600255.csv,2,11.875499999999999,
棒杰股份_1002634.csv,3,4.5024,
森源电气_1002358.csv,2,0.9254000000000002,
森远股份_1300210.csv,2,4.5604,
森霸传感_1300701.csv,3,7.142200000000001,
模塑科技_1000700.csv,2,5.206600000000001,
横店影视_0603103.csv,5,12.4605,
横河模具_1300539.csv,2,3.835,
欢瑞世纪_1000892.csv,2,7.406200000000001,
欣锐科技_1300745.csv,4,11.3194,
欧比特_1300053.csv,4,7.499399999999999,
正丹股份_1300641.csv,2,2.4052000000000002,
正泰电器_0601877.csv,1,6.886099999999999,
正虹科技_1000702.csv,1,7.297500000000001,
正邦科技_1002157.csv,1,1.4609999999999999,
步森股份_1002569.csv,3,13.356700000000002,
步步高_1002251.csv,4,5.5759,
武汉控股_0600168.csv,2,3.1311,
毅昌股份_1002420.csv,2,4.668200000000001,
比亚迪_1002594.csv,2,0.3562000000000003,
民丰特纸_0600235.csv,1,8.6187,
民生银行_0600016.csv,1,0.36929999999999996,
氯碱化工_0600618.csv,2,7.9029,
永东股份_1002753.csv,5,7.399400000000001,
永兴特钢_1002756.csv,5,4.870799999999999,
永和智控_1002795.csv,1,0.6580999999999999,
永安林业_1000663.csv,7,6.322499999999998,
永安行_0603776.csv,2,5.3637,
永悦科技_0603879.csv,2,2.3498,
永新光学_0603297.csv,1,8.3727,
永清环保_1300187.csv,2,13.1225,
永福股份_1300712.csv,4,7.4671,
汇嘉时代_0603101.csv,3,4.3567,
汇得科技_0603192.csv,2,3.2462999999999997,
汉森制药_1002412.csv,4,10.799199999999999,
江中药业_0600750.csv,1,0.41300000000000003,
江丰电子_1300666.csv,2,1.9740000000000002,
江化微_0603078.csv,2,3.3476,
江南水务_0601199.csv,2,3.9105,
江山欧派_0603208.csv,2,3.2449,
江河集团_0601886.csv,1,0.29920000000000013,
江泉实业_0600212.csv,2,8.3519,
江海股份_1002484.csv,2,2.0066,
江特电机_1002176.csv,2,5.2855,
江苏吴中_0600200.csv,3,6.839099999999999,
江苏国泰_1002091.csv,1,1.1993999999999998,
江苏新能_0603693.csv,2,6.9526,
江苏有线_0600959.csv,3,2.6883999999999997,
江苏租赁_0600901.csv,2,2.2021999999999995,
江苏阳光_0600220.csv,2,3.1641999999999992,
江西长运_0600561.csv,2,3.6121,
江铃B_1200550.csv,4,2.9646,
江龙船艇_1300589.csv,1,3.0711,
沃施股份_1300483.csv,1,0.8157999999999999,
沃格光电_0603773.csv,1,8.8019,
沃森生物_1300142.csv,2,1.3464,
沃特股份_1002886.csv,3,4.7014,
沈阳机床_1000410.csv,1,2.3633,
沙河股份_1000014.csv,3,3.0628,
沙钢股份_1002075.csv,1,5.5577000000000005,
沧州大化_0600230.csv,3,14.831699999999998,
沧州明珠_1002108.csv,2,3.0712,
沪宁股份_1300669.csv,1,1.326,
河钢股份_1000709.csv,1,1.3828,
泛海控股_1000046.csv,2,2.5124,
泰合健康_1000790.csv,3,5.5934,
泰和新材_1002254.csv,3,3.3306000000000004,
泰嘉股份_1002843.csv,1,1.7826,
泰永长征_1002927.csv,2,6.129899999999999,
泰禾光电_0603656.csv,2,1.3907,
泰达股份_1000652.csv,4,4.5161999999999995,
洋河股份_1002304.csv,1,0.00869999999999993,
洛凯股份_0603829.csv,3,19.7657,
洛阳玻璃_0600876.csv,2,3.0685000000000002,
洛阳钼业_0603993.csv,2,1.4309999999999998,
津劝业_0600821.csv,2,4.087299999999999,
津滨发展_1000897.csv,1,0.6809000000000001,
津膜科技_1300334.csv,2,2.3099,
洪城水业_0600461.csv,1,1.2559000000000002,
洪涛股份_1002325.csv,2,5.6075,
洲明科技_1300232.csv,2,1.2104000000000001,
洲际油气_0600759.csv,3,15.364399999999998,
洽洽食品_1002557.csv,3,2.9891,
济川药业_0600566.csv,1,1.5714,
济民制药_0603222.csv,1,1.4274000000000002,
浙富控股_1002266.csv,4,2.953,
浙江世宝_1002703.csv,3,6.9321,
浙江交科_1002061.csv,4,8.8037,
浙江医药_0600216.csv,1,0.4105000000000001,
浙江美大_1002677.csv,1,0.39280000000000004,
浙江震元_1000705.csv,4,3.8680999999999996,
浙江鼎力_0603338.csv,1,0.7942,
浙江龙盛_0600352.csv,1,0.2582,
浦东建设_0600284.csv,3,7.3579,
浦发银行_0600000.csv,1,0.7083000000000002,
浩丰科技_1300419.csv,2,1.5618999999999998,
浩云科技_1300448.csv,1,1.2218,
海亮股份_1002203.csv,1,0.2768999999999999,
海伦哲_1300201.csv,4,5.6181,
海兴电力_0603556.csv,1,0.8386000000000002,
海利尔_0603639.csv,1,8.7876,
海利得_1002206.csv,10,8.1215,
海南橡胶_0601118.csv,2,5.2009,
海南海药_1000566.csv,1,7.175600000000001,
海南瑞泽_1002596.csv,4,8.671100000000001,
海南矿业_0601969.csv,2,1.7528,
海南高速_1000886.csv,4,5.1363,
海印股份_1000861.csv,4,4.0992999999999995,
海天味业_0603288.csv,1,1.4288999999999998,
海天精工_0601882.csv,2,3.5506999999999995,
海宁皮城_1002344.csv,4,4.495100000000001,
海容冷链_0603187.csv,1,2.9878,
海峡环保_0603817.csv,3,6.1601,
海川智能_1300720.csv,1,0.48109999999999986,
海康威视_1002415.csv,1,0.3898999999999999,
海德股份_1000567.csv,2,8.8073,
海思科_1002653.csv,2,1.9470000000000005,
海控B股_0900945.csv,1,0.4235,
海格通信_1002465.csv,2,1.6723999999999997,
海正药业_0600267.csv,2,1.6472999999999998,
海油工程_0600583.csv,4,5.5464,
海泰发展_0600082.csv,3,6.659,
海源复材_1002529.csv,2,7.111800000000001,
海澜之家_0600398.csv,1,0.6098000000000001,
海联金汇_1002537.csv,3,7.6639,
海航创新_0600555.csv,2,5.012499999999999,
海航投资_1000616.csv,1,1.3517000000000001,
海航控股_0600221.csv,1,1.106,
海越能源_0600387.csv,3,10.192999999999998,
海陆重工_1002255.csv,1,3.1262000000000003,
海马汽车_1000572.csv,2,5.3827,
海鸥住工_1002084.csv,1,3.5675000000000003,
海默科技_1300084.csv,4,8.3452,
润建通信_1002929.csv,4,3.9971,
润禾材料_1300727.csv,2,3.4239000000000006,
润达医疗_0603108.csv,1,2.58,
润都股份_1002923.csv,1,1.8317999999999999,
涪陵榨菜_1002507.csv,1,0.04059999999999997,
涪陵电力_0600452.csv,1,4.4695,
深冷股份_1300540.csv,4,25.2878,
深圳惠程_1002168.csv,6,6.647900000000001,
深圳新星_0603978.csv,2,4.2786,
深圳燃气_0601139.csv,1,0.4630000000000001,
深圳能源_1000027.csv,1,0.1955,
深大通_1000038.csv,4,18.3957,
深天马A_1000050.csv,2,8.5899,
深康佳A_1000016.csv,2,2.6125,
深深宝B_1200019.csv,1,0.5012999999999999,
深赛格_1000058.csv,3,8.2427,
深高速_0600548.csv,1,0.254,
淳中科技_0603516.csv,2,1.9329999999999996,
清水源_1300437.csv,1,4.7766,
清源股份_0603628.csv,2,5.6713,
渝三峡A_1000565.csv,2,4.0817,
渝开发_1000514.csv,3,6.7776,
渤海汽车_0600960.csv,2,5.9910000000000005,
温州宏丰_1300283.csv,2,15.5624,
温氏股份_1300498.csv,1,2.6144,
游久游戏_0600652.csv,4,14.3056,
游族网络_1002174.csv,4,8.4382,
湖北广电_1000665.csv,1,0.27739999999999987,
湖北能源_1000883.csv,4,3.3161,
湖南投资_1000548.csv,4,6.1512,
湖南盐业_0600929.csv,2,4.4937,
湘油泵_0603319.csv,2,2.4117999999999995,
湘潭电化_1002125.csv,2,1.3490000000000004,
湘邮科技_0600476.csv,2,5.958799999999999,
溢多利_1300381.csv,1,1.0270000000000001,
滨化股份_0601678.csv,2,8.4662,
漫步者_1002351.csv,4,8.3278,
漳州发展_1000753.csv,3,7.6551,
漳泽电力_1000767.csv,2,3.5682,
潜能恒信_1300191.csv,1,1.9493,
潞安环能_0601699.csv,1,1.9709,
潮宏基_1002345.csv,2,2.7788,
澄天伟业_1300689.csv,1,1.3195000000000001,
澄星股份_0600078.csv,1,1.1473000000000002,
澳柯玛_0600336.csv,2,3.5435,
濮阳惠成_1300481.csv,2,9.5174,
瀚叶股份_0600226.csv,3,11.7342,
瀚蓝环境_0600323.csv,1,3.2531,
灵康药业_0603669.csv,2,0.9104999999999999,
炼石航空_1000697.csv,4,4.7079,
烽火通信_0600498.csv,2,3.0533,
燕塘乳业_1002732.csv,2,1.6637,
爱仕达_1002403.csv,6,2.7600000000000002,
爱康科技_1002610.csv,4,4.553400000000001,
爱建集团_0600643.csv,2,3.0211,
爱普股份_0603020.csv,2,4.594799999999999,
爱柯迪_0600933.csv,2,2.2661,
片仔癀_0600436.csv,1,3.8705999999999996,
牧原股份_1002714.csv,1,6.470599999999999,
牧高笛_0603908.csv,1,8.8019,
物产中大_0600704.csv,2,2.7542999999999997,
特一药业_1002728.csv,1,1.1303999999999998,
特发信息_1000070.csv,3,16.507800000000003,
特变电工_0600089.csv,2,2.0191,
猛狮科技_1002684.csv,2,9.1022,
獐子岛_1002069.csv,4,8.240599999999999,
环旭电子_0601231.csv,3,2.6696999999999997,
环能科技_1300425.csv,2,3.0454000000000003,
现代制药_0600420.csv,2,1.5332,
现代投资_1000900.csv,2,3.1179,
珈伟新能_1300317.csv,5,15.4376,
珠江啤酒_1002461.csv,4,6.6621999999999995,
珠江实业_0600684.csv,2,4.2392,
珠海中富_1000659.csv,1,1.8809999999999998,
珠海港_1000507.csv,6,4.476400000000001,
理工光科_1300557.csv,2,2.2897000000000003,
瑞丰光电_1300241.csv,1,6.244400000000001,
瑞丰高材_1300243.csv,2,4.4985,
瑞尔特_1002790.csv,1,0.08579999999999988,
瑞普生物_1300119.csv,2,10.0234,
瑞茂通_0600180.csv,3,6.1703,
瑞贝卡_0600439.csv,2,2.1148,
甘肃电投_1000791.csv,4,6.808199999999999,
生意宝_1002095.csv,2,2.6386000000000003,
申通地铁_0600834.csv,3,1.9065999999999996,
申通快递_1002468.csv,1,0.16809999999999992,
电光科技_1002730.csv,2,4.0516,
电广传媒_1000917.csv,3,8.8053,
电科院_1300215.csv,1,0.3006,
畅联股份_0603648.csv,3,3.1742999999999997,
界龙实业_0600836.csv,3,4.2038,
登海种业_1002041.csv,2,8.217,
白云山_0600332.csv,1,1.4568,
百傲化学_0603360.csv,1,5.5183,
百利电气_0600468.csv,2,5.5291999999999994,
百大集团_0600865.csv,2,1.2833999999999997,
百川股份_1002455.csv,2,1.2942999999999998,
百川能源_0600681.csv,3,4.6814,
百润股份_1002568.csv,1,2.1665,
百花村_0600721.csv,2,9.2914,
百邦科技_1300736.csv,1,2.3165,
皇庭国际_1000056.csv,2,7.2486,
皖天然气_0603689.csv,1,1.5360000000000003,
皖新传媒_0601801.csv,5,6.8937,
皖能电力_1000543.csv,2,1.7721000000000005,
皖通高速_0600012.csv,2,2.2488,
皮阿诺_1002853.csv,2,2.4129,
益丰药房_0603939.csv,1,0.15670000000000006,
益民集团_0600824.csv,7,4.1386,
益生股份_1002458.csv,1,6.797000000000001,
益盛药业_1002566.csv,2,3.8352000000000004,
盐湖股份_1000792.csv,1,5.9952000000000005,
盐田港_1000088.csv,5,7.805400000000001,
盘龙药业_1002864.csv,4,8.4219,
盛和资源_0600392.csv,1,3.9417,
盛屯矿业_0600711.csv,2,3.8943,
盛讯达_1300518.csv,5,6.4781,
盛达矿业_1000603.csv,1,0.03469999999999995,
盛运环保_1300090.csv,2,15.691500000000001,
盛通股份_1002599.csv,2,2.3139000000000003,
盾安环境_1002011.csv,1,5.121499999999999,
省广集团_1002400.csv,1,4.2477,
睿能科技_0603933.csv,2,4.4227,
石基信息_1002153.csv,2,0.8869000000000002,
石大胜华_0603026.csv,4,12.8034,
石英股份_0603688.csv,2,3.3479,
碧水源_1300070.csv,2,1.7011000000000003,
碳元科技_0603133.csv,2,8.1626,
祁连山_0600720.csv,2,3.2284999999999995,
神力股份_0603819.csv,2,0.6900999999999999,
神奇制药_0600613.csv,2,3.928,
神思电子_1300479.csv,2,3.3737999999999997,
神火股份_1000933.csv,3,4.7059,
神雾环保_1300156.csv,2,11.1973,
神雾节能_1000820.csv,2,5.5901,
祥和实业_0603500.csv,4,3.2554999999999996,
祥源文化_0600576.csv,2,2.7962,
福成股份_0600965.csv,3,6.1415999999999995,
福星股份_1000926.csv,1,0.03939999999999988,
福瑞股份_1300049.csv,4,11.8881,
福田汽车_0600166.csv,1,0.47409999999999997,
福耀玻璃_0600660.csv,2,0.9826999999999997,
福能股份_0600483.csv,1,4.3343,
福鞍股份_0603315.csv,2,3.5347999999999997,
禾望电气_0603063.csv,1,0.22470000000000012,
秀强股份_1300160.csv,2,3.6679000000000004,
科信技术_1300565.csv,2,7.801900000000002,
科创新源_1300731.csv,2,2.9215000000000004,
科力尔_1002892.csv,2,7.258800000000001,
科华控股_0603161.csv,2,2.2172,
科大智能_1300222.csv,2,1.5524000000000002,
科恒股份_1300340.csv,2,6.846100000000001,
科斯伍德_1300192.csv,4,6.0259,
科林电气_0603050.csv,2,3.0905999999999993,
科沃斯_0603486.csv,3,1.5152999999999999,
科泰电源_1300153.csv,3,4.4591,
科达利_1002850.csv,3,7.892200000000001,
科达洁能_0600499.csv,2,3.7910999999999992,
科迪乳业_1002770.csv,2,2.9411,
科锐国际_1300662.csv,2,4.7966999999999995,
秦安股份_0603758.csv,2,6.196999999999999,
积成电子_1002339.csv,2,1.5245999999999997,
移为通信_1300590.csv,2,1.9047999999999998,
穗恒运A_1000531.csv,2,5.535500000000001,
立华股份_1300761.csv,1,8.7072,
立讯精密_1002475.csv,1,2.0225,
章源钨业_1002378.csv,2,4.718500000000001,
粤传媒_1002181.csv,3,11.064799999999998,
粤宏远A_1000573.csv,1,4.0251,
粤桂股份_1000833.csv,5,10.212200000000001,
粤水电_1002060.csv,3,3.3881000000000006,
粤泰股份_0600393.csv,2,3.0408,
精工钢构_0600496.csv,2,5.5463000000000005,
精测电子_1300567.csv,2,1.4716000000000002,
精研科技_1300709.csv,1,5.6088000000000005,
精艺股份_1002295.csv,1,3.2706000000000004,
精达股份_0600577.csv,2,3.7394999999999996,
索通发展_0603612.csv,2,3.1027000000000005,
紫光股份_1000938.csv,2,3.2948000000000004,
紫天科技_1300280.csv,1,0.7073,
紫江企业_0600210.csv,3,6.692699999999999,
紫金矿业_0601899.csv,2,1.0074999999999998,
紫金银行_0601860.csv,1,4.3898,
紫鑫药业_1002118.csv,3,15.7405,
红太阳_1000525.csv,3,2.5284,
红宇新材_1300345.csv,1,0.4885999999999999,
红蜻蜓_0603116.csv,2,3.8226,
红阳能源_0600758.csv,4,23.5097,
纳思达_1002180.csv,1,0.8323,
继峰股份_0603997.csv,2,8.456,
维业股份_1300621.csv,2,5.1419999999999995,
维信诺_1002387.csv,2,8.717600000000001,
维力医疗_0603309.csv,2,2.9689,
维尔利_1300190.csv,2,3.1651,
维科技术_0600152.csv,2,7.2081,
绿庭B股_0900919.csv,1,0.8852,
绿庭投资_0600695.csv,3,8.7188,
绿康生化_1002868.csv,1,1.2201,
绿色动力_0601330.csv,2,10.1968,
罗博特科_1300757.csv,1,8.194700000000001,
罗牛山_1000735.csv,2,10.760800000000001,
罗莱生活_1002293.csv,1,0.4179999999999999,
美克家居_0600337.csv,3,6.865,
美凯龙_0601828.csv,5,3.4415999999999993,
美尔雅_0600107.csv,4,14.453399999999998,
美年健康_1002044.csv,3,8.793400000000002,
美思德_0603041.csv,2,2.162,
美晨生态_1300237.csv,2,8.3696,
美格智能_1002881.csv,2,9.1284,
美的集团_1000333.csv,1,2.6882,
美盈森_1002303.csv,2,6.1838999999999995,
美盛文化_1002699.csv,1,4.0794,
美联新材_1300586.csv,2,6.4658,
美锦能源_1000723.csv,2,7.9451,
羚锐制药_0600285.csv,1,1.0995000000000001,
群兴玩具_1002575.csv,3,9.267700000000001,
翠微股份_0603123.csv,4,1.8237,
翰宇药业_1300199.csv,1,2.1008999999999998,
老板电器_1002508.csv,1,1.085,
联发股份_1002394.csv,1,0.7717999999999998,
联合光电_1300691.csv,2,2.6587,
联建光电_1300269.csv,2,1.6795,
联得装备_1300545.csv,2,13.343700000000002,
联环药业_0600513.csv,4,2.3707000000000003,
聚光科技_1300203.csv,2,1.2607,
聚力文化_1002247.csv,1,8.758700000000001,
聚灿光电_1300708.csv,2,2.2819000000000003,
腾龙股份_0603158.csv,5,9.484399999999999,
至正股份_0603991.csv,2,3.6155999999999997,
舍得酒业_0600702.csv,1,3.6183999999999994,
舒泰神_1300204.csv,2,2.9299999999999997,
舜B_1200168.csv,1,3.9053,
航发动力_0600893.csv,2,0.8421000000000001,
航天信息_0600271.csv,2,5.1027,
航天彩虹_1002389.csv,4,4.759,
航天机电_0600151.csv,2,3.7349,
航天电子_0600879.csv,2,2.7055,
航天通信_0600677.csv,2,3.9814999999999996,
航新科技_1300424.csv,2,3.6973000000000003,
航民股份_0600987.csv,2,1.9708999999999994,
艾华集团_0603989.csv,2,2.4229000000000003,
艾德生物_1300685.csv,3,1.3750000000000004,
节能风电_0601016.csv,2,3.1757999999999997,
芯能科技_0603105.csv,1,8.770199999999999,
苏交科_1300284.csv,1,1.2418,
苏利股份_0603585.csv,1,2.8616,
苏博特_0603916.csv,2,3.8401999999999994,
苏垦农发_0601952.csv,2,2.6349,
苏大维格_1300331.csv,1,0.5478000000000001,
苏奥传感_1300507.csv,3,1.8014000000000003,
苏威孚B_1200581.csv,1,0.948,
苏州龙杰_0603332.csv,1,3.2424999999999997,
苏常柴A_1000570.csv,2,4.5869,
苏试试验_1300416.csv,2,2.7289000000000003,
英可瑞_1300713.csv,4,7.365200000000001,
英威腾_1002334.csv,1,5.7479,
英洛华_1000795.csv,1,4.2318999999999996,
英派斯_1002899.csv,4,7.9004,
英飞拓_1002528.csv,4,4.177,
茂业商业_0600828.csv,3,5.4234,
茂化实华_1000637.csv,1,8.705400000000001,
茂硕电源_1002660.csv,1,2.1593,
荣华实业_0600311.csv,1,4.0258,
荣晟环保_0603165.csv,2,3.005,
荣泰健康_0603579.csv,2,3.4540999999999995,
荣盛发展_1002146.csv,1,0.8212999999999999,
莎普爱思_0603168.csv,1,8.7933,
莱绅通灵_0603900.csv,2,1.4385,
莱美药业_1300006.csv,1,8.6958,
莱茵体育_1000558.csv,3,4.3024,
莱茵生物_1002166.csv,4,25.6117,
菲利华_1300395.csv,1,0.06240000000000001,
菲达环保_0600526.csv,1,3.8111999999999995,
萃华珠宝_1002731.csv,2,2.8026000000000004,
葛洲坝_0600068.csv,2,2.2911,
蒙娜丽莎_1002918.csv,1,2.2309,
蒙草生态_1300355.csv,2,2.2976,
蓝色光标_1300058.csv,1,1.6461000000000001,
蓝黛传动_1002765.csv,2,4.653700000000001,
蔚蓝生物_0603739.csv,1,5.742999999999999,
藏格控股_1000408.csv,2,3.316,
融捷健康_1300247.csv,9,17.6396,
蠡湖股份_1300694.csv,2,8.3519,
西仪股份_1002265.csv,2,3.2842000000000002,
西宁特钢_0600117.csv,2,5.0343,
西安旅游_1000610.csv,4,21.2549,
西安银行_0600928.csv,1,2.3699000000000003,
西安饮食_1000721.csv,4,12.387699999999999,
西山煤电_1000983.csv,3,2.4096,
西泵股份_1002536.csv,1,0.3852,
西王食品_1000639.csv,3,1.8713000000000002,
西菱动力_1300733.csv,2,2.1553,
西藏发展_1000752.csv,1,0.1694,
西藏城投_0600773.csv,2,5.158399999999999,
西藏矿业_1000762.csv,2,6.606,
西部建设_1002302.csv,5,13.373,
西部牧业_1300106.csv,1,5.458600000000001,
西部矿业_0601168.csv,2,1.3501999999999996,
西部资源_0600139.csv,2,7.6401,
西部黄金_0601069.csv,1,0.025800000000000045,
西陇科学_1002584.csv,1,1.9064,
诚志股份_1000990.csv,2,2.0953999999999997,
诚意药业_0603811.csv,1,0.4102000000000001,
诚益通_1300430.csv,1,2.6527,
诚邦股份_0603316.csv,2,6.9368,
诺普信_1002215.csv,2,15.200600000000001,
诺邦股份_0603238.csv,2,1.8325999999999998,
豪能股份_0603809.csv,2,2.9406999999999996,
豫光金铅_0600531.csv,2,4.3793,
豫能控股_1001896.csv,1,8.7201,
贝斯特_1300580.csv,2,3.9789000000000003,
贝瑞基因_1000710.csv,1,0.9685000000000001,
贝肯能源_1002828.csv,3,12.4725,
贝达药业_1300558.csv,1,2.9957999999999996,
贤丰控股_1002141.csv,2,4.6428,
贵人鸟_0603555.csv,6,11.446200000000001,
贵州燃气_0600903.csv,3,3.3715999999999995,
贵广网络_0600996.csv,1,0.4656,
贵绳股份_0600992.csv,1,0.6824000000000001,
赛升药业_1300485.csv,7,3.2804,
赛意信息_1300687.csv,1,0.524,
赛摩电气_1300466.csv,3,5.4489,
赛象科技_1002337.csv,2,4.1475,
赛轮轮胎_0601058.csv,2,1.0439999999999996,
赢合科技_1300457.csv,1,0.5383,
赣锋锂业_1002460.csv,1,2.1275,
赫美集团_1002356.csv,4,8.5864,
越博动力_1300742.csv,2,5.946100000000001,
越秀金控_1000987.csv,3,5.7292,
跨境通_1002640.csv,3,4.3989,
软控股份_1002073.csv,2,3.7206,
轴研科技_1002046.csv,4,6.738200000000001,
轻纺城_0600790.csv,2,3.8064,
辅仁药业_0600781.csv,2,4.3872,
辉隆股份_1002556.csv,4,6.0264,
达华智能_1002512.csv,2,9.8358,
达安基因_1002030.csv,4,3.4455999999999998,
达志科技_1300530.csv,1,1.0200999999999998,
迈为股份_1300751.csv,1,7.758700000000001,
远光软件_1002063.csv,1,0.32989999999999986,
远大智能_1002689.csv,2,6.4734,
远方信息_1300306.csv,3,7.360600000000001,
远程股份_1002692.csv,5,23.0355,
远达环保_0600292.csv,2,5.6219,
连云港_0601008.csv,1,7.504999999999999,
通产丽星_1002243.csv,1,8.740300000000001,
通化金马_1000766.csv,2,9.2664,
通宇通讯_1002792.csv,1,0.9455999999999998,
通宝能源_0600780.csv,2,3.8842,
通富微电_1002156.csv,2,2.9937,
通润装备_1002150.csv,1,1.8601999999999999,
通源石油_1300164.csv,3,7.1918,
通葡股份_0600365.csv,1,3.8765,
通裕重工_1300185.csv,2,1.6755000000000004,
通达动力_1002576.csv,10,13.2416,
通达股份_1002560.csv,2,9.4833,
通鼎互联_1002491.csv,4,6.2088,
道恩股份_1002838.csv,3,2.6483,
道氏技术_1300409.csv,2,6.5565999999999995,
道道全_1002852.csv,1,2.3081,
邦讯技术_1300312.csv,4,9.455400000000001,
郑州煤电_0600121.csv,2,5.0469,
郑州银行_1002936.csv,1,0.4806999999999999,
郴电国际_0600969.csv,2,5.0144,
鄂尔多斯_0600295.csv,2,2.1633999999999998,
鄂武商A_1000501.csv,1,1.6225,
酒钢宏兴_0600307.csv,2,4.9206,
醋化股份_0603968.csv,1,2.4954,
重庆啤酒_0600132.csv,1,1.5797,
重庆港九_0600279.csv,2,4.4670000000000005,
重庆百货_0600729.csv,1,2.4749,
重庆路桥_0600106.csv,2,2.6209,
重庆钢铁_0601005.csv,2,1.8511,
重药控股_1000950.csv,2,4.2491,
金一文化_1002721.csv,4,6.786399999999999,
金健米业_0600127.csv,2,4.5825,
金冠股份_1300510.csv,2,10.0719,
金刚玻璃_1300093.csv,2,3.9942999999999995,
金利华电_1300069.csv,2,6.0349,
金力永磁_1300748.csv,1,3.0768999999999997,
金力泰_1300225.csv,3,8.7184,
金卡智能_1300349.csv,1,0.8243999999999998,
金固股份_1002488.csv,1,3.4351999999999996,
金奥博_1002917.csv,1,2.1269,
金安国纪_1002636.csv,2,4.641,
金徽酒_0603919.csv,1,2.032,
金杯汽车_0600609.csv,2,2.0701,
金杯电工_1002533.csv,1,7.7391000000000005,
金枫酒业_0600616.csv,3,5.071,
金正大_1002470.csv,1,0.8096999999999999,
金河生物_1002688.csv,1,5.2418,
金洲慈航_1000587.csv,2,4.744999999999999,
金海环境_0603311.csv,2,1.8183999999999998,
金牌厨柜_0603180.csv,1,4.2766,
金瑞矿业_0600714.csv,2,5.012199999999999,
金盾股份_1300411.csv,2,11.8332,
金石资源_0603505.csv,1,3.6990999999999996,
金禾实业_1002597.csv,2,1.4213,
金科股份_1000656.csv,1,1.0486999999999997,
金能科技_0603113.csv,2,13.725999999999999,
金融街_1000402.csv,1,0.04059999999999997,
金螳螂_1002081.csv,1,0.4728999999999999,
金证股份_0600446.csv,2,9.0245,
金诚信_0603979.csv,1,2.2683,
金贵银业_1002716.csv,1,3.9704,
金路集团_1000510.csv,2,5.892399999999999,
金轮股份_1002722.csv,4,2.1155000000000004,
金通灵_1300091.csv,2,15.569600000000001,
金陵体育_1300651.csv,1,2.9976999999999996,
金陵饭店_0601007.csv,2,1.3847999999999996,
金风科技_1002202.csv,1,3.0929999999999995,
金鸿控股_1000669.csv,2,15.412,
金鸿顺_0603922.csv,2,6.4312,
金龙机电_1300032.csv,2,1.1546999999999998,
金龙汽车_0600686.csv,2,8.695699999999999,
钧达股份_1002865.csv,3,9.3716,
钱江摩托_1000913.csv,1,3.2144999999999997,
钱江水利_0600283.csv,3,4.458399999999999,
铁岭新城_1000809.csv,6,7.690899999999999,
铁流股份_0603926.csv,1,0.051200000000000134,
铜峰电子_0600237.csv,2,5.5497,
银之杰_1300085.csv,2,4.811400000000001,
银星能源_1000862.csv,3,8.9331,
银河电子_1002519.csv,4,6.0798,
锌业股份_1000751.csv,4,5.7490000000000006,
锐科激光_1300747.csv,1,0.714,
锡业股份_1000960.csv,3,2.3480999999999996,
锦富技术_1300128.csv,4,16.5637,
锦州港_0600190.csv,4,7.501,
锦江投资_0600650.csv,3,5.0411,
锦江股份_0600754.csv,2,2.1326,
锦龙股份_1000712.csv,3,4.4909,
长城军工_0601606.csv,5,12.7887,
长城动漫_1000835.csv,3,14.709800000000001,
长城影视_1002071.csv,2,11.3064,
长城汽车_0601633.csv,1,2.6834,
长城电工_0600192.csv,2,13.2564,
长城科技_0603897.csv,2,6.7669999999999995,
长城证券_1002939.csv,3,6.4652,
长安汽车_1000625.csv,7,11.185,
长川科技_1300604.csv,1,6.746400000000001,
长春一东_0600148.csv,2,5.7676,
长春燃气_0600333.csv,2,4.3716,
长春经开_0600215.csv,2,5.616,
长江润发_1002435.csv,3,5.2947,
长海股份_1300196.csv,1,0.07410000000000005,
长电科技_0600584.csv,2,3.1187,
长白山_0603099.csv,2,5.264,
长盈精密_1300115.csv,2,6.606,
长缆科技_1002879.csv,2,2.8779000000000003,
长虹美菱_1000521.csv,2,3.1090999999999998,
长青集团_1002616.csv,1,1.6109999999999998,
闰土股份_1002440.csv,3,5.7641,
闽发铝业_1002578.csv,1,1.3797000000000001,
阳光城_1000671.csv,1,0.005800000000000027,
阳光股份_1000608.csv,3,6.79,
阳煤化工_0600691.csv,1,8.692,
阿石创_1300706.csv,2,5.0085999999999995,
陆家嘴_0600663.csv,3,4.250499999999999,
陇神戎发_1300534.csv,3,7.4114,
陕国投A_1000563.csv,2,3.7830000000000004,
陕西黑猫_0601015.csv,2,10.4044,
隆华科技_1300263.csv,2,4.143700000000001,
隆基机械_1002363.csv,3,2.6868,
隆基股份_0601012.csv,1,2.4537000000000004,
隆盛科技_1300680.csv,2,3.4596999999999998,
隆鑫通用_0603766.csv,2,3.2030000000000003,
雅化集团_1002497.csv,4,5.7465,
集泰股份_1002909.csv,2,3.8341000000000003,
雪人股份_1002639.csv,2,15.497200000000001,
雪峰科技_0603227.csv,2,2.7215,
雪莱特_1002076.csv,6,8.5173,
雷柏科技_1002577.csv,2,3.296,
雷迪克_1300652.csv,1,0.2447999999999999,
霞客环保_1002015.csv,2,3.0606,
露笑科技_1002617.csv,2,2.7561999999999998,
青山纸业_0600103.csv,3,5.2169,
青岛海尔_0600690.csv,3,1.9283000000000001,
青岛银行_1002948.csv,1,2.1050999999999997,
青松建化_0600425.csv,2,5.9465,
青松股份_1300132.csv,1,2.3162,
青海华鼎_0600243.csv,2,3.2063,
青海春天_0600381.csv,2,1.7195999999999998,
青青稞酒_1002646.csv,4,3.6553,
靖远煤电_1000552.csv,2,3.7268000000000003,
鞍钢股份_1000898.csv,1,0.9058999999999999,
音飞储存_0603066.csv,2,3.6518999999999995,
韶能股份_1000601.csv,2,2.6544,
韶钢松山_1000717.csv,2,3.2816,
顶固集创_1300749.csv,1,4.6129999999999995,
顶点软件_0603383.csv,2,9.324200000000001,
顺丰控股_1002352.csv,1,0.9325999999999999,
顺灏股份_1002565.csv,1,2.3651,
顺网科技_1300113.csv,2,8.0815,
领益智造_1002600.csv,2,13.475800000000001,
风华高科_1000636.csv,2,4.3702,
风范股份_0601700.csv,2,16.3613,
飞乐音响_0600651.csv,1,8.4857,
飞亚达A_1000026.csv,3,2.0202999999999998,
飞凯材料_1300398.csv,2,6.9261,
飞荣达_1300602.csv,1,0.027800000000000047,
飞马国际_1002210.csv,5,21.485799999999998,
首商股份_0600723.csv,3,2.2544,
首航节能_1002665.csv,2,6.2638,
首钢股份_1000959.csv,1,6.429399999999999,
香山股份_1002870.csv,1,8.7013,
香梨股份_0600506.csv,2,4.8854999999999995,
香飘飘_0603711.csv,3,6.5461,
马钢股份_0600808.csv,2,6.694299999999999,
驰宏锌锗_0600497.csv,3,4.9001,
骅威文化_1002502.csv,2,4.9322,
骆驼股份_0601311.csv,2,3.8378999999999994,
高乐股份_1002348.csv,2,5.188700000000001,
高德红外_1002414.csv,1,0.3618999999999999,
高新发展_1000628.csv,4,6.8271999999999995,
高科石化_1002778.csv,4,3.2543999999999995,
高能环境_0603588.csv,2,3.0784,
鱼跃医疗_1002223.csv,1,0.5065999999999999,
鲁亿通_1300423.csv,3,4.7366,
鲁信创投_0600783.csv,3,12.9886,
鲁抗医药_0600789.csv,1,1.2994,
鲁银投资_0600784.csv,2,4.0876,
鲍斯股份_1300441.csv,1,1.7567,
鸣志电器_0603728.csv,2,1.6287999999999998,
鸿利智汇_1300219.csv,4,3.3609,
鸿博股份_1002229.csv,2,10.934400000000002,
鸿特科技_1300176.csv,5,24.116100000000003,
鸿达兴业_1002002.csv,2,15.270300000000002,
鹏欣资源_0600490.csv,3,10.0968,
鹏翎股份_1300375.csv,4,3.0423000000000004,
鹏辉能源_1300438.csv,1,2.1433999999999997,
鹏鼎控股_1002938.csv,1,2.8377000000000003,
鹭燕医药_1002788.csv,1,2.2037999999999998,
鹿港文化_0601599.csv,2,3.1437,
黄山旅游_0600054.csv,4,4.1445,
黄山胶囊_1002817.csv,4,4.2693,
黄河旋风_0600172.csv,2,13.2069,
黑牡丹_0600510.csv,4,7.7810999999999995,
黑猫股份_1002068.csv,2,1.596,
黑芝麻_1000716.csv,1,5.927300000000001,
鼎捷软件_1300378.csv,2,5.460800000000001,
鼎胜新材_0603876.csv,4,5.798399999999999,
鼎龙股份_1300054.csv,2,1.1606000000000003,
齐峰新材_1002521.csv,4,2.8379000000000003,
齐心集团_1002301.csv,2,1.0814000000000001,
龙元建设_0600491.csv,1,1.3118,
龙净环保_0600388.csv,2,1.1721999999999997,
龙大肉食_1002726.csv,1,4.3429,
龙建股份_0600853.csv,2,16.3078,
龙星化工_1002442.csv,2,7.2479,
龙江交通_0601188.csv,2,2.3372999999999995,
龙泉股份_1002671.csv,3,1.5082,
龙津药业_1002750.csv,1,5.956200000000001,
龙洲股份_1002682.csv,2,6.1258,
龙溪股份_0600592.csv,1,0.6001000000000001,
龙蟒佰利_1002601.csv,1,1.9043999999999999,
龙韵股份_0603729.csv,2,9.1912,
龙马环卫_0603686.csv,2,5.713699999999999,
