股票名称, 股票跌幅天数, 股票总跌幅,股票涨幅,
一拖股份_0601038.csv,1,-9.8446,0.1916
一致B_1200028.csv,2,-1.8519999999999999,0.0
万东医疗_0600055.csv,3,-5.0103,0.4
万孚生物_1300482.csv,1,-1.6777,0.9141
万方发展_1000638.csv,1,-5.9724,0.0
万润科技_1002654.csv,2,-8.6471,0.0
万润股份_1002643.csv,1,-5.8524,0.6306
万盛股份_0603010.csv,1,-3.9071,0.2946
万讯自控_1300112.csv,1,-5.9218,0.3563
万里扬_1002434.csv,5,-10.871799999999999,0.657
万集科技_1300552.csv,3,-17.2375,4.959
万马科技_1300698.csv,1,-7.532,2.1004
三一重工_0600031.csv,1,-3.6496,0.3367
三丰智能_1300276.csv,1,-4.2213,1.2158
三六五网_1300295.csv,1,-6.4452,0.142
三圣股份_1002742.csv,1,-3.5909,0.4515
三孚股份_0603938.csv,1,-7.6323,0.6103
三安光电_0600703.csv,1,-1.605,0.4255
三德科技_1300515.csv,1,-4.7266,0.5837
三星新材_0603578.csv,1,-4.8925,0.3365
三棵树_0603737.csv,1,-0.6137,1.5128
三江购物_0601116.csv,1,-3.125,4.051
三祥新材_0603663.csv,6,-8.3448,0.1608
三维丝_1300056.csv,1,0.0,3.17
三维通信_1002115.csv,1,-4.8764,1.444
三联虹普_1300384.csv,1,-3.9374,2.5267
三花智控_1002050.csv,6,-12.004199999999999,0.7038
三角轮胎_0601163.csv,1,-3.8378,0.9036
上实发展_0600748.csv,1,-1.8122,3.1879
上峰水泥_1000672.csv,5,-11.744100000000001,2.2838
上柴B股_0900920.csv,1,-1.7544,0.1623
上海家化_0600315.csv,1,-3.0547,0.1039
上海机电_0600835.csv,4,-6.318,0.2877
上海沪工_0603131.csv,1,-9.6367,0.6993
上海莱士_1002252.csv,2,-7.0537,2.9316
上海贝岭_0600171.csv,1,-1.543,4.4776
上海雅仕_0603329.csv,2,-5.1395,1.1047
世纪华通_1002602.csv,1,-2.7475,0.4264
世纪星源_1000005.csv,1,-5.6757,0.2865
世纪鼎利_1300050.csv,1,-2.9139,9.9591
世茂股份_0600823.csv,1,-3.8168,0.7937
世龙实业_1002748.csv,1,-8.8288,0.3953
东兴证券_0601198.csv,1,-5.3361,1.5373
东北证券_1000686.csv,1,-1.4953,1.8975
东华测试_1300354.csv,1,-5.6956,0.396
东华软件_1002065.csv,1,-3.6257,0.0
东南网架_1002135.csv,1,-2.0231,1.3274
东吴证券_0601555.csv,1,-3.6044,5.913
东土科技_1300353.csv,1,-3.4029,0.7206
东宝生物_1300239.csv,4,-7.3813,0.0
东富龙_1300171.csv,1,-3.5088,0.0
东尼电子_0603595.csv,1,-1.9812,2.9255
东方中科_1002819.csv,1,-5.8598,0.0814
东方园林_1002310.csv,4,-18.3017,1.4164
东方国信_1300166.csv,1,-4.2062,2.762
东方新星_1002755.csv,1,-1.5432,0.3135
东方日升_1300118.csv,1,-4.5714,0.6986
东方网力_1300367.csv,1,-5.4576,1.5986
东方证券_0600958.csv,1,-3.0457,0.0
东方通_1300379.csv,1,-3.6726,1.8374
东方雨虹_1002271.csv,5,-9.1328,3.212
东港股份_1002117.csv,1,-3.6429,0.3195
东睦股份_0600114.csv,4,-14.1292,0.5457
东软载波_1300183.csv,1,-4.6095,0.604
东软集团_0600718.csv,1,-4.9485,0.3615
丝路视觉_1300556.csv,1,-5.0091,3.3078
两面针_0600249.csv,1,-5.2525,1.2793
中交地产_1000736.csv,2,-5.678,0.0928
中体产业_0600158.csv,1,-4.0343,0.0
中信证券_0600030.csv,1,-2.8122,0.383
中信银行_0601998.csv,7,-5.8419,0.1595
中储股份_0600787.csv,4,-9.6207,0.312
中兴商业_1000715.csv,1,-5.6785,7.6531
中兴通讯_1000063.csv,3,-8.6935,1.5453
中兵红箭_1000519.csv,1,-4.6429,0.0
中再资环_0600217.csv,2,-6.967700000000001,0.5926
中华企业_0600675.csv,1,-2.0833,3.7643
中南传媒_0601098.csv,2,-3.9126000000000003,0.0806
中国中期_1000996.csv,3,-16.4826,0.3125
中国人寿_0601628.csv,2,-2.1342,2.0007
中国出版_0601949.csv,1,-5.8824,5.3354
中国卫星_0600118.csv,1,-4.2648,0.1697
中国电影_0600977.csv,4,-16.874399999999998,0.1099
中国科传_0601858.csv,6,-14.931400000000002,0.0887
中国西电_0601179.csv,1,-5.0228,0.0
中国银河_0601881.csv,1,-4.9885,0.0
中国长城_1000066.csv,1,-4.0297,1.547
中国高科_0600730.csv,2,-6.750299999999999,3.7398
中威电子_1300270.csv,1,-6.0641,0.1218
中富通_1300560.csv,1,-5.5794,3.6364
中恒集团_0600252.csv,4,-6.7674,0.0
中持股份_0603903.csv,1,-5.8034,0.0
中文传媒_0600373.csv,1,-3.9326,1.0234
中文在线_1300364.csv,1,-4.9828,2.7125
中新药业_0600329.csv,1,-2.8863,0.6192
中新赛克_1002912.csv,1,-1.4336,0.1221
中旗股份_1300575.csv,1,-1.3572,0.0
中昌数据_0600242.csv,1,-6.4309,1.9759
中来股份_1300393.csv,4,-12.9461,0.3739
中海达_1300177.csv,1,-4.9306,0.8766
中潜股份_1300526.csv,1,-4.6117,10.0085
中环装备_1300140.csv,1,-6.8306,0.0978
中百集团_1000759.csv,1,-0.8963,0.5168
中石科技_1300684.csv,2,-12.6242,1.6534
中科三环_1000970.csv,6,-11.3047,0.1842
中科信息_1300678.csv,1,-3.9333,2.8536
中科创达_1300496.csv,1,-4.4229,0.729
中科新材_1002290.csv,1,-9.3518,1.8757
中科曙光_0603019.csv,1,-4.5031,2.1196
中粮生化_1000930.csv,1,-5.2922,0.0
中航三鑫_1002163.csv,4,-16.714100000000002,0.0
中航光电_1002179.csv,1,-1.5682,5.8252
中航高科_0600862.csv,1,-5.1567,0.0
中色股份_1000758.csv,1,-5.8824,1.25
中视传媒_0600088.csv,2,-11.0397,0.6286
中远海能_0600026.csv,1,-7.5036,2.8081
中通国脉_0603559.csv,1,-4.1266,1.8387
中金环境_1300145.csv,1,-3.125,7.7419
中钢天源_1002057.csv,3,-20.036099999999998,4.6185
中青宝_1300052.csv,1,-4.188,1.2489
中顺洁柔_1002511.csv,1,-2.1237,0.7547
丰乐种业_1000713.csv,1,-5.7772,1.4599
丰元股份_1002805.csv,4,-9.5939,4.0564
丹科B股_0900921.csv,2,-4.4787,0.0
丽珠集团_1000513.csv,1,-1.5864,0.9124
久之洋_1300516.csv,1,-5.6904,1.5156
久其软件_1002279.csv,1,-6.8357,0.7101
乐凯新材_1300446.csv,2,-4.3859,7.2741
乐惠国际_0603076.csv,1,-3.037,0.8785
乐通股份_1002319.csv,1,-2.8127,2.0564
乔治白_1002687.csv,1,-5.007,0.0
九华旅游_0603199.csv,3,-9.8423,0.4634
九强生物_1300406.csv,3,-5.322900000000001,0.407
九洲电气_1300040.csv,1,-5.0872,0.0
九洲药业_0603456.csv,6,-15.452000000000002,0.3717
九鼎投资_0600053.csv,2,-10.8857,1.9565
二三四五_1002195.csv,1,-4.4597,0.5386
云南能投_1002053.csv,1,-2.0856,0.7848
云天化_0600096.csv,1,-4.4192,4.7556
云煤能源_0600792.csv,1,-9.3617,2.1127
云赛B股_0900901.csv,1,-2.1212,0.3096
云赛智联_0600602.csv,1,-7.5701,2.6289
五洲交通_0600368.csv,1,-5.8673,10.0271
五洲新春_0603667.csv,1,-5.4934,0.9688
五粮液_1000858.csv,2,-3.5784,1.66
亚夏汽车_1002607.csv,3,-5.8306,0.2394
亚威股份_1002559.csv,1,-4.1667,1.7162
亚普股份_0603013.csv,1,-8.1095,0.9746
亚泰集团_0600881.csv,4,-7.0304,0.2646
亚联发展_1002316.csv,1,-7.2534,10.0104
交大昂立_0600530.csv,1,-6.2937,0.3731
交运股份_0600676.csv,2,-5.8246,0.5415
京东方B_1200725.csv,1,-2.9412,0.3367
京华激光_0603607.csv,1,-5.4717,0.0998
京天利_1300399.csv,1,-5.7895,0.1596
京投发展_0600683.csv,1,-2.3897,3.2015
京新药业_1002020.csv,1,-3.1617,0.0
京能电力_0600578.csv,5,-7.581,0.0
京能置业_0600791.csv,1,-5.8824,0.6466
京蓝科技_1000711.csv,3,-10.157100000000002,0.0
亿利洁能_0600277.csv,1,-1.9362,3.9489
亿利达_1002686.csv,1,-2.9963,2.1879
亿嘉和_0603666.csv,1,-1.6035,1.6805
亿纬锂能_1300014.csv,1,-3.5714,0.7037
仁和药业_1000650.csv,3,-3.5214,3.2825
今世缘_0603369.csv,1,-3.1752,1.0177
仙琚制药_1002332.csv,1,-7.7694,1.7663
任子行_1300311.csv,3,-14.159300000000002,1.125
伊之密_1300415.csv,1,-7.2706,0.1285
众兴菌业_1002772.csv,1,-4.8751,0.125
众合科技_1000925.csv,4,-8.3838,1.7219
众生药业_1002317.csv,1,-2.9703,0.2041
优博讯_1300531.csv,1,-3.6948,0.1993
伟明环保_0603568.csv,1,-1.7563,2.189
佛山照明_1000541.csv,1,-4.3548,0.0
佳创视讯_1300264.csv,1,-1.4409,4.0936
佳发教育_1300559.csv,1,-2.1313,0.2178
佳电股份_1000922.csv,2,-2.4551,1.815
佳都科技_0600728.csv,1,-6.1566,0.0937
供销大集_1000564.csv,1,-5.2632,0.2924
依米康_1300249.csv,1,-2.6008,10.0134
依顿电子_0603328.csv,1,-1.3228,0.4468
保龄宝_1002286.csv,1,-6.4208,2.4818
信息发展_1300469.csv,1,-4.4788,1.3339
信维通信_1300136.csv,1,-6.2704,0.3136
信达地产_0600657.csv,1,-3.8462,0.8
健帆生物_1300529.csv,1,-2.9169,1.5023
元祖股份_0603886.csv,1,-1.4179,4.0751
兆日科技_1300333.csv,1,-5.0049,0.4132
先河环保_1300137.csv,1,-4.9505,0.2083
先进数通_1300541.csv,2,-7.6841,0.0
光一科技_1300356.csv,1,-2.0585,0.9956
光力科技_1300480.csv,2,-7.5989,0.444
光启技术_1002625.csv,1,-6.0352,0.0
光大嘉宝_0600622.csv,2,-7.802899999999999,1.8072
光大证券_0601788.csv,1,-4.4039,1.5091
光威复材_1300699.csv,1,-4.2172,4.892
光环新网_1300383.csv,1,-2.8068,2.9445
光线传媒_1300251.csv,4,-10.2377,0.2581
光莆股份_1300632.csv,1,-5.4275,0.8126
全信股份_1300447.csv,4,-11.9153,1.0148
兰州民百_0600738.csv,1,-7.3375,1.0181
兰石重装_0603169.csv,1,-10.043,1.7544
共达电声_1002655.csv,1,-5.7906,0.4728
兴业科技_1002674.csv,3,-9.5138,1.0909
兴业证券_0601377.csv,1,-3.7975,1.0234
兴发集团_0600141.csv,1,-6.1335,0.579
兴森科技_1002436.csv,1,-3.3445,0.0
农尚环境_1300536.csv,5,-16.2327,1.5213
冠豪高新_0600433.csv,7,-10.640600000000001,4.698
冰川网络_1300533.csv,4,-16.208,0.4261
凤凰光学_0600071.csv,7,-22.0452,0.0828
凤形股份_1002760.csv,1,-6.6734,0.4839
凯乐科技_0600260.csv,1,-2.6339,4.7791
凯撒文化_1002425.csv,3,-7.7834,1.3294
凯莱英_1002821.csv,1,-0.9287,0.8512
出版传媒_0601999.csv,1,-8.0381,0.7407
创业环保_0600874.csv,1,-6.1053,0.1121
创业软件_1300451.csv,1,-4.9072,3.209
创业黑马_1300688.csv,3,-6.2074,1.7369
创元科技_1000551.csv,1,-8.7583,1.7011
创新医疗_1002173.csv,1,-3.8889,0.1156
利德曼_1300289.csv,1,-4.6895,0.133
力源信息_1300184.csv,1,-4.213,3.5685
力盛赛车_1002858.csv,1,-3.1214,0.4773
北京君正_1300223.csv,1,-3.2352,4.1322
北京城建_0600266.csv,4,-8.4832,0.2997
北信源_1300352.csv,1,-5.3068,1.9264
北新建材_1000786.csv,1,-3.7863,2.0485
北方华创_1002371.csv,1,-5.2726,1.0278
北矿科技_0600980.csv,1,-5.1698,0.4882
北纬科技_1002148.csv,1,-3.5806,9.9469
千方科技_1002373.csv,1,-6.6128,0.8108
华东数控_1002248.csv,1,-2.3687,0.8439
华升股份_0600156.csv,1,-10.0601,0.3339
华天科技_1002185.csv,1,-6.3177,0.1927
华媒控股_1000607.csv,2,-7.766,0.1748
华宇软件_1300271.csv,1,-2.6442,2.6173
华安证券_0600909.csv,1,-3.9326,0.2924
华工科技_1000988.csv,1,-4.079,0.2658
华建集团_0600629.csv,1,-4.7368,0.0
华微电子_0600360.csv,5,-11.8129,0.6768
华新B股_0900933.csv,1,-2.646,1.2001
华新水泥_0600801.csv,1,-4.0247,1.5489
华泰股份_0600308.csv,1,-4.5872,0.0
华泰证券_0601688.csv,1,-1.7617,0.5191
华测导航_1300627.csv,1,-4.5455,0.5658
华测检测_1300012.csv,1,-1.6216,7.3626
华润三九_1000999.csv,4,-3.3449,0.0
华电B股_0900937.csv,1,-0.8,0.0
华立股份_0603038.csv,1,-5.6823,1.5802
华联综超_0600361.csv,2,-7.0433,0.6623
华胜天成_0600410.csv,1,-2.407,9.9776
华能水电_0600025.csv,1,-1.6949,3.202
华脉科技_0603042.csv,1,-5.2023,0.4268
华茂股份_1000850.csv,1,-6.5476,0.6369
华西能源_1002630.csv,1,-9.1787,0.266
华软科技_1002453.csv,1,-8.3799,2.8963
华远地产_0600743.csv,4,-4.8365,1.0
华通热力_1002893.csv,1,-5.9645,0.135
华铁科技_0603300.csv,3,-8.5606,0.6122
华鹏飞_1300350.csv,6,-11.2454,0.8322
协鑫集成_1002506.csv,1,-2.1563,0.6887
卓翼科技_1002369.csv,3,-15.086300000000001,0.4535
卓郎智能_0600545.csv,1,-3.4913,1.5504
南京新百_0600682.csv,1,-2.695,9.9854
南华仪器_1300417.csv,1,-5.8853,6.7833
南卫股份_0603880.csv,1,-4.6647,0.4587
南大光电_1300346.csv,1,-4.6965,0.0
南天信息_1000948.csv,1,-5.4878,2.3041
南宁百货_0600712.csv,1,-6.2278,5.5028
南风股份_1300004.csv,1,-5.9917,1.7582
博创科技_1300548.csv,1,-4.7549,3.6799
博威合金_0601137.csv,1,-4.4681,2.0045
博彦科技_1002649.csv,1,-1.9309,4.8705
博济医药_1300404.csv,1,-4.8199,3.2737
博瑞传播_0600880.csv,1,-5.5679,0.0
博迈科_0603727.csv,3,-12.0255,0.0
博雅生物_1300294.csv,3,-3.4395000000000002,0.8501
卫信康_0603676.csv,1,-5.8314,0.7531
卫宁健康_1300253.csv,1,-3.7827,1.5011
卫星石化_1002648.csv,1,-8.2292,0.7378
印纪传媒_1002143.csv,1,-4.7794,1.1583
厦门信达_1000701.csv,2,-7.585500000000001,0.0
厦门空港_0600897.csv,2,-3.6082,1.2383
友讯达_1300514.csv,1,-8.6093,1.4493
双一科技_1300690.csv,1,-5.3601,8.0531
口子窖_0603589.csv,1,-2.2934,2.4613
古井贡B_1200596.csv,1,-1.4233,1.3973
古井贡酒_1000596.csv,2,-3.1336999999999997,7.8413
古鳌科技_1300551.csv,2,-8.7409,1.5902
台基股份_1300046.csv,2,-6.3113,3.0595
号百控股_0600640.csv,1,-7.801,1.0221
司太立_0603520.csv,2,-1.6697,1.2804
合康新能_1300048.csv,1,-8.9776,0.274
合肥百货_1000417.csv,1,-6.3032,0.3636
吉大通信_1300597.csv,1,-5.1051,0.7595
吉峰科技_1300022.csv,1,-9.9281,1.9169
同德化工_1002360.csv,1,-7.0081,0.0
同有科技_1300302.csv,1,-5.1923,1.8256
同洲电子_1002052.csv,1,-5.336,1.2526
同达创业_0600647.csv,1,-8.1065,2.9625
名臣健康_1002919.csv,1,-1.2948,2.7547
君禾股份_0603617.csv,1,-0.4425,4.4444
启明信息_1002232.csv,1,-7.6609,1.7699
启迪古汉_1000590.csv,1,-8.9817,10.0069
吴通控股_1300292.csv,1,-3.1949,10.066
和仁科技_1300550.csv,1,-3.6496,0.8658
哈三联_1002900.csv,1,-4.2759,0.072
哈工智能_1000584.csv,1,-7.631,0.8631
哈森股份_0603958.csv,1,-4.3103,1.3514
唐山港_0601000.csv,1,-4.4872,0.3356
唐德影视_1300426.csv,1,-7.4468,0.0
商赢环球_0600146.csv,5,-8.126100000000001,0.2961
四川九洲_1000801.csv,1,-5.5794,0.4545
四川双马_1000935.csv,2,-5.1889,0.0595
四川成渝_0601107.csv,1,-4.119,0.0
四川美丰_1000731.csv,1,-3.3528,0.6033
回天新材_1300041.csv,2,-6.838699999999999,1.145
国元证券_1000728.csv,1,-4.0191,0.7976
国创高新_1002377.csv,1,-6.9467,1.5625
国新B股_0900913.csv,1,-3.9735,0.5172
国瓷材料_1300285.csv,1,-0.2494,0.375
国盛金控_1002670.csv,1,-3.3208,0.0
国睿科技_0600562.csv,1,-4.9304,1.0372
国轩高科_1002074.csv,4,-11.8859,0.0
国金证券_0600109.csv,1,-4.1593,0.0923
国际实业_1000159.csv,3,-27.962699999999998,1.5726
圣达生物_0603079.csv,1,-8.1857,2.9332
圣邦股份_1300661.csv,1,-3.1026,0.7844
圣阳股份_1002580.csv,1,-7.5444,0.16
埃斯顿_1002747.csv,1,-3.9729,0.9082
城发环境_1000885.csv,1,-1.0967,0.7056
城地股份_0603887.csv,1,-3.3535,10.0114
城投控股_0600649.csv,1,-2.454,0.7547
多伦科技_0603528.csv,1,-6.0494,0.5256
大东海B_1200613.csv,1,-4.6948,1.4778
大丰实业_0603081.csv,6,-9.854800000000001,1.0043
大冷B_1200530.csv,1,-3.4843,1.083
大华股份_1002236.csv,1,-3.7915,3.3251
大博医疗_1002901.csv,6,-6.5219,2.3738
大名城B_0900940.csv,2,-5.8268,0.2101
大富科技_1300134.csv,1,-7.063,0.19
大港股份_1002077.csv,1,-5.9677,1.7153
大立科技_1002214.csv,2,-6.7283,9.9532
大连友谊_1000679.csv,1,-4.3121,1.2876
大连港_0601880.csv,7,-8.303799999999999,0.4386
大连热电_0600719.csv,1,-7.7295,1.3962
大连电瓷_1002606.csv,2,-8.690100000000001,1.6248
大通燃气_1000593.csv,1,-3.9295,0.141
大龙地产_0600159.csv,4,-7.3796,0.3236
天业通联_1002459.csv,1,-4.9107,1.8779
天健集团_1000090.csv,4,-9.0225,0.9873
天创时尚_0603608.csv,3,-5.160299999999999,0.0
天华超净_1300390.csv,1,-4.1992,1.631
天地源_0600665.csv,4,-8.6958,0.2433
天士力_0600535.csv,4,-5.7307,0.0452
天奥电子_1002935.csv,1,-5.2125,0.6899
天孚通信_1300394.csv,1,-6.205,0.3516
天成自控_0603085.csv,1,-8.5868,0.0
天沃科技_1002564.csv,1,-7.2443,3.8285
天泽信息_1300209.csv,3,-11.2924,0.8026
天润数娱_1002113.csv,6,-15.507399999999999,5.0
天源迪科_1300047.csv,1,-5.1497,2.7146
天玑科技_1300245.csv,1,-5.4579,3.0333
天翔环境_1300362.csv,1,-3.437,4.2373
天舟文化_1300148.csv,1,-5.835,1.0684
天虹股份_1002419.csv,1,-4.507,4.4985
天邑股份_1300504.csv,1,-6.5078,0.1902
天铁股份_1300587.csv,3,-14.9565,2.0234
天银机电_1300342.csv,1,-6.2106,2.3992
天际股份_1002759.csv,1,-5.3704,4.9902
天音控股_1000829.csv,4,-12.8843,1.7214
天顺风能_1002531.csv,1,-4.6346,0.9346
天龙股份_0603266.csv,6,-9.9474,4.292
太极股份_1002368.csv,1,-4.0632,0.2941
太空智造_1300344.csv,1,-1.2162,9.9863
太辰光_1300570.csv,1,-5.7624,1.2063
太阳电缆_1002300.csv,1,-6.2937,0.995
奇精机械_0603677.csv,1,-4.2218,3.3553
奥佳华_1002614.csv,1,-3.3473,0.1082
奥士康_1002913.csv,1,-4.0767,0.2917
奥普光电_1002338.csv,1,-5.2198,0.2174
奥维通信_1002231.csv,1,-4.6429,0.9988
奥飞数据_1300738.csv,1,-7.6007,3.0525
奥马电器_1002668.csv,3,-23.7923,3.7338
好利来_1002729.csv,1,-6.6524,3.1609
好想你_1002582.csv,1,-5.7226,0.3086
威唐工业_1300707.csv,1,-8.9296,1.1688
孚日股份_1002083.csv,1,-3.3223,0.0
宁夏建材_0600449.csv,1,-4.215,0.11
宁德时代_1300750.csv,1,-0.8523,0.3161
宁波建工_0601789.csv,1,-3.2468,10.0671
宁波港_0601018.csv,2,-3.3457999999999997,2.6718
宁波精达_0603088.csv,2,-8.9512,0.0693
宁波韵升_0600366.csv,4,-6.3183,3.6866
宇信科技_1300674.csv,2,-6.3854,2.916
宇环数控_1002903.csv,5,-22.3724,0.8881
安井食品_0603345.csv,2,-0.1925,5.9788
安妮股份_1002235.csv,1,-9.9497,0.6696
安居宝_1300155.csv,1,-5.7725,0.0
安彩高科_0600207.csv,4,-23.0415,1.2522
安徽水利_0600502.csv,1,-4.7337,0.207
安泰科技_1000969.csv,1,-9.6263,3.2581
安洁科技_1002635.csv,1,-5.3861,0.1372
安琪酵母_0600298.csv,1,-1.9956,0.3702
安硕信息_1300380.csv,1,-7.771,1.9956
安通控股_0600179.csv,1,-6.8366,1.99
安道麦B_1200553.csv,1,-1.8651,0.5848
宋都股份_0600077.csv,1,-5.8824,0.0
宏大爆破_1002683.csv,1,-5.4017,0.0
宏润建设_1002062.csv,1,-5.1225,0.0
宏盛股份_0603090.csv,1,-6.1321,1.696
宏达股份_0600331.csv,1,-5.9155,0.2994
宜华健康_1000150.csv,1,-4.8321,0.1721
宜安科技_1300328.csv,1,-5.317,1.1879
宜昌交运_1002627.csv,1,-5.5489,1.4049
宝信B_0900926.csv,1,-1.3374,0.8745
宝信软件_0600845.csv,1,-1.6204,4.0
宝光股份_0600379.csv,1,-7.3663,0.7625
宝塔实业_1000595.csv,3,-18.119799999999998,3.8147
宝通科技_1300031.csv,1,-4.463,1.0219
宝钛股份_0600456.csv,2,-1.8012,0.1336
宝馨科技_1002514.csv,5,-15.806299999999998,0.4666
实达集团_0600734.csv,5,-17.1975,0.2478
宣亚国际_1300612.csv,1,-7.7679,0.9681
容大感光_1300576.csv,1,-5.5961,0.9665
密尔克卫_0603713.csv,1,-5.3628,2.1026
富临运业_1002357.csv,2,-6.3797999999999995,1.9578
富奥B_1200030.csv,1,-1.6216,0.8242
富奥股份_1000030.csv,1,-6.0491,0.8048
富春股份_1300299.csv,1,-6.7416,5.4217
富祥股份_1300497.csv,2,-6.962999999999999,3.2091
富通鑫茂_1000836.csv,3,-16.825499999999998,0.998
富邦股份_1300387.csv,2,-4.0042,1.3172
寿仙谷_0603896.csv,1,-4.8395,0.6645
尚纬股份_0603333.csv,1,-2.0607,0.2215
尚荣医疗_1002551.csv,1,-6.0222,0.1686
山东威达_1002026.csv,1,-4.9708,0.1538
山东药玻_0600529.csv,1,-2.583,1.5152
山东赫达_1002810.csv,1,-0.3285,3.1856
山东黄金_0600547.csv,3,-3.9845,0.8889
山河智能_1002097.csv,1,-4.0503,0.1456
山河药辅_1300452.csv,1,-4.1063,1.7003
山鼎设计_1300492.csv,3,-27.7459,0.1745
岱勒新材_1300700.csv,1,-6.2154,0.2111
岱美股份_0603730.csv,1,-1.663,0.3006
岳阳林纸_0600963.csv,3,-19.0669,0.48
崇达技术_1002815.csv,1,-1.5038,4.2866
川仪股份_0603100.csv,1,-5.4562,0.2838
川大智胜_1002253.csv,4,-9.7929,0.065
川恒股份_1002895.csv,1,-6.2162,6.6282
川润股份_1002272.csv,2,-10.9098,0.5495
川金诺_1300505.csv,4,-14.5954,0.3927
巨星科技_1002444.csv,1,-4.1288,0.0
帝欧家居_1002798.csv,4,-10.4893,2.0843
常山北明_1000158.csv,4,-7.2218,1.157
常熟银行_0601128.csv,7,-13.062899999999999,1.8325
平庄能源_1000780.csv,2,-8.2996,6.9054
平高电气_0600312.csv,1,-3.4982,5.125
广信股份_0603599.csv,3,-6.1785,1.3715
广哈通信_1300711.csv,1,-6.138,0.5251
广州酒家_0603043.csv,1,-1.9257,0.8956
广日股份_0600894.csv,1,-3.6785,3.6775
广泽股份_0600882.csv,1,-1.2153,1.3181
广电运通_1002152.csv,1,-3.8737,1.194
广联达_1002410.csv,1,-1.3319,1.131
广聚能源_1000096.csv,3,-6.4284,4.8938
广誉远_0600771.csv,1,-1.6753,0.5266
康弘药业_1002773.csv,2,-2.7641,1.5023
康恩贝_0600572.csv,1,-5.3319,0.3448
康惠制药_0603139.csv,3,-8.2698,0.17
康普顿_0603798.csv,1,-5.5885,2.5112
康盛股份_1002418.csv,1,-7.2838,9.9836
康芝药业_1300086.csv,2,-8.7352,0.5435
康隆达_0603665.csv,6,-8.7908,0.4919
康龙化成_1300759.csv,4,-9.2238,1.9894
延安必康_1002411.csv,6,-3.9953000000000003,6.8421
建投能源_1000600.csv,1,-4.799,0.2725
建新股份_1300107.csv,2,-6.7379999999999995,0.8779
建艺集团_1002789.csv,1,-7.3582,0.0552
建设机械_0600984.csv,1,-3.2123,2.0202
建车B_1200054.csv,1,-2.2819,0.2747
开元股份_1300338.csv,1,-4.4563,7.2761
开滦股份_0600997.csv,1,-5.5635,0.3021
开立医疗_1300633.csv,1,-0.3446,2.8354
弘讯科技_0603015.csv,5,-13.9036,0.1399
张家界_1000430.csv,1,-5.6146,1.2862
强生控股_0600662.csv,2,-7.2514,0.3876
御银股份_1002177.csv,1,-6.0897,2.901
微光股份_1002801.csv,1,-2.7427,0.1484
德宏股份_0603701.csv,1,-6.6852,1.4179
德生科技_1002908.csv,1,-3.7674,3.5766
德艺文创_1300640.csv,1,-3.1179,0.7064
思创医惠_1300078.csv,1,-3.6758,0.8806
思维列控_0603508.csv,1,-0.7182,1.1179
思美传媒_1002712.csv,2,-6.8001000000000005,0.1332
恒宝股份_1002104.csv,1,-6.3291,0.6757
恒泰实达_1300513.csv,1,-3.7091,0.1907
恒邦股份_1002237.csv,1,-2.2483,0.5
恒银金融_0603106.csv,1,-5.3435,0.0806
恒锋信息_1300605.csv,1,-0.9937,5.5996
恒锋工具_1300488.csv,1,-1.7091,3.6256
恩捷股份_1002812.csv,1,-3.1306,0.4617
惠而浦_0600983.csv,1,-2.6063,1.1268
慈星股份_1300307.csv,1,-2.0124,1.4218
扬子新材_1002652.csv,2,-8.3759,0.3953
拓尔思_1300229.csv,1,-6.815,2.4627
拓维信息_1002261.csv,1,-3.177,5.1563
拓邦股份_1002139.csv,1,-6.1314,0.4666
招商证券_0600999.csv,1,-3.0556,0.6304
振兴生化_1000403.csv,1,-2.258,0.035
振华B股_0900947.csv,1,-1.519,0.0
振华科技_1000733.csv,1,-4.2373,0.885
振华股份_0603067.csv,1,-1.9589,0.2997
捷成股份_1300182.csv,1,-5.7283,0.1736
捷荣技术_1002855.csv,4,-15.228200000000001,1.0628
掌趣科技_1300315.csv,1,-6.0606,0.4963
探路者_1300005.csv,1,-4.7945,0.0
摩恩电气_1002451.csv,2,-7.529300000000001,5.0324
摩登大道_1002656.csv,1,-9.2287,10.0152
数字政通_1300075.csv,1,-6.2279,4.6038
数据港_0603881.csv,1,-2.5742,0.9976
数源科技_1000909.csv,1,-5.3965,1.6298
数知科技_1300038.csv,1,-4.7619,0.2632
数码科技_1300079.csv,1,-5.1699,3.5826
新乡化纤_1000949.csv,1,-4.6921,1.5385
新亚制程_1002388.csv,1,-5.255,0.0
新光药业_1300519.csv,1,-5.3851,0.7942
新兴铸管_1000778.csv,1,-3.2946,0.4008
新北洋_1002376.csv,7,-11.054900000000002,0.7838
新华文轩_0601811.csv,1,-5.4726,2.0301
新城控股_0601155.csv,1,-0.8229,0.5532
新大陆_1000997.csv,1,-3.5178,4.7721
新天科技_1300259.csv,1,-7.0423,0.5051
新宁物流_1300013.csv,2,-5.269500000000001,0.1306
新宏泽_1002836.csv,1,-2.7505,7.138
新开普_1300248.csv,4,-8.162700000000001,4.9238
新开源_1300109.csv,1,-3.9164,3.6413
新时达_1002527.csv,4,-8.1621,0.1517
新易盛_1300502.csv,1,-2.7276,0.0
新晨科技_1300542.csv,1,-5.7864,1.2284
新洋丰_1000902.csv,1,-1.4493,0.0
新筑股份_1002480.csv,1,-6.1709,1.1804
新联电子_1002546.csv,4,-6.3904,0.1905
新莱应材_1300260.csv,1,-7.8261,1.0292
新雷能_1300593.csv,1,-4.0484,1.6974
新黄浦_0600638.csv,4,-9.929,0.5076
方大B_1200055.csv,1,-2.0408,0.2604
方大炭素_0600516.csv,1,-4.9963,0.896
方大集团_1000055.csv,4,-22.7299,0.817
方正电机_1002196.csv,4,-8.6644,0.2959
方直科技_1300235.csv,5,-11.1833,1.5564
旋极信息_1300324.csv,1,-6.3885,0.1393
日出东方_0603366.csv,1,-5.7851,0.0
日发精机_1002520.csv,1,-4.3269,0.7538
日月股份_0603218.csv,1,-4.7223,6.5626
日海智能_1002313.csv,7,-17.6272,0.2175
日照港_0600017.csv,1,-3.7356,0.597
旭光股份_0600353.csv,3,-16.8169,0.1754
昂立教育_0600661.csv,5,-5.801900000000001,0.9751
昆仑万维_1300418.csv,1,-4.955,1.151
昊志机电_1300503.csv,1,-5.9434,1.003
明阳电路_1300739.csv,1,-5.3435,1.6532
易事特_1300376.csv,1,-4.5827,2.0583
易华录_1300212.csv,1,-2.9477,0.2865
星宇股份_0601799.csv,4,-3.2175,0.0279
星徽精密_1300464.csv,1,-3.8919,2.5872
星普医科_1300143.csv,1,-4.6458,2.6797
星湖科技_0600866.csv,1,-5.3398,0.1709
星网锐捷_1002396.csv,1,-4.131,2.4845
春光科技_0603657.csv,1,-4.183,0.0
春秋电子_0603890.csv,1,-5.6932,1.2074
晋亿实业_0601002.csv,2,-7.548100000000001,0.5333
晨丰科技_0603685.csv,1,-5.4496,0.2882
晨鑫科技_1002447.csv,1,-5.7592,1.1111
普丽盛_1300442.csv,1,-5.1383,10.0
普洛药业_1000739.csv,1,-2.1782,1.1134
晶方科技_0603005.csv,1,-4.6354,0.2025
晶盛机电_1300316.csv,1,-5.3452,0.7059
智光电气_1002169.csv,4,-7.3125,0.1873
智动力_1300686.csv,1,-4.2286,0.1193
智慧能源_0600869.csv,1,-6.25,0.1905
智飞生物_1300122.csv,2,-1.2002,0.7647
曙光股份_0600303.csv,1,-8.1315,0.1883
曲美家居_0603818.csv,1,-3.5714,0.0
朗博科技_0603655.csv,2,-5.5225,0.184
朗源股份_1300175.csv,1,-5.7554,1.0687
朗玛信息_1300288.csv,1,-7.7841,6.9008
朗科智能_1300543.csv,1,-8.9487,0.2148
朗科科技_1300042.csv,1,-5.7592,10.0
本钢板B_1200761.csv,5,-4.2867,0.8811
来伊份_0603777.csv,1,-6.7704,10.0167
杭州高新_1300478.csv,1,0.0,3.7344
杭电股份_0603618.csv,1,-7.4705,0.2833
杰恩设计_1300668.csv,1,-2.4164,0.381
杰赛科技_1002544.csv,1,-5.6311,2.5377
松发股份_0603268.csv,1,-3.6018,0.2076
松芝股份_1002454.csv,1,-2.439,2.3333
林洋能源_0601222.csv,1,-4.8951,0.3676
柏堡龙_1002776.csv,1,-1.2691,1.7013
柳药股份_0603368.csv,2,-2.6952,0.3913
桂发祥_1002820.csv,1,-2.5245,0.0
梅安森_1300275.csv,1,0.0,1.7341
森特股份_0603098.csv,1,-2.2624,0.463
森马服饰_1002563.csv,1,-2.6268,1.0233
楚江新材_1002171.csv,1,-4.3478,0.0
欣天科技_1300615.csv,1,-3.656,0.481
欣旺达_1300207.csv,1,-4.0874,1.4695
欣龙控股_1000955.csv,1,-6.4401,1.3384
欧普照明_0603515.csv,4,-10.2281,0.0297
歌力思_0603808.csv,6,-6.8961,0.1181
歌尔股份_1002241.csv,1,-3.1703,2.4322
正元智慧_1300645.csv,1,-2.0891,0.8984
正川股份_0603976.csv,1,-7.1159,0.2902
正平股份_0603843.csv,1,-5.9609,2.0765
正海磁材_1300224.csv,2,-6.9707,0.4518
正裕工业_0603089.csv,2,-6.7553,1.6309
武进不锈_0603878.csv,1,-1.4436,4.5939
比音勒芬_1002832.csv,1,-2.2965,0.6197
民生控股_1000416.csv,4,-13.507,0.1647
水井坊_0600779.csv,1,-2.5246,3.3582
水星家纺_0603365.csv,1,-1.7289,2.3269
水晶光电_1002273.csv,1,-3.574,0.7413
永吉股份_0603058.csv,1,-5.0189,0.2991
永安药业_1002365.csv,1,-4.4739,0.6071
永新股份_1002014.csv,1,-4.2746,2.571
永艺股份_0603600.csv,2,-4.1832,2.8037
永贵电器_1300351.csv,1,-8.8835,0.4472
永辉超市_0601933.csv,1,-1.0989,3.0
永高股份_1002641.csv,2,-8.005700000000001,0.4515
汇中股份_1300371.csv,1,-4.5564,0.3141
汇丽B_0900939.csv,1,-2.6964,0.6024
汇源通信_1000586.csv,1,-9.7095,2.5735
汇纳科技_1300609.csv,1,-1.6121,9.9976
汇金科技_1300561.csv,3,-20.0869,9.9812
汇金股份_1300368.csv,1,-0.3371,5.0733
汇顶科技_0603160.csv,1,-1.7857,0.4664
汇鸿集团_0600981.csv,3,-12.2309,0.0
汉威科技_1300007.csv,1,-5.949,0.9036
汉得信息_1300170.csv,1,-6.1862,1.7926
汉王科技_1002362.csv,1,-5.3087,0.2438
汉缆股份_1002498.csv,1,-7.5209,0.9036
汉邦高科_1300449.csv,4,-12.861,0.4449
汉钟精机_1002158.csv,1,-8.1214,10.0
汉鼎宇佑_1300300.csv,1,-4.5455,1.1054
江南化工_1002226.csv,1,-2.2936,0.7825
江山股份_0600389.csv,1,-4.3876,0.717
江苏索普_0600746.csv,3,-17.4972,2.027
江苏舜天_0600287.csv,1,-6.2215,1.2945
汤臣倍健_1300146.csv,1,-3.6067,9.9949
法兰泰克_0603966.csv,2,-11.3003,1.0819
法拉电子_0600563.csv,1,-3.8944,0.0458
波导股份_0600130.csv,1,-5.3996,2.2831
泰尔股份_1002347.csv,1,-2.3026,3.7037
泰禾集团_1000732.csv,2,-3.9527,0.6145
泰胜风能_1300129.csv,1,-7.2687,1.1876
泰豪科技_0600590.csv,1,-0.2692,2.2942
泸州老窖_1000568.csv,2,-2.7363,7.0233
洁美科技_1002859.csv,1,-3.5642,0.6911
洪汇新材_1002802.csv,1,-3.1665,0.5303
洪都航空_0600316.csv,1,-4.6106,1.8942
派思股份_0603318.csv,2,-7.8453,0.7917
浔兴股份_1002098.csv,2,-12.8771,0.7848
浙商中拓_1000906.csv,1,-4.8052,0.1364
浙大网新_0600797.csv,1,-5.1208,6.9246
浙江仙通_0603239.csv,1,-8.9504,0.5362
浙江众成_1002522.csv,1,-3.1532,3.876
浙江富润_0600070.csv,1,-0.8046,1.7381
浙江永强_1002489.csv,1,-2.0833,3.1915
浦东金桥_0600639.csv,2,-10.1194,0.4648
浩物股份_1000757.csv,1,-2.921,0.0
浪潮信息_1000977.csv,1,-1.2928,2.9735
浪莎股份_0600137.csv,1,-4.4978,0.2581
海信家电_1000921.csv,3,-12.1796,2.7273
海兰信_1300065.csv,5,-20.7191,1.2081
海创B股_0900955.csv,4,-4.723599999999999,0.0
海得控制_1002184.csv,1,-5.1282,0.5231
海欣股份_0600851.csv,2,-5.6428,0.1193
海欣食品_1002702.csv,1,-2.2814,0.0
海汽集团_0603069.csv,1,-6.9054,0.0
海波重科_1300517.csv,1,-6.5934,0.8497
海洋王_1002724.csv,1,-4.579,1.3932
海特生物_1300683.csv,1,-3.4718,0.1844
海联讯_1300277.csv,1,-5.2632,0.8333
海通证券_0600837.csv,1,-2.537,3.3984
海量数据_0603138.csv,1,-4.3043,6.5425
海鸥股份_0603269.csv,1,-2.8725,0.3081
润和软件_1300339.csv,1,-6.0651,0.8661
润欣科技_1300493.csv,1,-2.039,4.1629
润邦股份_1002483.csv,1,-6.0041,0.6608
深信服_1300454.csv,3,-4.4343,2.4923
深华发A_1000020.csv,1,-7.3896,1.7346
深华发B_1200020.csv,5,-2.4570000000000003,0.0
深南电B_1200037.csv,2,-6.0527,0.0
深南电路_1002916.csv,1,-1.1494,0.2243
深圳华强_1000062.csv,1,-6.1352,2.5763
深天地A_1000023.csv,1,-6.0707,0.142
深康佳B_1200016.csv,2,-3.125,0.0
深桑达A_1000032.csv,3,-10.3083,2.0742
深物业B_1200011.csv,1,-2.459,0.8403
深科技_1000021.csv,1,-3.413,0.4711
深纺织A_1000045.csv,1,-2.6212,0.6729
渤海轮渡_0603167.csv,1,-4.6382,0.0973
湖南黄金_1002155.csv,3,-5.3776,0.2494
湘电股份_0600416.csv,1,-5.4645,0.1445
澳洋顺昌_1002245.csv,4,-7.2184,1.087
瀛通通讯_1002861.csv,1,-6.1914,3.32
火炬电子_0603678.csv,4,-8.339799999999999,3.7826
炬华科技_1300360.csv,1,-3.1729,1.6949
烽火电子_1000561.csv,5,-12.495999999999999,1.2245
熊猫金控_0600599.csv,1,-8.7948,2.0714
熙菱信息_1300588.csv,1,-7.0896,0.4819
爱乐达_1300696.csv,1,-4.1844,0.3235
爱司凯_1300521.csv,1,-2.9191,0.1718
爱婴室_0603214.csv,4,-12.6373,1.1762
爱施德_1002416.csv,1,-5.2632,0.3268
爱朋医疗_1300753.csv,5,-7.7288,3.1768
爱迪尔_1002740.csv,1,-4.983,7.9857
特力B_1200025.csv,2,-3.2024,0.1136
特尔佳_1002213.csv,1,-7.5526,0.1034
特锐德_1300001.csv,1,-2.5323,0.8824
玉龙股份_0601028.csv,4,-16.0193,0.3676
环球印务_1002799.csv,1,-2.8986,1.3569
珀莱雅_0603605.csv,2,-1.1078,0.9552
理工环科_1002322.csv,5,-11.5334,0.6545
瑞和股份_1002620.csv,1,-5.5331,0.0
瑞泰科技_1002066.csv,1,-6.3091,0.3367
瑞特股份_1300600.csv,1,-3.7986,0.1377
璞泰来_0603659.csv,1,-1.3341,0.8073
用友网络_0600588.csv,1,-1.8475,2.4798
田中精机_1300461.csv,3,-1.726,0.6452
申华控股_0600653.csv,6,-10.983,0.0
申科股份_1002633.csv,2,-10.0259,0.1053
申达股份_0600626.csv,1,-3.1111,0.6116
电连技术_1300679.csv,4,-12.330799999999998,0.0967
登云股份_1002715.csv,3,-6.4356,1.2182
百利科技_0603959.csv,1,-4.0824,1.4876
百合花_0603823.csv,1,-5.4334,0.0912
百联B股_0900923.csv,1,-0.858,0.4808
百联股份_0600827.csv,1,-2.9211,0.0
皇氏集团_1002329.csv,1,-8.5487,0.4348
皖江物流_0600575.csv,2,-7.649100000000001,0.3559
皖通科技_1002331.csv,4,-4.9122,0.2786
盈峰环境_1000967.csv,1,-4.261,1.669
盈趣科技_1002925.csv,1,-1.5729,1.0508
益佰制药_0600594.csv,1,-5.3623,0.0
盐津铺子_1002847.csv,3,-9.0441,3.4589
盛天网络_1300494.csv,1,-1.3428,2.1617
盛洋科技_0603703.csv,2,-2.8596000000000004,1.4617
盛路通信_1002446.csv,1,-2.0868,3.2396
神宇股份_1300563.csv,1,-4.4288,3.31
神州B_1200018.csv,6,-19.7785,2.521
神州信息_1000555.csv,1,-5.9297,5.7588
神州数码_1000034.csv,1,-5.4698,4.4929
神州泰岳_1300002.csv,1,-3.8855,3.4043
神州高铁_1000008.csv,1,-4.4776,0.2232
神马股份_0600810.csv,2,-8.1005,5.6163
福安药业_1300194.csv,4,-26.157700000000002,8.1049
福建水泥_0600802.csv,1,-3.8919,0.0
福斯特_0603806.csv,1,-1.9126,1.4485
福日电子_0600203.csv,1,-5.4018,0.0
禾丰牧业_0603609.csv,1,-2.9957,3.0147
科力远_0600478.csv,1,-1.7981,8.0282
科大国创_1300520.csv,1,-3.2508,0.9529
科融环境_1300152.csv,1,-7.0064,2.968
科远股份_1002380.csv,1,-5.3416,2.4278
科陆电子_1002121.csv,1,-2.1173,0.0
科顺股份_1300737.csv,1,-5.0847,3.373
秦港股份_0601326.csv,1,-4.3062,0.0
空港股份_0600463.csv,1,-7.1739,0.4684
立昂技术_1300603.csv,1,-3.1453,6.8126
粤照明B_1200541.csv,1,-1.6043,0.2717
精功科技_1002006.csv,1,-5.6027,1.6187
精锻科技_1300258.csv,1,-2.3916,0.1531
索菱股份_1002766.csv,1,-9.7844,0.5515
索菲亚_1002572.csv,2,-2.3835,1.1905
紫光国微_1002049.csv,1,-6.4329,0.4536
红旗连锁_1002697.csv,1,-3.3898,0.3509
红相股份_1300427.csv,1,-5.7715,2.0625
红豆股份_0600400.csv,1,-3.9535,4.8426
纳尔股份_1002825.csv,3,-7.4748,1.6802
纳川股份_1300198.csv,2,-7.4672,5.625
纵横通信_0603602.csv,1,-3.9382,0.2126
经纬纺机_1000666.csv,1,-5.0633,1.2632
维宏股份_1300508.csv,1,-8.331,1.4286
综艺股份_0600770.csv,1,-3.9882,0.4615
绿景控股_1000502.csv,1,-6.2703,0.9227
绿盟科技_1300369.csv,1,-5.2203,1.7883
绿茵生态_1002887.csv,1,-2.9543,0.4613
网宿科技_1300017.csv,1,-6.3971,0.0786
网达软件_0603189.csv,1,-6.6762,2.6154
罗普斯金_1002333.csv,2,-7.5779,0.1473
置信电气_0600517.csv,3,-20.6237,0.3293
美亚柏科_1300188.csv,1,-4.95,0.9469
美好置业_1000667.csv,2,-4.8021,0.0
美诺华_0603538.csv,1,-5.553,1.5549
美都能源_0600175.csv,1,-7.221,9.9057
翔港科技_0603499.csv,2,-8.2019,4.737
耀皮B股_0900918.csv,7,-7.3514,1.1583
耀皮玻璃_0600819.csv,6,-11.6705,3.5156
老白干酒_0600559.csv,2,-5.0286,3.2188
联创互联_1300343.csv,1,-2.8643,1.9231
联创电子_1002036.csv,1,-6.812,2.3392
联化科技_1002250.csv,1,-0.2703,2.5294
联泰环保_0603797.csv,1,-3.7545,2.4006
联络互动_1002280.csv,4,-13.8649,0.9217
聚隆科技_1300475.csv,1,-4.524,0.691
聚飞光电_1300303.csv,1,-7.5795,1.3228
能科股份_0603859.csv,7,-19.932299999999998,3.9066
腾信股份_1300392.csv,1,-3.4664,1.6322
腾达建设_0600512.csv,3,-10.2566,0.0
至纯科技_0603690.csv,6,-10.1009,0.5038
航发科技_0600391.csv,1,-5.0725,0.0636
航天发展_1000547.csv,1,-2.615,3.3333
航天科技_1000901.csv,1,-5.7898,0.3035
良信电器_1002706.csv,2,-4.8649000000000004,0.0
艾比森_1300389.csv,1,-5.0117,0.0613
艾艾精工_0603580.csv,4,-13.828400000000002,0.1103
芭田股份_1002170.csv,1,-1.9355,3.0702
花王股份_0603007.csv,1,-4.6,6.1845
苏州科达_0603660.csv,4,-10.0864,3.6139
苏州高新_0600736.csv,2,-3.6117,2.439
苏常柴B_1200570.csv,1,-3.8194,0.0
苏泊尔_1002032.csv,1,-8.993,2.2485
英力特_1000635.csv,1,-6.4238,1.127
英唐智控_1300131.csv,1,-3.3546,3.4711
英科医疗_1300677.csv,3,-9.293600000000001,3.3943
英飞特_1300582.csv,1,-5.5811,0.3477
荃银高科_1300087.csv,3,-10.355599999999999,0.7481
荣丰控股_1000668.csv,4,-11.4282,2.7129
荣安地产_1000517.csv,1,-6.079,1.2945
荣科科技_1300290.csv,1,-1.6457,6.3976
药明康德_0603259.csv,6,-6.361000000000001,0.2157
药石科技_1300725.csv,1,-1.7952,5.0058
莫高股份_0600543.csv,1,-6.927,0.5413
莱克电气_0603355.csv,1,-3.5317,0.4525
菲林格尔_0603226.csv,1,-4.0961,1.848
营口港_0600317.csv,1,-4.0541,0.0
葵花药业_1002737.csv,3,-6.6409,0.995
蓝丰生化_1002513.csv,1,-4.6921,1.3846
蓝光发展_0600466.csv,2,-0.5747,0.7225
蓝帆医疗_1002382.csv,1,-2.9664,0.0
蓝海华腾_1300484.csv,1,-5.214,0.0
蓝焰控股_1000968.csv,1,-3.826,0.078
蓝盾股份_1300297.csv,1,-7.3698,0.823
虹美菱B_1200521.csv,1,-2.952,0.0
融捷股份_1002192.csv,1,-1.0003,2.5436
融钰集团_1002622.csv,1,-4.7917,0.4376
裕兴股份_1300305.csv,1,-5.4994,2.2565
襄阳轴承_1000678.csv,1,-7.0647,0.5353
西南证券_0600369.csv,1,-4.7945,1.0791
西藏天路_0600326.csv,1,-5.9908,0.2451
西藏珠峰_0600338.csv,2,-4.6326,1.9902
西藏药业_0600211.csv,1,-2.8497,4.24
西部创业_1000557.csv,1,-10.0806,1.1211
视源股份_1002841.csv,1,-1.7182,0.9371
许继电气_1000400.csv,1,-4.0875,0.5946
证通电子_1002197.csv,1,-3.1432,2.1635
诺力股份_0603611.csv,1,-1.596,1.2671
诺德股份_0600110.csv,1,-5.7922,4.8825
豪迈科技_1002595.csv,6,-5.989800000000001,0.9839
豫园股份_0600655.csv,4,-5.3003,0.5319
贝通信_0603220.csv,1,-4.6706,0.1947
贵研铂业_0600459.csv,3,-17.0114,0.1052
贵航股份_0600523.csv,1,-5.3121,0.4208
赛为智能_1300044.csv,1,-4.5288,1.7949
赛福天_0603028.csv,1,-4.4805,0.6986
赞宇科技_1002637.csv,1,-3.5963,0.1203
赢时胜_1300377.csv,1,-7.8821,0.0744
超华科技_1002288.csv,1,-2.4433,3.5778
超图软件_1300036.csv,1,-4.6128,0.2985
超声电子_1000823.csv,1,-7.1257,3.6207
跃岭股份_1002725.csv,1,-0.8435,6.4272
路畅科技_1002813.csv,1,-6.4599,0.3453
辉煌科技_1002296.csv,1,-5.3672,0.4478
辰安科技_1300523.csv,1,-1.9864,5.3634
辰欣药业_0603367.csv,2,-5.0864,0.3432
辽宁成大_0600739.csv,1,-5.3741,0.647
达威股份_1300535.csv,1,-6.201,2.366
达安股份_1300635.csv,1,-3.4714,0.5678
达实智能_1002421.csv,1,-5.819,1.6018
达意隆_1002209.csv,1,-4.92,0.9056
迅游科技_1300467.csv,5,-25.7527,1.2173
迎驾贡酒_0603198.csv,1,-3.9063,1.8583
远望谷_1002161.csv,2,-9.637,0.5579
迪威迅_1300167.csv,1,-7.1906,0.5405
迪安诊断_1300244.csv,1,-3.2338,1.1311
迪瑞医疗_1300396.csv,1,-7.013,2.4581
迪生力_0603335.csv,1,-1.9469,0.9025
迪贝电气_0603320.csv,1,-1.7699,1.0811
迪马股份_0600565.csv,4,-9.2318,2.8634
道森股份_0603800.csv,3,-10.0349,0.578
邦宝益智_0603398.csv,2,-4.9618,0.647
酒鬼酒_1000799.csv,2,-6.3736999999999995,1.4078
重庆燃气_0600917.csv,1,-4.733,1.0191
金发拉比_1002762.csv,1,-6.5282,1.2698
金地集团_0600383.csv,1,-2.492,0.0824
金城医药_1300233.csv,1,-4.6606,0.0
金域医学_0603882.csv,3,-4.8875,9.9932
金字火腿_1002515.csv,1,-1.7647,3.8922
金新农_1002548.csv,3,-4.7407,1.1952
金桥信息_0603918.csv,1,-4.7358,1.3689
金溢科技_1002869.csv,1,-3.3286,2.1978
金牛化工_0600722.csv,1,-6.1693,0.3058
金石东方_1300434.csv,1,-5.684,0.9193
金种子酒_0600199.csv,2,-9.2463,0.4286
金自天正_0600560.csv,1,-6.883,0.4224
金辰股份_0603396.csv,1,-3.3561,0.4069
金达威_1002626.csv,3,-6.0594,1.8868
金逸影视_1002905.csv,5,-8.2321,4.4949
金银河_1300619.csv,1,-6.8225,0.8638
金隅集团_0601992.csv,1,-2.6764,1.75
金雷风电_1300443.csv,1,-4.5276,4.2612
金麒麟_0603586.csv,1,-1.1458,1.481
金龙羽_1002882.csv,1,-0.8864,2.8455
钢研高纳_1300034.csv,7,-12.291400000000001,1.014
钱江生化_0600796.csv,1,-5.8176,0.5008
铭普光磁_1002902.csv,1,-1.5184,0.0367
银信科技_1300231.csv,1,-5.0179,1.6352
银江股份_1300020.csv,2,-7.8582,0.6508
银河生物_1000806.csv,4,-19.7919,0.2558
银河磁体_1300127.csv,4,-6.7338,0.9202
银泰资源_1000975.csv,1,-2.8404,2.0161
银禧科技_1300221.csv,1,-9.9548,2.7638
银邦股份_1300337.csv,3,-15.301000000000002,0.232
银鸽投资_0600069.csv,1,-5.914,0.0
锋龙股份_1002931.csv,1,-5.5891,2.848
锐奇股份_1300126.csv,1,-4.7393,0.0
长久物流_0603569.csv,4,-9.8003,1.2195
长信科技_1300088.csv,1,-5.5205,0.0
长春高新_1000661.csv,1,-0.6579,0.3974
长江投资_0600119.csv,8,-21.454800000000002,6.963
长江证券_1000783.csv,1,-4.0201,3.0105
长江通信_0600345.csv,1,-3.2797,0.0
长源电力_1000966.csv,1,-5.9322,2.5225
长青股份_1002391.csv,1,-3.5162,0.1458
长高集团_1002452.csv,1,-4.9281,0.432
长鹰信质_1002664.csv,1,-5.9748,0.8027
闽东电力_1000993.csv,2,-7.5493,0.0
阳光照明_0600261.csv,1,-7.3593,1.6355
阳普医疗_1300030.csv,1,-7.7035,0.1575
陕西金叶_1000812.csv,2,-6.3314,6.6964
隆利科技_1300752.csv,1,-2.1859,0.5297
雄帝科技_1300546.csv,4,-9.0481,0.071
雄韬股份_1002733.csv,1,-6.0446,2.3425
雅克科技_1002409.csv,1,-2.3822,5.3245
雅本化学_1300261.csv,1,-3.437,0.678
雅运股份_0603790.csv,1,-1.6082,2.5566
集友股份_0603429.csv,1,-2.6275,0.5952
集智股份_1300553.csv,1,-3.6997,0.7517
雪浪环境_1300385.csv,4,-5.5858,2.8998
露天煤业_1002128.csv,1,-2.4236,0.9719
青岛啤酒_0600600.csv,5,-5.4328,1.0397
鞍重股份_1002667.csv,2,-10.5182,0.0
韦尔股份_0603501.csv,1,-6.0999,0.6441
韵达股份_1002120.csv,1,-0.1601,0.6683
顺利办_1000606.csv,1,-5.5627,0.5479
顺威股份_1002676.csv,1,-7.7605,0.2404
顺络电子_1002138.csv,1,-4.0119,4.8488
顾家家居_0603816.csv,4,-11.2316,0.278
风神股份_0600469.csv,1,-6.0606,1.5054
风语筑_0603466.csv,1,-7.5501,0.5556
飞利信_1300287.csv,1,-4.008,4.8017
飞力达_1300240.csv,2,-5.5367,0.1157
飞天诚信_1300386.csv,1,-4.9321,0.3008
飞科电器_0603868.csv,5,-10.0086,1.6113
首创股份_0600008.csv,1,-3.5971,0.2488
首开股份_0600376.csv,2,-4.3641000000000005,0.0
首旅酒店_0600258.csv,1,-1.2736,1.0033
香江控股_0600162.csv,6,-9.6408,9.9237
香雪制药_1300147.csv,2,-7.1967,0.9056
马应龙_0600993.csv,2,-5.5318,0.7571
高伟达_1300465.csv,1,-9.2784,0.2273
高澜股份_1300499.csv,4,-8.9879,1.6645
高鸿股份_1000851.csv,1,-4.4586,5.3333
鲁西化工_1000830.csv,1,-4.498,2.6621
鲁阳节能_1002088.csv,3,-3.2359999999999998,0.6484
鹏博士_0600804.csv,1,-3.1924,4.3672
鹏鹞环保_1300664.csv,1,-5.1394,0.4591
麦捷科技_1300319.csv,1,-2.6119,3.576
麦趣尔_1002719.csv,1,-8.7061,1.4873
麦达数字_1002137.csv,2,-13.789200000000001,0.5025
麦迪科技_0603990.csv,1,-4.4527,2.5243
黄山B股_0900942.csv,1,-0.9486,0.2394
鼎汉技术_1300011.csv,1,-7.2335,1.7784
齐翔腾达_1002408.csv,3,-12.444600000000001,0.1125
龙宇燃油_0603003.csv,1,-1.1317,2.4974
