ΘΥΖΪ,ΉΙΖ±΄ϊΒλ,Γϋ³Ζ,ΚΥΕΜΌΫ,ΧξΈίΌΫ,ΧξµΝΌΫ,ΏΕΜΌΫ,Η°ΚΥΕΜ,ΥΗµψ¶ξ,ΥΗµψ·ω,»»ΚΦΒΚ,³Ι½»ΑΏ,³Ι½»½π¶ξ,ΧάΚΠΦµ,ΑχΝ¨ΚΠΦµ
2019-04-26,'603885,ΌΟιΊ½ΏΥ,13.23,13.39,13.05,13.3,13.27,-0.04,-0.3014,0.4996,8978223,118955996.0,23774488300.7,23774488300.7
2019-04-25,'603885,ΌΟιΊ½ΏΥ,13.27,13.75,13.27,13.73,13.81,-0.54,-3.9102,0.589,10583573,143005540.0,23846368839.8,23846368839.8
2019-04-24,'603885,ΌΟιΊ½ΏΥ,13.81,13.84,13.53,13.67,13.64,0.17,1.2463,0.6973,12531151,172068009.0,24816756117.4,24816756117.4
2019-04-23,'603885,ΌΟιΊ½ΏΥ,13.64,14.01,13.58,14.0,14.06,-0.42,-2.9872,0.8708,15648805,215156723.0,24511263826.3,24511263826.3
2019-04-22,'603885,ΌΟιΊ½ΏΥ,14.06,14.2,13.84,14.2,14.3,-0.24,-1.6783,0.8946,16076832,224594700.0,25266009486.6,25266009486.6
2019-04-19,'603885,ΌΟιΊ½ΏΥ,14.3,14.36,14.07,14.36,14.37,-0.07,-0.4871,0.6055,10880787,154341085.0,25697292721.1,25697292721.1
2019-04-18,'603885,ΌΟιΊ½ΏΥ,14.37,14.82,14.27,14.57,14.56,-0.19,-1.3049,0.8354,15012396,218107078.0,25823083664.5,25823083664.5
2019-04-17,'603885,ΌΟιΊ½ΏΥ,14.56,14.76,14.37,14.5,14.51,0.05,0.3446,0.7403,13303417,193294156.0,26164516225.1,26164516225.1
2019-04-16,'603885,ΌΟιΊ½ΏΥ,14.51,14.54,14.17,14.32,14.41,0.1,0.694,0.8896,15986817,229963055.0,26074665551.3,26074665551.3
2019-04-15,'603885,ΌΟιΊ½ΏΥ,14.41,15.15,14.33,15.07,14.88,-0.47,-3.1586,1.4473,26008259,381020251.0,25894964203.6,25894964203.6
2019-04-12,'603885,ΌΟιΊ½ΏΥ,14.88,15.3,14.82,14.98,15.38,-0.5,-3.251,0.8159,14662574,220243893.0,26739560537.8,26739560537.8
2019-04-11,'603885,ΌΟιΊ½ΏΥ,15.38,15.67,15.22,15.59,15.69,-0.31,-1.9758,0.5233,9403418,145305932.0,27638067276.3,27638067276.3
2019-04-10,'603885,ΌΟιΊ½ΏΥ,15.69,15.9,15.09,15.33,15.45,0.24,1.5534,0.8838,15882852,245226950.0,28195141454.1,28195141454.1
2019-04-09,'603885,ΌΟιΊ½ΏΥ,15.45,15.65,15.16,15.57,15.59,-0.14,-0.898,1.0762,19339043,297203929.0,27763858219.7,27763858219.7
2019-04-08,'603885,ΌΟιΊ½ΏΥ,15.59,16.53,15.44,16.53,16.9,-1.31,-7.7515,1.7588,31606741,500929337.0,28015440106.4,28015440106.4
2019-04-04,'603885,ΌΟιΊ½ΏΥ,16.9,17.8,16.62,17.8,16.18,0.72,4.4499,2.3956,43048932,741024493.0,30369527761.3,30369527761.3
2019-04-03,'603885,ΌΟιΊ½ΏΥ,16.18,16.27,15.61,15.7,15.7,0.48,3.0573,0.9704,17438925,280122033.0,29075678057.9,29075678057.9
2019-04-02,'603885,ΌΟιΊ½ΏΥ,15.7,16.27,15.61,15.77,15.69,0.01,0.0637,1.1248,20213015,321974037.0,28213111588.9,28213111588.9
2019-04-01,'603885,ΌΟιΊ½ΏΥ,15.69,15.83,14.82,14.82,14.77,0.92,6.2288,1.6632,29887158,465444319.0,28195141454.1,28195141454.1
2019-03-29,'603885,ΌΟιΊ½ΏΥ,14.77,15.1,14.29,14.3,14.14,0.63,4.4554,1.1569,20790383,306983921.0,26541889055.3,26541889055.3
2019-03-28,'603885,ΌΟιΊ½ΏΥ,14.14,14.68,14.12,14.23,14.29,-0.15,-1.0497,0.9669,17374720,249801195.0,25409770564.8,25409770564.8
2019-03-27,'603885,ΌΟιΊ½ΏΥ,14.29,14.47,13.21,13.21,13.15,1.14,8.6692,1.647,29597118,413893147.0,25679322586.3,25679322586.3
2019-03-26,'603885,ΌΟιΊ½ΏΥ,13.15,13.68,13.07,13.6,13.51,-0.36,-2.6647,0.5433,9762666,130367429.0,23630727222.5,23630727222.5
2019-03-25,'603885,ΌΟιΊ½ΏΥ,13.51,13.96,13.49,13.71,13.97,-0.46,-3.2928,0.645,11591405,158722971.0,24277652074.3,24277652074.3
2019-03-22,'603885,ΌΟιΊ½ΏΥ,13.97,14.05,13.51,13.61,13.64,0.33,2.4194,0.9256,16633896,229310621.0,25104278273.7,25104278273.7
2019-03-21,'603885,ΌΟιΊ½ΏΥ,13.64,13.98,13.52,13.52,13.45,0.19,1.4126,1.1303,20311290,279363497.0,24511263826.3,24511263826.3
2019-03-20,'603885,ΌΟιΊ½ΏΥ,13.45,13.76,13.27,13.76,13.76,-0.31,-2.2529,0.7505,13487333,182056930.0,24169831265.7,24169831265.7
2019-03-19,'603885,ΌΟιΊ½ΏΥ,13.76,14.06,13.45,13.67,13.66,0.1,0.7321,1.0419,18722440,258384103.0,24726905443.5,24726905443.5
2019-03-18,'603885,ΌΟιΊ½ΏΥ,13.66,13.67,13.0,13.31,13.25,0.41,3.0943,0.9386,16866387,225087512.0,24547204095.8,24547204095.8
2019-03-15,'603885,ΌΟιΊ½ΏΥ,13.25,13.56,13.18,13.4,13.36,-0.11,-0.8234,1.1011,19786036,264557946.0,23810428570.2,23810428570.2
2019-03-14,'603885,ΌΟιΊ½ΏΥ,13.36,13.7,13.2,13.25,13.14,0.22,1.6743,1.2538,22531369,304170426.0,24008100052.7,24008100052.7
2019-03-13,'603885,ΌΟιΊ½ΏΥ,13.14,13.38,12.93,13.05,13.02,0.12,0.9217,0.9406,16902684,223058005.0,23612757087.8,23612757087.8
2019-03-12,'603885,ΌΟιΊ½ΏΥ,13.02,13.13,12.85,12.97,12.88,0.14,1.087,1.2629,22693623,294300144.0,23397115470.5,23397115470.5
2019-03-11,'603885,ΌΟιΊ½ΏΥ,12.88,12.9,12.52,12.72,12.81,0.07,0.5464,1.5132,27192440,344562534.0,23145533583.8,23145533583.8
2019-03-08,'603885,ΌΟιΊ½ΏΥ,12.81,13.44,12.68,13.3,13.51,-0.7,-5.1813,1.1309,20323309,264277027.0,23019742640.4,23019742640.4
2019-03-07,'603885,ΌΟιΊ½ΏΥ,13.51,13.72,13.45,13.64,13.69,-0.18,-1.3148,0.7404,13304901,180348308.0,24277652074.3,24277652074.3
2019-03-06,'603885,ΌΟιΊ½ΏΥ,13.69,13.75,13.42,13.5,13.56,0.13,0.9587,0.8829,15865467,215751584.0,24601114500.1,24601114500.1
2019-03-05,'603885,ΌΟιΊ½ΏΥ,13.56,13.58,13.35,13.51,13.54,0.02,0.1477,0.3665,6586355,88533191.0,24367502748.1,24367502748.1
2019-03-04,'603885,ΌΟιΊ½ΏΥ,13.54,13.74,13.5,13.53,13.53,0.01,0.0739,0.8254,14832131,201863272.0,24331562478.6,24331562478.6
2019-03-01,'603885,ΌΟιΊ½ΏΥ,13.53,13.55,13.29,13.5,13.44,0.09,0.6696,0.3021,5429233,72884476.0,24313592343.8,24313592343.8
2019-02-28,'603885,ΌΟιΊ½ΏΥ,13.44,13.56,13.32,13.44,13.43,0.01,0.0745,0.372,6684133,89826399.0,24151861130.9,24151861130.9
2019-02-27,'603885,ΌΟιΊ½ΏΥ,13.43,13.73,13.32,13.7,13.68,-0.25,-1.8275,0.5988,10760272,145695247.0,24133890996.1,24133890996.1
2019-02-26,'603885,ΌΟιΊ½ΏΥ,13.68,14.18,13.55,14.18,14.06,-0.38,-2.7027,0.8148,14641389,202279777.0,24583144365.4,24583144365.4
2019-02-25,'603885,ΌΟιΊ½ΏΥ,14.06,14.16,13.34,13.34,13.08,0.98,7.4924,1.1962,21496689,299266280.0,25266009486.6,25266009486.6
2019-02-22,'603885,ΌΟιΊ½ΏΥ,13.08,13.2,12.78,12.83,12.98,0.1,0.7704,0.4809,8641363,112160798.0,23504936279.2,23504936279.2
2019-02-21,'603885,ΌΟιΊ½ΏΥ,12.98,13.26,12.81,13.05,13.05,-0.07,-0.5364,0.5165,9281977,120820407.0,23325234931.5,23325234931.5
2019-02-20,'603885,ΌΟιΊ½ΏΥ,13.05,13.06,12.74,13.01,12.93,0.12,0.9281,0.4435,7969343,103004722.0,23451025874.8,23451025874.8
2019-02-19,'603885,ΌΟιΊ½ΏΥ,12.93,13.19,12.86,12.99,12.99,-0.06,-0.4619,0.3382,6078294,79010677.0,23235384257.6,23235384257.6
2019-02-18,'603885,ΌΟιΊ½ΏΥ,12.99,13.12,12.6,12.66,12.6,0.39,3.0952,0.7658,13760917,176609720.0,23343205066.2,23343205066.2
2019-02-15,'603885,ΌΟιΊ½ΏΥ,12.6,12.95,12.56,12.8,12.9,-0.3,-2.3256,0.325,5840134,74209711.0,22642369810.2,22642369810.2
2019-02-14,'603885,ΌΟιΊ½ΏΥ,12.9,12.96,12.73,12.75,12.85,0.05,0.3891,0.2959,5316614,68339555.0,23181473853.3,23181473853.3
2019-02-13,'603885,ΌΟιΊ½ΏΥ,12.85,12.96,12.57,12.75,12.76,0.09,0.7053,0.4213,7570137,96962209.0,23091623179.5,23091623179.5
2019-02-12,'603885,ΌΟιΊ½ΏΥ,12.76,12.83,12.44,12.59,12.59,0.17,1.3503,0.4404,7914699,99530095.0,22929891966.5,22929891966.5
2019-02-11,'603885,ΌΟιΊ½ΏΥ,12.59,12.76,12.23,12.31,12.29,0.3,2.441,0.4394,7896319,98834608.0,22624399675.4,22624399675.4
2019-02-01,'603885,ΌΟιΊ½ΏΥ,12.29,12.3,12.13,12.15,12.1,0.19,1.5702,0.3085,5543794,67799740.0,22085295632.3,22085295632.3
2019-01-31,'603885,ΌΟιΊ½ΏΥ,12.1,12.3,12.06,12.3,12.35,-0.25,-2.0243,0.3308,5945407,72115225.0,21743863071.7,21743863071.7
2019-01-30,'603885,ΌΟιΊ½ΏΥ,12.35,12.5,12.26,12.5,12.51,-0.16,-1.279,0.2486,4466652,55318525.0,22193116441.0,22193116441.0
2019-01-29,'603885,ΌΟιΊ½ΏΥ,12.51,12.63,12.23,12.44,12.48,0.03,0.2404,0.3588,6448348,80185959.0,22480638597.3,22480638597.3
2019-01-28,'603885,ΌΟιΊ½ΏΥ,12.48,12.55,12.05,12.05,11.98,0.5,4.1736,0.7629,13710271,169626326.0,22426728193.0,22426728193.0
2019-01-25,'603885,ΌΟιΊ½ΏΥ,11.98,12.01,11.84,11.92,11.87,0.11,0.9267,0.2662,4784347,57152527.0,21528221454.5,21528221454.5
2019-01-24,'603885,ΌΟιΊ½ΏΥ,11.87,11.98,11.77,11.84,11.82,0.05,0.423,0.2792,5017952,59613735.0,21330549972.0,21330549972.0
2019-01-23,'603885,ΌΟιΊ½ΏΥ,11.82,11.92,11.8,11.83,11.86,-0.04,-0.3373,0.1845,3314643,39225816.0,21240699298.1,21240699298.1
2019-01-22,'603885,ΌΟιΊ½ΏΥ,11.86,11.99,11.84,11.93,11.93,-0.07,-0.5868,0.2324,4176615,49696820.0,21312579837.2,21312579837.2
2019-01-21,'603885,ΌΟιΊ½ΏΥ,11.93,12.07,11.89,11.98,11.99,-0.06,-0.5004,0.2968,5332862,63859310.0,21438370780.6,21438370780.6
2019-01-18,'603885,ΌΟιΊ½ΏΥ,11.99,12.0,11.72,11.72,11.8,0.19,1.6102,0.3948,7093774,84369885.0,21546191589.2,21546191589.2
2019-01-17,'603885,ΌΟιΊ½ΏΥ,11.8,12.04,11.7,12.01,12.01,-0.21,-1.7485,0.4049,7275667,86106490.0,21204759028.6,21204759028.6
2019-01-16,'603885,ΌΟιΊ½ΏΥ,12.01,12.05,11.85,11.98,12.0,0.01,0.0833,0.3519,6323940,75692365.0,21582131858.8,21582131858.8
2019-01-15,'603885,ΌΟιΊ½ΏΥ,12.0,12.02,11.7,11.97,11.97,0.03,0.2506,0.4725,8490578,100597921.0,21564161724.0,21564161724.0
2019-01-14,'603885,ΌΟιΊ½ΏΥ,11.97,12.28,11.96,12.28,12.27,-0.3,-2.445,0.3691,6633119,79877895.0,21510251319.7,21510251319.7
2019-01-11,'603885,ΌΟιΊ½ΏΥ,12.27,12.38,11.92,11.92,11.98,0.29,2.4207,0.5223,9386373,114486559.0,22049355362.8,22049355362.8
2019-01-10,'603885,ΌΟιΊ½ΏΥ,11.98,12.15,11.9,12.06,12.06,-0.08,-0.6633,0.4287,7703245,92547110.0,21528221454.5,21528221454.5
2019-01-09,'603885,ΌΟιΊ½ΏΥ,12.06,12.25,12.0,12.01,12.12,-0.06,-0.495,0.4733,8504377,103135071.0,21671982532.6,21671982532.6
2019-01-08,'603885,ΌΟιΊ½ΏΥ,12.12,12.36,11.91,12.36,12.37,-0.25,-2.021,0.3358,6034829,72849824.0,21779803341.2,21779803341.2
2019-01-07,'603885,ΌΟιΊ½ΏΥ,12.37,12.4,12.1,12.23,12.19,0.18,1.4766,0.3211,5770321,70990695.0,22229056710.5,22229056710.5
2019-01-04,'603885,ΌΟιΊ½ΏΥ,12.19,12.34,11.95,12.17,12.39,-0.2,-1.6142,0.3111,5589637,67754871.0,21905594284.6,21905594284.6
2019-01-03,'603885,ΌΟιΊ½ΏΥ,12.39,12.56,12.24,12.24,12.24,0.15,1.2255,0.2135,3836383,47531487.0,22264996980.0,22264996980.0
2019-01-02,'603885,ΌΟιΊ½ΏΥ,12.24,12.53,12.15,12.53,12.53,-0.29,-2.3144,0.274,4923196,60697016.0,21995444958.5,21995444958.5
2018-12-28,'603885,ΌΟιΊ½ΏΥ,12.53,12.61,12.32,12.43,12.52,0.01,0.0799,0.2503,4498095,56009809.0,22516578866.8,22516578866.8
2018-12-27,'603885,ΌΟιΊ½ΏΥ,12.52,12.64,12.24,12.35,12.5,0.02,0.16,0.3107,5583725,69502691.0,22498608732.0,22498608732.0
2018-12-26,'603885,ΌΟιΊ½ΏΥ,12.5,12.6,12.21,12.35,12.45,0.05,0.4016,0.3746,6730927,83470172.0,22462668462.5,22462668462.5
2018-12-25,'603885,ΌΟιΊ½ΏΥ,12.45,12.5,12.13,12.2,12.2,0.25,2.0492,0.6156,11062143,136630022.0,22372817788.7,22372817788.7
2018-12-24,'603885,ΌΟιΊ½ΏΥ,12.2,12.26,11.95,12.08,12.13,0.07,0.5771,0.3418,6141405,74420611.0,21923564419.4,21923564419.4
2018-12-21,'603885,ΌΟιΊ½ΏΥ,12.13,12.2,11.83,12.02,11.96,0.17,1.4214,0.4222,7587548,91387369.0,21797773476.0,21797773476.0
2018-12-20,'603885,ΌΟιΊ½ΏΥ,11.96,12.04,11.59,11.7,11.86,0.1,0.8432,0.4003,7192912,85420761.0,21492281184.9,21492281184.9
2018-12-19,'603885,ΌΟιΊ½ΏΥ,11.86,12.37,11.78,12.26,11.99,-0.13,-1.0842,0.5976,10738527,129531233.0,21312579837.2,21312579837.2
2018-12-18,'603885,ΌΟιΊ½ΏΥ,11.99,12.2,11.88,12.02,12.06,-0.07,-0.5804,0.2885,5184562,62271597.0,21546191589.2,21546191589.2
2018-12-17,'603885,ΌΟιΊ½ΏΥ,12.06,12.45,11.89,12.42,12.51,-0.45,-3.5971,0.5536,9947748,119897685.0,21671982532.6,21671982532.6
2018-12-14,'603885,ΌΟιΊ½ΏΥ,12.51,12.87,12.48,12.85,12.95,-0.44,-3.3977,0.2654,4769275,60240467.0,22480638597.3,22480638597.3
2018-12-13,'603885,ΌΟιΊ½ΏΥ,12.95,13.01,12.62,12.81,12.78,0.17,1.3302,0.2795,5022569,64582723.0,23271324527.2,23271324527.2
2018-12-12,'603885,ΌΟιΊ½ΏΥ,12.78,12.86,12.71,12.72,12.68,0.1,0.7886,0.1244,2235371,28561851.0,22965832236.1,22965832236.1
2018-12-11,'603885,ΌΟιΊ½ΏΥ,12.68,12.86,12.52,12.66,12.64,0.04,0.3165,0.1917,3444123,43626757.0,22786130888.4,22786130888.4
2018-12-10,'603885,ΌΟιΊ½ΏΥ,12.64,13.03,12.51,13.0,13.17,-0.53,-4.0243,0.3219,5784367,73503288.0,22714250349.3,22714250349.3
2018-12-07,'603885,ΌΟιΊ½ΏΥ,13.17,13.31,13.03,13.12,13.12,0.05,0.3811,0.0814,1462716,19248752.0,23666667492.1,23666667492.1
2018-12-06,'603885,ΌΟιΊ½ΏΥ,13.12,13.48,13.04,13.48,13.64,-0.52,-3.8123,0.2909,5228159,69219241.0,23576816818.2,23576816818.2
2018-12-05,'603885,ΌΟιΊ½ΏΥ,13.64,13.89,13.48,13.68,13.9,-0.26,-1.8705,0.3621,6506154,88949009.0,24511263826.3,24511263826.3
2018-12-04,'603885,ΌΟιΊ½ΏΥ,13.9,14.0,13.57,13.7,13.67,0.23,1.6825,0.527,9469551,130802174.0,24978487330.3,24978487330.3
2018-12-03,'603885,ΌΟιΊ½ΏΥ,13.67,14.18,13.5,13.54,13.28,0.39,2.9367,0.7131,12813671,176242325.0,24565174230.6,24565174230.6
2018-11-30,'603885,ΌΟιΊ½ΏΥ,13.28,13.32,12.8,13.0,13.13,0.15,1.1424,0.1857,3336743,43843436.0,23864338974.6,23864338974.6
2018-11-29,'603885,ΌΟιΊ½ΏΥ,13.13,13.67,13.12,13.4,13.28,-0.15,-1.1295,0.3109,5586850,74908587.0,23594786953.0,23594786953.0
2018-11-28,'603885,ΌΟιΊ½ΏΥ,13.28,13.28,12.73,13.21,13.22,0.06,0.4539,0.369,6631222,86481871.0,23864338974.6,23864338974.6
2018-11-27,'603885,ΌΟιΊ½ΏΥ,13.22,13.4,13.02,13.1,13.2,0.02,0.1515,0.3837,6895414,91026920.0,23756518165.9,23756518165.9
2018-11-26,'603885,ΌΟιΊ½ΏΥ,13.2,13.58,13.14,13.55,13.17,0.03,0.2278,0.4652,8360162,111755480.0,23720577896.4,23720577896.4
2018-11-23,'603885,ΌΟιΊ½ΏΥ,13.17,13.59,13.14,13.57,13.56,-0.39,-2.8761,0.3292,5915241,78591089.0,23666667492.1,23666667492.1
2018-11-22,'603885,ΌΟιΊ½ΏΥ,13.56,13.82,13.39,13.39,13.59,-0.03,-0.2208,0.5438,9772673,132985283.0,24367502748.1,24367502748.1
2018-11-21,'603885,ΌΟιΊ½ΏΥ,13.59,13.79,13.46,13.65,13.44,0.15,1.1161,0.524,9415587,128376450.0,24421413152.4,24421413152.4
2018-11-20,'603885,ΌΟιΊ½ΏΥ,13.44,13.95,13.39,13.69,13.82,-0.38,-2.7496,0.4941,8878178,120761263.0,24151861130.9,24151861130.9
2018-11-19,'603885,ΌΟιΊ½ΏΥ,13.82,14.29,13.57,14.18,14.18,-0.36,-2.5388,0.6082,10929412,150862593.0,24834726252.1,24834726252.1
2018-11-16,'603885,ΌΟιΊ½ΏΥ,14.18,14.67,14.15,14.62,14.7,-0.52,-3.5374,0.4703,8450854,121090637.0,25481651103.9,25481651103.9
2018-11-15,'603885,ΌΟιΊ½ΏΥ,14.7,14.79,14.35,14.65,14.87,-0.17,-1.1432,0.4504,8093459,117928889.0,26416098111.9,26416098111.9
2018-11-14,'603885,ΌΟιΊ½ΏΥ,14.87,15.76,14.46,15.7,14.63,0.24,1.6405,0.762,13694079,206418633.0,26721590403.0,26721590403.0
2018-11-13,'603885,ΌΟιΊ½ΏΥ,14.63,14.7,13.55,14.01,13.85,0.78,5.6318,0.7028,12628548,181304512.0,26290307168.5,26290307168.5
2018-11-12,'603885,ΌΟιΊ½ΏΥ,13.85,14.17,13.55,13.55,13.44,0.41,3.0506,0.375,6738250,93306821.0,24888636656.5,24888636656.5
2018-11-09,'603885,ΌΟιΊ½ΏΥ,13.44,13.62,13.18,13.4,13.65,-0.21,-1.5385,0.2188,3932738,52472396.0,24151861130.9,24151861130.9
2018-11-08,'603885,ΌΟιΊ½ΏΥ,13.65,14.0,13.38,13.85,13.72,-0.07,-0.5102,0.1693,3042049,41484563.0,24529233961.0,24529233961.0
2018-11-07,'603885,ΌΟιΊ½ΏΥ,13.72,14.12,13.65,13.65,13.73,-0.01,-0.0728,0.3537,6355581,88574469.0,24655024904.4,24655024904.4
2018-11-06,'603885,ΌΟιΊ½ΏΥ,13.73,13.86,13.08,13.38,13.51,0.22,1.6284,0.4658,8370991,113032489.0,24672995039.2,24672995039.2
2018-11-05,'603885,ΌΟιΊ½ΏΥ,13.51,13.65,13.3,13.5,13.84,-0.33,-2.3844,0.4445,7987319,107451491.0,24277652074.3,24277652074.3
2018-11-02,'603885,ΌΟιΊ½ΏΥ,13.84,13.86,13.09,13.6,12.6,1.24,9.8413,0.9491,17055166,231017868.0,24870666521.7,24870666521.7
2018-11-01,'603885,ΌΟιΊ½ΏΥ,12.6,12.72,12.4,12.67,12.46,0.14,1.1236,0.5767,10363225,130209179.0,22642369810.2,22642369810.2
2018-10-31,'603885,ΌΟιΊ½ΏΥ,12.46,12.6,12.18,12.41,12.23,0.23,1.8806,0.3604,6476319,80503316.0,22390787923.4,22390787923.4
2018-10-30,'603885,ΌΟιΊ½ΏΥ,12.23,12.45,11.8,12.15,12.12,0.11,0.9076,0.421,7565338,92309399.0,21977474823.7,21977474823.7
2018-10-29,'603885,ΌΟιΊ½ΏΥ,12.12,12.64,11.81,12.4,12.5,-0.38,-3.04,0.304,5462046,65965070.0,21779803341.2,21779803341.2
2018-10-26,'603885,ΌΟιΊ½ΏΥ,12.5,12.75,12.34,12.67,12.5,0.0,0.0,0.3208,5764507,72339102.0,22462668462.5,22462668462.5
2018-10-25,'603885,ΌΟιΊ½ΏΥ,12.5,12.59,12.01,12.1,12.53,-0.03,-0.2394,0.2845,5113115,62874573.0,22462668462.5,22462668462.5
2018-10-24,'603885,ΌΟιΊ½ΏΥ,12.53,12.85,12.35,12.65,12.38,0.15,1.2116,0.3451,6201448,77966009.0,22516578866.8,22516578866.8
2018-10-23,'603885,ΌΟιΊ½ΏΥ,12.38,12.5,12.16,12.31,12.44,-0.06,-0.4823,0.2774,4985568,61648780.0,22247026845.3,22247026845.3
2018-10-22,'603885,ΌΟιΊ½ΏΥ,12.44,12.65,11.8,11.99,11.52,0.92,7.9861,0.4648,8352746,102473122.0,22354847653.9,22354847653.9
2018-10-19,'603885,ΌΟιΊ½ΏΥ,11.52,11.64,10.77,10.86,10.93,0.59,5.398,0.4108,7381772,83067403.0,20701595255.0,20701595255.0
2018-10-18,'603885,ΌΟιΊ½ΏΥ,10.93,11.18,10.68,10.98,10.92,0.01,0.0916,0.3068,5513513,60529579.0,19641357303.6,19641357303.6
2018-10-17,'603885,ΌΟιΊ½ΏΥ,10.92,11.18,10.67,11.01,11.0,-0.08,-0.7273,0.2029,3645788,39780633.0,19623387168.8,19623387168.8
2018-10-16,'603885,ΌΟιΊ½ΏΥ,11.0,11.95,10.64,11.75,11.82,-0.82,-6.9374,0.5913,10626135,117338729.0,19767148247.0,19767148247.0
2018-10-15,'603885,ΌΟιΊ½ΏΥ,11.82,12.28,11.61,12.03,12.03,-0.21,-1.7456,0.2083,3742573,44900042.0,21240699298.1,21240699298.1
2018-10-12,'603885,ΌΟιΊ½ΏΥ,12.03,12.1,11.53,11.85,11.8,0.23,1.9492,0.3897,7002652,83348505.0,21618072128.3,21618072128.3
2018-10-11,'603885,ΌΟιΊ½ΏΥ,11.8,12.25,11.72,12.2,12.45,-0.65,-5.2209,0.3238,5818938,69679627.0,21204759028.6,21204759028.6
2018-10-10,'603885,ΌΟιΊ½ΏΥ,12.45,12.78,12.2,12.61,12.61,-0.16,-1.2688,0.2729,4904503,60711608.0,22372817788.7,22372817788.7
2018-10-09,'603885,ΌΟιΊ½ΏΥ,12.61,13.09,12.48,12.75,12.83,-0.22,-1.7147,0.1858,3338012,42361726.0,22660339945.0,22660339945.0
2018-10-08,'603885,ΌΟιΊ½ΏΥ,12.83,13.06,12.55,12.9,13.26,-0.43,-3.2428,0.2251,4044845,51761842.0,23055682909.9,23055682909.9
2018-09-28,'603885,ΌΟιΊ½ΏΥ,13.26,13.38,12.91,13.04,13.03,0.23,1.7652,0.2102,3776636,49549277.0,23828398705.0,23828398705.0
2018-09-27,'603885,ΌΟιΊ½ΏΥ,13.03,13.33,12.88,13.16,13.25,-0.22,-1.6604,0.1962,3526109,46068101.0,23415085605.3,23415085605.3
2018-09-26,'603885,ΌΟιΊ½ΏΥ,13.25,13.45,13.0,13.2,13.11,0.14,1.0679,0.2929,5262971,69924886.0,23810428570.2,23810428570.2
2018-09-25,'603885,ΌΟιΊ½ΏΥ,13.11,13.31,12.5,13.0,13.55,-0.44,-3.2472,0.3026,5438583,71190534.0,23558846683.5,23558846683.5
2018-09-21,'603885,ΌΟιΊ½ΏΥ,13.55,13.72,12.83,12.99,12.78,0.77,6.025,0.5434,9764291,130300156.0,24349532613.3,24349532613.3
2018-09-20,'603885,ΌΟιΊ½ΏΥ,12.78,12.94,12.6,12.85,12.68,0.1,0.7886,0.2517,4523565,57853304.0,22965832236.1,22965832236.1
2018-09-19,'603885,ΌΟιΊ½ΏΥ,12.68,12.79,12.34,12.4,12.47,0.21,1.684,0.2765,4968399,62671380.0,22786130888.4,22786130888.4
2018-09-18,'603885,ΌΟιΊ½ΏΥ,12.47,12.58,12.1,12.2,12.3,0.17,1.3821,0.2523,4533021,55965382.0,22408758058.2,22408758058.2
2018-09-17,'603885,ΌΟιΊ½ΏΥ,12.3,12.42,12.02,12.21,12.33,-0.03,-0.2433,0.1475,2650773,32486923.0,22103265767.1,22103265767.1
2018-09-14,'603885,ΌΟιΊ½ΏΥ,12.33,12.45,12.09,12.11,12.14,0.19,1.5651,0.239,4295352,52887787.0,22157176171.4,22157176171.4
2018-09-13,'603885,ΌΟιΊ½ΏΥ,12.14,12.34,11.91,12.2,12.06,0.08,0.6633,0.182,3269845,39535443.0,21815743610.8,21815743610.8
2018-09-12,'603885,ΌΟιΊ½ΏΥ,12.06,12.13,11.92,12.03,12.03,0.03,0.2494,0.1178,2116732,25419671.0,21671982532.6,21671982532.6
2018-09-11,'603885,ΌΟιΊ½ΏΥ,12.03,12.3,11.9,12.12,12.18,-0.15,-1.2315,0.2075,3728842,44871893.0,21618072128.3,21618072128.3
2018-09-10,'603885,ΌΟιΊ½ΏΥ,12.18,13.2,12.1,13.2,12.98,-0.8,-6.1633,0.4641,8340123,103119609.0,21887624149.9,21887624149.9
2018-09-07,'603885,ΌΟιΊ½ΏΥ,12.98,13.26,12.14,12.15,12.06,0.92,7.6285,0.7584,13628685,175031183.0,23325234931.5,23325234931.5
2018-09-06,'603885,ΌΟιΊ½ΏΥ,12.06,12.79,11.89,12.59,12.62,-0.56,-4.4374,0.4937,8871448,108564765.0,21671982532.6,21671982532.6
2018-09-05,'603885,ΌΟιΊ½ΏΥ,12.62,12.9,12.55,12.7,12.6,0.02,0.1587,0.3068,5513674,70311180.0,22678310079.7,22678310079.7
2018-09-04,'603885,ΌΟιΊ½ΏΥ,12.6,12.69,12.34,12.53,12.52,0.08,0.639,0.199,3576065,44876947.0,22642369810.2,22642369810.2
2018-09-03,'603885,ΌΟιΊ½ΏΥ,12.52,12.74,12.23,12.59,12.6,-0.08,-0.6349,0.2273,4084745,50959750.0,22498608732.0,22498608732.0
2018-08-31,'603885,ΌΟιΊ½ΏΥ,12.6,13.03,12.5,12.94,13.1,-0.5,-3.8168,0.3921,7045224,89493808.0,22642369810.2,22642369810.2
2018-08-30,'603885,ΌΟιΊ½ΏΥ,13.1,13.41,12.9,13.4,13.36,-0.26,-1.9461,0.3757,6751801,87959873.0,23540876548.7,23540876548.7
2018-08-29,'603885,ΌΟιΊ½ΏΥ,13.36,13.7,13.24,13.7,13.65,-0.29,-2.1245,0.3444,6188843,82644582.0,24008100052.7,24008100052.7
2018-08-28,'603885,ΌΟιΊ½ΏΥ,13.65,13.82,13.25,13.4,13.25,0.4,3.0189,0.484,8697650,118205947.0,24529233961.0,24529233961.0
2018-08-27,'603885,ΌΟιΊ½ΏΥ,13.25,13.62,13.13,13.3,12.85,0.4,3.1128,0.4581,8232987,109589984.0,23810428570.2,23810428570.2
2018-08-24,'603885,ΌΟιΊ½ΏΥ,12.85,12.96,12.56,12.58,12.65,0.2,1.581,0.2557,4594310,58876490.0,23091623179.5,23091623179.5
2018-08-23,'603885,ΌΟιΊ½ΏΥ,12.65,12.99,12.53,12.77,12.75,-0.1,-0.7843,0.3213,5773783,73426323.0,22732220484.0,22732220484.0
2018-08-22,'603885,ΌΟιΊ½ΏΥ,12.75,13.15,12.67,12.9,12.96,-0.21,-1.6204,0.3599,6467778,83471992.0,22911921831.8,22911921831.8
2018-08-21,'603885,ΌΟιΊ½ΏΥ,12.96,13.05,12.01,12.07,12.06,0.9,7.4627,0.5251,9435631,119873088.0,23289294661.9,23289294661.9
2018-08-20,'603885,ΌΟιΊ½ΏΥ,12.06,12.06,11.58,11.99,12.07,-0.01,-0.0829,0.5464,9818956,116437172.0,21671982532.6,21671982532.6
2018-08-17,'603885,ΌΟιΊ½ΏΥ,12.07,12.72,11.91,12.57,12.49,-0.42,-3.3627,0.4443,7984463,96957792.0,21689952667.4,21689952667.4
2018-08-16,'603885,ΌΟιΊ½ΏΥ,12.49,12.83,12.24,12.35,12.42,0.07,0.5636,0.3421,6147170,76779707.0,22444698327.7,22444698327.7
2018-08-15,'603885,ΌΟιΊ½ΏΥ,12.42,12.85,12.3,12.57,12.56,-0.14,-1.1146,0.4806,8636051,109116043.0,22318907384.3,22318907384.3
2018-08-14,'603885,ΌΟιΊ½ΏΥ,12.56,13.09,12.36,13.09,13.07,-0.51,-3.9021,0.4671,8394226,105691878.0,22570489271.1,22570489271.1
2018-08-13,'603885,ΌΟιΊ½ΏΥ,13.07,13.2,12.73,12.91,13.08,-0.01,-0.0765,0.1607,2886924,37570438.0,23486966144.4,23486966144.4
2018-08-10,'603885,ΌΟιΊ½ΏΥ,13.08,13.26,12.89,12.94,13.03,0.05,0.3837,0.2746,4934914,64529232.0,23504936279.2,23504936279.2
2018-08-09,'603885,ΌΟιΊ½ΏΥ,13.03,13.15,12.32,12.4,12.51,0.52,4.1567,0.4168,7489792,96353220.0,23415085605.3,23415085605.3
2018-08-08,'603885,ΌΟιΊ½ΏΥ,12.51,13.0,12.4,12.7,12.75,-0.24,-1.8824,0.3823,6870791,86955041.0,22480638597.3,22480638597.3
2018-08-07,'603885,ΌΟιΊ½ΏΥ,12.75,12.76,12.14,12.5,12.63,0.12,0.9501,0.5549,9972510,124910008.0,22911921831.8,22911921831.8
2018-08-06,'603885,ΌΟιΊ½ΏΥ,12.63,13.23,12.31,13.23,13.1,-0.47,-3.5878,0.479,8607207,109050436.0,22696280214.5,22696280214.5
2018-08-03,'603885,ΌΟιΊ½ΏΥ,13.1,13.6,13.01,13.2,13.36,-0.26,-1.9461,0.3864,6944160,91831294.0,23540876548.7,23540876548.7
2018-08-02,'603885,ΌΟιΊ½ΏΥ,13.36,14.03,13.06,14.02,13.94,-0.58,-4.1607,0.4765,8562067,114736594.0,24008100052.7,24008100052.7
2018-08-01,'603885,ΌΟιΊ½ΏΥ,13.94,14.42,13.89,14.3,14.21,-0.27,-1.9001,0.3515,6316077,89671085.0,25050367869.4,25050367869.4
2018-07-31,'603885,ΌΟιΊ½ΏΥ,14.21,14.34,13.93,14.07,13.94,0.27,1.9369,0.3891,6991768,98862414.0,25535561508.2,25535561508.2
2018-07-30,'603885,ΌΟιΊ½ΏΥ,13.94,14.99,13.9,14.99,14.93,-0.99,-6.6309,0.6556,11781752,168349136.0,25050367869.4,25050367869.4
2018-07-27,'603885,ΌΟιΊ½ΏΥ,14.93,15.07,14.81,14.95,15.12,-0.19,-1.2566,0.2596,4665180,69540488.0,26829411211.6,26829411211.6
2018-07-26,'603885,ΌΟιΊ½ΏΥ,15.12,15.73,15.02,15.3,15.28,-0.16,-1.0471,0.436,7834161,120301104.0,27170843772.2,27170843772.2
2018-07-25,'603885,ΌΟιΊ½ΏΥ,15.28,15.69,15.21,15.69,15.78,-0.5,-3.1686,0.4378,7866735,120941753.0,27458365928.6,27458365928.6
2018-07-24,'603885,ΌΟιΊ½ΏΥ,15.78,15.94,15.21,15.4,15.6,0.18,1.1538,0.4038,7256255,113506962.0,28356872667.1,28356872667.1
2018-07-23,'603885,ΌΟιΊ½ΏΥ,15.6,15.65,15.0,15.32,15.16,0.44,2.9024,0.3623,6510816,100138327.0,28033410241.2,28033410241.2
2018-07-20,'603885,ΌΟιΊ½ΏΥ,15.16,15.37,14.78,14.92,14.79,0.37,2.5017,0.4035,7251640,109528341.0,27242724311.3,27242724311.3
2018-07-19,'603885,ΌΟιΊ½ΏΥ,14.79,15.29,14.78,15.18,15.06,-0.27,-1.7928,0.4201,7549579,113621455.0,26577829324.8,26577829324.8
2018-07-18,'603885,ΌΟιΊ½ΏΥ,15.06,15.76,15.0,15.51,15.7,-0.64,-4.0764,0.749,13459478,204232870.0,27063022963.6,27063022963.6
2018-07-17,'603885,ΌΟιΊ½ΏΥ,15.7,15.86,15.32,15.56,15.58,0.12,0.7702,0.3428,6159320,96034831.0,28213111588.9,28213111588.9
2018-07-16,'603885,ΌΟιΊ½ΏΥ,15.58,16.39,15.22,16.12,16.19,-0.61,-3.7678,0.4463,8019779,124162677.0,27997469971.7,27997469971.7
2018-07-13,'603885,ΌΟιΊ½ΏΥ,16.19,16.44,16.02,16.39,16.38,-0.19,-1.16,0.1845,3315954,53654328.0,29093648192.6,29093648192.6
2018-07-12,'603885,ΌΟιΊ½ΏΥ,16.38,16.55,16.08,16.31,16.31,0.07,0.4292,0.4205,7556794,123539744.0,29435080753.3,29435080753.3
2018-07-11,'603885,ΌΟιΊ½ΏΥ,16.31,16.65,15.33,15.85,16.09,0.22,1.3673,0.7297,13112824,212702067.0,29309289809.9,29309289809.9
2018-07-10,'603885,ΌΟιΊ½ΏΥ,16.09,16.33,15.93,16.15,15.99,0.1,0.6254,0.318,5714610,92025684.0,28913946844.9,28913946844.9
2018-07-09,'603885,ΌΟιΊ½ΏΥ,15.99,16.33,15.41,15.41,15.34,0.65,4.2373,0.541,9722430,153844992.0,28734245497.2,28734245497.2
2018-07-06,'603885,ΌΟιΊ½ΏΥ,15.34,15.6,14.62,14.81,15.02,0.32,2.1305,0.4019,7222270,110022484.0,27566186737.2,27566186737.2
2018-07-05,'603885,ΌΟιΊ½ΏΥ,15.02,15.69,14.8,15.63,15.41,-0.39,-2.5308,0.5738,10311185,156464824.0,26991142424.5,26991142424.5
2018-07-04,'603885,ΌΟιΊ½ΏΥ,15.41,15.64,14.57,14.8,14.56,0.85,5.8379,0.5575,10018184,152234431.0,27691977680.6,27691977680.6
2018-07-03,'603885,ΌΟιΊ½ΏΥ,14.56,15.45,14.2,15.2,15.11,-0.55,-3.64,0.6192,11127775,161647852.0,26164516225.1,26164516225.1
2018-07-02,'603885,ΌΟιΊ½ΏΥ,15.11,15.8,15.08,15.49,15.41,-0.3,-1.9468,0.271,4869240,75251802.0,27152873637.5,27152873637.5
2018-06-29,'603885,ΌΟιΊ½ΏΥ,15.41,15.54,14.81,14.9,15.0,0.41,2.7333,0.3973,7139463,108871432.0,27691977680.6,27691977680.6
2018-06-28,'603885,ΌΟιΊ½ΏΥ,15.0,15.42,14.51,14.9,15.06,-0.06,-0.3984,0.5207,9357800,140234114.0,26955202155.0,26955202155.0
2018-06-27,'603885,ΌΟιΊ½ΏΥ,15.06,16.0,15.01,16.0,15.82,-0.76,-4.804,0.3693,6636443,101801573.0,27063022963.6,27063022963.6
2018-06-26,'603885,ΌΟιΊ½ΏΥ,15.82,16.0,15.06,15.65,15.91,-0.09,-0.5657,0.4353,7823159,123514853.0,28428753206.1,28428753206.1
2018-06-25,'603885,ΌΟιΊ½ΏΥ,15.91,16.9,15.6,16.77,16.76,-0.85,-5.0716,0.7514,13503035,216364412.0,28590484419.1,28590484419.1
2018-06-22,'603885,ΌΟιΊ½ΏΥ,16.76,16.83,15.76,15.76,16.21,0.55,3.393,0.2766,4970220,81925922.0,30117945874.5,30117945874.5
2018-06-21,'603885,XDΌΟιΊ½,16.21,16.94,16.1,16.32,16.4,-0.19,-1.1585,0.3297,5924975,97905566.0,29129588462.2,29129588462.2
2018-06-20,'603885,ΌΟιΊ½ΏΥ,16.63,17.15,15.58,17.03,17.15,-0.52,-3.0321,0.7956,14296710,235202319.0,29884334122.5,29884334122.5
2018-06-19,'603885,ΌΟιΊ½ΏΥ,17.15,17.8,16.33,17.4,17.68,-0.53,-2.9977,0.5449,9792250,167065738.0,30818781130.5,30818781130.5
2018-06-15,'603885,ΌΟιΊ½ΏΥ,17.68,18.1,17.39,17.65,17.54,0.14,0.7982,0.3908,7022965,124804802.0,31771198273.4,31771198273.4
2018-06-14,'603885,ΌΟιΊ½ΏΥ,17.54,17.95,17.21,17.68,17.9,-0.36,-2.0112,0.3586,6444583,113630384.0,31519616386.6,31519616386.6
2018-06-13,'603885,ΌΟιΊ½ΏΥ,17.9,18.25,17.7,18.01,18.11,-0.21,-1.1596,0.3687,6625658,118860356.0,32166541238.3,32166541238.3
2018-06-12,'603885,ΌΟιΊ½ΏΥ,18.11,18.4,17.45,17.58,17.62,0.49,2.7809,0.7099,12756752,229792449.0,32543914068.5,32543914068.5
2018-06-11,'603885,ΌΟιΊ½ΏΥ,17.62,17.7,17.01,17.39,17.36,0.26,1.4977,0.6255,11240982,195997179.0,31663377464.7,31663377464.7
2018-06-08,'603885,ΌΟιΊ½ΏΥ,17.36,17.65,17.12,17.45,17.65,-0.29,-1.6431,0.3554,6385901,111431854.0,31196153960.7,31196153960.7
2018-06-07,'603885,ΌΟιΊ½ΏΥ,17.65,17.8,17.25,17.5,17.55,0.1,0.5698,0.7147,12843787,225534604.0,31717287869.0,31717287869.0
2018-06-06,'603885,ΌΟιΊ½ΏΥ,17.55,17.72,16.93,17.2,17.5,0.05,0.2857,0.8181,14700795,257204699.0,31537586521.3,31537586521.3
2018-06-05,'603885,ΌΟιΊ½ΏΥ,17.5,17.7,16.94,17.25,16.99,0.51,3.0018,0.8687,15610442,270817490.0,31447735847.5,31447735847.5
2018-06-04,'603885,ΌΟιΊ½ΏΥ,16.99,17.0,16.3,16.63,16.69,0.3,1.7975,0.6948,12486336,209105478.0,30531258974.2,30531258974.2
2018-06-01,'603885,ΌΟιΊ½ΏΥ,16.69,16.85,15.6,15.6,15.76,0.93,5.901,0.9865,17728039,292268130.0,29992154931.1,29992154931.1
2018-05-31,'603885,ΌΟιΊ½ΏΥ,15.76,15.98,15.59,15.68,15.68,0.08,0.5102,0.4243,7625126,120456331.0,28320932397.5,28320932397.5
2018-05-30,'603885,ΌΟιΊ½ΏΥ,15.68,16.32,15.5,16.1,16.3,-0.62,-3.8037,0.2288,4110760,65639771.0,28177171319.4,28177171319.4
2018-05-29,'603885,ΌΟιΊ½ΏΥ,16.3,16.45,16.09,16.11,16.29,0.01,0.0614,0.3888,6987465,113898866.0,29291319675.1,29291319675.1
2018-05-28,'603885,ΌΟιΊ½ΏΥ,16.29,16.67,15.88,15.88,15.97,0.32,2.0038,0.4568,8209154,133819409.0,29273349540.3,29273349540.3
2018-05-25,'603885,ΌΟιΊ½ΏΥ,15.97,16.46,15.93,16.14,16.15,-0.18,-1.1146,2.5243,13555570,220874485.0,28698305227.7,8576105227.69
2018-05-24,'603885,ΌΟιΊ½ΏΥ,16.15,16.24,15.74,16.1,16.12,0.03,0.1861,1.1685,6275192,99999543.0,29021767653.5,8672767653.55
2018-05-23,'603885,ΌΟιΊ½ΏΥ,16.12,16.43,16.08,16.2,16.2,-0.08,-0.4938,1.274,6841614,111458396.0,28967857249.2,8656657249.24
2018-05-22,'603885,ΌΟιΊ½ΏΥ,16.2,16.37,15.85,16.0,16.18,0.02,0.1236,1.5228,8177533,132476960.0,29111618327.4,8699618327.4
2018-05-21,'603885,ΌΟιΊ½ΏΥ,16.18,16.28,15.61,15.68,15.72,0.46,2.9262,1.4259,7657326,122693134.0,29075678057.9,8688878057.86
2018-05-18,'603885,ΌΟιΊ½ΏΥ,15.72,15.85,15.31,15.58,15.59,0.13,0.8339,0.476,2556202,39999638.0,28249051858.4,8441851858.44
2018-05-17,'603885,ΌΟιΊ½ΏΥ,15.59,15.82,15.58,15.77,15.86,-0.27,-1.7024,0.6962,3738857,58501519.0,28015440106.4,8372040106.43
2018-05-16,'603885,ΌΟιΊ½ΏΥ,15.86,16.07,15.52,15.9,15.93,-0.07,-0.4394,1.4526,7800822,123911725.0,28500633745.2,8517033745.22
2018-05-15,'603885,ΌΟιΊ½ΏΥ,15.93,16.32,15.5,16.32,16.27,-0.34,-2.0897,1.805,9693061,153786864.0,28626424688.6,8554624688.61
2018-05-14,'603885,ΌΟιΊ½ΏΥ,16.27,16.68,14.79,14.8,15.18,1.09,7.1805,2.8883,15510563,242092895.0,29237409270.8,8737209270.79
2018-05-11,'603885,ΌΟιΊ½ΏΥ,15.18,15.94,15.08,15.94,15.87,-0.69,-4.3478,1.1246,6039495,93393995.0,27278664580.9,8151864580.86
2018-05-10,'603885,ΌΟιΊ½ΏΥ,15.87,16.0,15.68,15.72,15.75,0.12,0.7619,0.7433,3991374,63173209.0,28518603880.0,8522403879.99
2018-05-09,'603885,ΌΟιΊ½ΏΥ,15.75,16.04,15.66,15.81,15.93,-0.18,-1.1299,0.7303,3921886,61987128.0,28302962262.8,8457962262.75
2018-05-08,'603885,ΌΟιΊ½ΏΥ,15.93,16.09,15.68,15.99,15.99,-0.06,-0.3752,0.4225,2269074,36014615.0,28626424688.6,8554624688.61
2018-05-07,'603885,ΌΟιΊ½ΏΥ,15.99,16.18,15.78,15.95,15.89,0.1,0.6293,0.7544,4051002,64731133.0,28734245497.2,8586845497.23
2018-05-04,'603885,ΌΟιΊ½ΏΥ,15.89,16.17,15.53,15.59,15.66,0.23,1.4687,0.7879,4230910,67583339.0,28554544149.5,8533144149.53
2018-05-03,'603885,ΌΟιΊ½ΏΥ,15.66,15.67,15.02,15.4,15.4,0.26,1.6883,0.4662,2503312,38683921.0,28141231049.8,8409631049.82
2018-05-02,'603885,ΌΟιΊ½ΏΥ,15.4,15.55,15.3,15.46,15.3,0.1,0.6536,0.3457,1856485,28655765.0,27674007545.8,8270007545.8
2018-04-27,'603885,ΌΟιΊ½ΏΥ,15.3,15.47,15.0,15.0,15.0,0.3,2.0,0.8138,4370080,67152950.0,27494306198.1,8216306198.1
2018-04-26,'603885,ΌΟιΊ½ΏΥ,15.0,15.54,14.95,14.95,14.99,0.01,0.0667,1.0354,5560461,85122987.0,26955202155.0,8055202155.0
2018-04-25,'603885,ΌΟιΊ½ΏΥ,14.99,15.06,14.7,14.99,14.94,0.05,0.3347,0.7636,4100444,61315969.0,26937232020.2,8049832020.23
2018-04-24,'603885,ΌΟιΊ½ΏΥ,14.94,15.04,14.31,14.31,14.29,0.65,4.5486,0.6748,3623960,53858816.0,26847381346.4,8022981346.38
2018-04-23,'603885,ΌΟιΊ½ΏΥ,14.29,14.41,14.1,14.2,14.24,0.05,0.3511,0.1685,904674,12933755.0,25679322586.3,7673922586.33
2018-04-20,'603885,ΌΟιΊ½ΏΥ,14.24,14.7,14.15,14.67,14.62,-0.38,-2.5992,0.3322,1784126,25656864.0,25589471912.5,7647071912.48
2018-04-19,'603885,ΌΟιΊ½ΏΥ,14.62,14.93,14.5,14.54,14.69,-0.07,-0.4765,0.3309,1777029,26071120.0,26272337033.7,7851137033.74
2018-04-18,'603885,ΌΟιΊ½ΏΥ,14.69,14.8,14.28,14.62,14.63,0.06,0.4101,0.2959,1588806,23114721.0,26398127977.1,7888727977.13
2018-04-17,'603885,ΌΟιΊ½ΏΥ,14.63,14.95,14.0,14.81,15.0,-0.37,-2.4667,0.4955,2661087,38800085.0,26290307168.5,7856507168.51
2018-04-16,'603885,ΌΟιΊ½ΏΥ,15.0,15.25,14.6,14.6,14.74,0.26,1.7639,0.7656,4111628,61829832.0,26955202155.0,8055202155.0
2018-04-13,'603885,ΌΟιΊ½ΏΥ,14.74,15.05,14.7,14.82,14.75,-0.01,-0.0678,0.3804,2042738,30378870.0,26487978651.0,7915578650.98
2018-04-12,'603885,ΌΟιΊ½ΏΥ,14.75,14.94,14.73,14.88,14.87,-0.12,-0.807,0.2011,1079962,15977049.0,26505948785.8,7920948785.75
2018-04-11,'603885,ΌΟιΊ½ΏΥ,14.87,15.13,14.81,14.95,15.06,-0.19,-1.2616,0.3875,2080960,31070231.0,26721590403.0,7985390402.99
2018-04-10,'603885,ΌΟιΊ½ΏΥ,15.06,15.1,14.11,14.19,14.19,0.87,6.1311,1.0415,5592756,82395475.0,27063022963.6,8087422963.62
2018-04-09,'603885,ΌΟιΊ½ΏΥ,14.19,14.49,14.07,14.29,14.29,-0.1,-0.6998,0.2546,1367299,19442537.0,25499621238.6,7620221238.63
2018-04-04,'603885,ΌΟιΊ½ΏΥ,14.29,14.66,14.22,14.5,14.43,-0.14,-0.9702,0.4352,2337119,33812452.0,25679322586.3,7673922586.33
2018-04-03,'603885,ΌΟιΊ½ΏΥ,14.43,14.61,14.27,14.5,14.6,-0.17,-1.1644,0.3553,1908191,27528600.0,25930904473.1,7749104473.11
2018-04-02,'603885,ΌΟιΊ½ΏΥ,14.6,15.03,14.48,14.87,14.85,-0.25,-1.6835,0.4138,2222148,32752490.0,26236396764.2,7840396764.2
2018-03-30,'603885,ΌΟιΊ½ΏΥ,14.85,15.03,14.66,14.76,14.76,0.09,0.6098,0.4259,2287094,34049620.0,26685650133.5,7974650133.45
2018-03-29,'603885,ΌΟιΊ½ΏΥ,14.76,14.81,14.25,14.44,14.44,0.32,2.2161,0.5509,2958365,43236737.0,26523918920.5,7926318920.52
2018-03-28,'603885,ΌΟιΊ½ΏΥ,14.44,14.65,14.22,14.54,14.69,-0.25,-1.7018,0.3947,2119840,30634550.0,25948874607.9,7754474607.88
2018-03-27,'603885,ΌΟιΊ½ΏΥ,14.69,14.71,14.29,14.44,14.28,0.41,2.8711,0.6086,3268405,47494227.0,26398127977.1,7888727977.13
2018-03-26,'603885,ΌΟιΊ½ΏΥ,14.28,14.38,13.5,14.28,14.27,0.01,0.0701,0.5339,2867358,40131327.0,25661352451.6,7668552451.56
2018-03-23,'603885,ΌΟιΊ½ΏΥ,14.27,14.67,14.08,14.67,14.88,-0.61,-4.0995,0.7438,3994084,56945569.0,25643382316.8,7663182316.79
2018-03-22,'603885,ΌΟιΊ½ΏΥ,14.88,15.0,14.65,14.77,14.76,0.12,0.813,0.5952,3196349,47497139.0,26739560537.8,7990760537.76
2018-03-21,'603885,ΌΟιΊ½ΏΥ,14.76,15.09,14.67,14.99,15.0,-0.24,-1.6,0.562,3017900,44811870.0,26523918920.5,7926318920.52
2018-03-20,'603885,ΌΟιΊ½ΏΥ,15.0,15.14,14.8,14.88,15.02,-0.02,-0.1332,0.3915,2102400,31498929.0,26955202155.0,8055202155.0
2018-03-19,'603885,ΌΟιΊ½ΏΥ,15.02,15.37,14.78,15.35,15.59,-0.57,-3.6562,0.9825,5276282,79172358.0,26991142424.5,8065942424.54
2018-03-16,'603885,ΌΟιΊ½ΏΥ,15.59,16.25,15.58,15.74,15.74,-0.15,-0.953,0.9902,5317561,84793781.0,28015440106.4,8372040106.43
2018-03-15,'603885,ΌΟιΊ½ΏΥ,15.74,15.85,15.49,15.53,15.64,0.1,0.6394,0.4929,2647020,41605681.0,28284992128.0,8452592127.98
2018-03-14,'603885,ΌΟιΊ½ΏΥ,15.64,15.8,15.5,15.76,15.64,0.0,0.0,0.8814,4733190,73787535.0,28105290780.3,8398890780.28
2018-03-13,'603885,ΌΟιΊ½ΏΥ,15.64,16.28,15.64,16.05,16.06,-0.42,-2.6152,0.9403,5049580,80387536.0,28105290780.3,8398890780.28
2018-03-12,'603885,ΌΟιΊ½ΏΥ,16.06,16.2,15.84,15.85,15.79,0.27,1.7099,1.2348,6630824,106045849.0,28860036440.6,8624436440.62
2018-03-09,'603885,ΌΟιΊ½ΏΥ,15.79,15.94,15.65,15.75,15.7,0.09,0.5732,0.8797,4723968,74449353.0,28374842801.8,8479442801.83
2018-03-08,'603885,ΌΟιΊ½ΏΥ,15.7,16.0,15.63,15.88,15.84,-0.14,-0.8838,0.5863,3148507,49476807.0,28213111588.9,8431111588.9
2018-03-07,'603885,ΌΟιΊ½ΏΥ,15.84,16.38,15.8,16.03,16.02,-0.18,-1.1236,0.8545,4588905,73684318.0,28464693475.7,8506293475.68
2018-03-06,'603885,ΌΟιΊ½ΏΥ,16.02,16.45,15.97,16.12,16.2,-0.18,-1.1111,0.7655,4110801,66461617.0,28788155901.5,8602955901.54
2018-03-05,'603885,ΌΟιΊ½ΏΥ,16.2,16.39,16.0,16.13,16.13,0.07,0.434,0.9203,4942389,80242985.0,29111618327.4,8699618327.4
2018-03-02,'603885,ΌΟιΊ½ΏΥ,16.13,16.18,15.31,15.43,15.54,0.59,3.7967,1.0964,5887819,93101451.0,28985827384.0,8662027384.01
2018-03-01,'603885,ΌΟιΊ½ΏΥ,15.54,15.65,15.38,15.65,15.73,-0.19,-1.2079,0.7095,3810102,59035839.0,27925589432.6,8345189432.58
2018-02-28,'603885,ΌΟιΊ½ΏΥ,15.73,15.77,15.49,15.6,15.89,-0.16,-1.0069,0.5045,2709441,42270319.0,28267021993.2,8447221993.21
2018-02-27,'603885,ΌΟιΊ½ΏΥ,15.89,16.24,15.68,16.16,16.12,-0.23,-1.4268,1.1732,6300056,100270453.0,28554544149.5,8533144149.53
2018-02-26,'603885,ΌΟιΊ½ΏΥ,16.12,16.22,15.71,15.71,15.7,0.42,2.6752,1.2958,6958387,111798107.0,28967857249.2,8656657249.24
2018-02-23,'603885,ΌΟιΊ½ΏΥ,15.7,15.95,15.49,15.89,15.8,-0.1,-0.6329,0.3945,2118445,33255144.0,28213111588.9,8431111588.9
2018-02-22,'603885,ΌΟιΊ½ΏΥ,15.8,16.08,15.14,15.15,14.91,0.89,5.9691,0.8329,4472554,70046122.0,28392812936.6,8484812936.6
2018-02-14,'603885,ΌΟιΊ½ΏΥ,14.91,15.4,14.65,15.13,15.13,-0.22,-1.4541,0.5027,2699593,40390108.0,26793470942.1,8006870942.07
2018-02-13,'603885,ΌΟιΊ½ΏΥ,15.13,15.28,14.75,14.97,14.73,0.4,2.7155,0.3928,2109214,31905942.0,27188813907.0,8125013907.01
2018-02-12,'603885,ΌΟιΊ½ΏΥ,14.73,14.85,14.1,14.18,14.07,0.66,4.6908,0.8116,4358480,63398985.0,26470008516.2,7910208516.21
2018-02-09,'603885,ΌΟιΊ½ΏΥ,14.07,15.1,13.99,15.06,15.54,-1.47,-9.4595,1.4073,7557409,107883617.0,25283979621.4,7555779621.39
2018-02-08,'603885,ΌΟιΊ½ΏΥ,15.54,15.77,15.0,15.77,15.77,-0.23,-1.4585,1.2792,6869712,105453374.0,27925589432.6,8345189432.58
2018-02-07,'603885,ΌΟιΊ½ΏΥ,15.77,16.53,15.6,16.15,16.05,-0.28,-1.7445,1.4778,7936143,128175521.0,28338902532.3,8468702532.29
2018-02-06,'603885,ΌΟιΊ½ΏΥ,16.05,16.52,15.7,15.98,16.23,-0.18,-1.1091,1.5346,8240960,133515621.0,28842066305.8,8619066305.85
2018-02-05,'603885,ΌΟιΊ½ΏΥ,16.23,16.51,15.4,15.89,15.88,0.35,2.204,1.8314,9834885,159339160.0,29165528731.7,8715728731.71
2018-02-02,'603885,ΌΟιΊ½ΏΥ,15.88,15.89,15.05,15.78,15.85,0.03,0.1893,0.637,3421042,53443239.0,28536574014.8,8527774014.76
2018-02-01,'603885,ΌΟιΊ½ΏΥ,15.85,16.4,15.8,15.88,15.88,-0.03,-0.1889,1.404,7539592,121747069.0,28482663610.5,8511663610.45
2018-01-31,'603885,ΌΟιΊ½ΏΥ,15.88,16.05,15.64,15.82,15.82,0.06,0.3793,0.7654,4110276,65411217.0,28536574014.8,8527774014.76
2018-01-30,'603885,ΌΟιΊ½ΏΥ,15.82,16.25,15.78,15.88,15.98,-0.16,-1.0013,0.6136,3294859,52936281.0,28428753206.1,8495553206.14
2018-01-29,'603885,ΌΟιΊ½ΏΥ,15.98,16.2,15.87,16.15,16.03,-0.05,-0.3119,0.7379,3962542,63627575.0,28716275362.5,8581475362.46
2018-01-26,'603885,ΌΟιΊ½ΏΥ,16.03,16.6,15.94,16.0,16.04,-0.01,-0.0623,1.511,8114125,132624838.0,28806126036.3,8608326036.31
2018-01-25,'603885,ΌΟιΊ½ΏΥ,16.04,16.27,15.45,15.52,15.61,0.43,2.7546,1.2503,6714356,107603731.0,28824096171.1,8613696171.08
2018-01-24,'603885,ΌΟιΊ½ΏΥ,15.61,15.76,15.3,15.43,15.43,0.18,1.1666,0.9219,4950806,77151699.0,28051380376.0,8382780375.97
2018-01-23,'603885,ΌΟιΊ½ΏΥ,15.43,15.8,15.3,15.43,15.5,-0.07,-0.4516,0.8109,4354736,67508663.0,27727917950.1,8286117950.11
2018-01-22,'603885,ΌΟιΊ½ΏΥ,15.5,15.54,14.88,15.06,15.01,0.49,3.2645,1.1037,5926910,91090176.0,27853708893.5,8323708893.5
2018-01-19,'603885,ΌΟιΊ½ΏΥ,15.01,15.1,14.73,14.73,14.84,0.17,1.1456,0.632,3394071,50655117.0,26973172289.8,8060572289.77
2018-01-18,'603885,ΌΟιΊ½ΏΥ,14.84,14.95,14.7,14.89,14.96,-0.12,-0.8021,0.6446,3461353,51202970.0,26667679998.7,7969279998.68
2018-01-17,'603885,ΌΟιΊ½ΏΥ,14.96,15.07,14.67,14.83,15.01,-0.05,-0.3331,0.7976,4283076,63615571.0,26883321615.9,8033721615.92
2018-01-16,'603885,ΌΟιΊ½ΏΥ,15.01,15.27,14.57,15.27,15.2,-0.19,-1.25,1.4239,7646486,113122806.0,26973172289.8,8060572289.77
2018-01-15,'603885,ΌΟιΊ½ΏΥ,15.2,15.58,14.78,15.44,15.45,-0.25,-1.6181,0.9004,4835268,73300657.0,27314604850.4,8162604850.4
2018-01-12,'603885,ΌΟιΊ½ΏΥ,15.45,15.65,15.22,15.27,15.29,0.16,1.0464,0.6529,3506238,54371462.0,27763858219.7,8296858219.65
2018-01-11,'603885,ΌΟιΊ½ΏΥ,15.29,15.5,14.99,15.38,15.25,0.04,0.2623,1.1991,6439197,98272116.0,27476336063.3,8210936063.33
2018-01-10,'603885,ΌΟιΊ½ΏΥ,15.25,15.85,15.1,15.77,15.77,-0.52,-3.2974,1.8957,10180177,155683542.0,27404455524.2,8189455524.25
2018-01-09,'603885,ΌΟιΊ½ΏΥ,15.77,16.04,15.6,15.93,15.7,0.07,0.4459,1.1199,6013815,95304332.0,28338902532.3,8468702532.29
2018-01-08,'603885,ΌΟιΊ½ΏΥ,15.7,16.9,15.6,16.68,16.17,-0.47,-2.9066,2.8264,15178222,247978134.0,28213111588.9,8431111588.9
2018-01-05,'603885,ΌΟιΊ½ΏΥ,16.17,16.3,15.83,16.0,15.99,0.18,1.1257,0.8037,4316156,69454994.0,29057707923.1,8683507923.09
2018-01-04,'603885,ΌΟιΊ½ΏΥ,15.99,16.3,15.86,16.0,16.2,-0.21,-1.2963,1.1038,5927377,94828570.0,28734245497.2,8586845497.23
2018-01-03,'603885,ΌΟιΊ½ΏΥ,16.2,16.26,15.31,15.33,15.43,0.77,4.9903,1.9692,10574708,168272323.0,29111618327.4,8699618327.4
2018-01-02,'603885,ΌΟιΊ½ΏΥ,15.43,15.57,15.2,15.29,15.29,0.14,0.9156,1.2716,6828845,105538019.0,27727917950.1,8286117950.11
