ШеЦк,ЙЩЦБДњТы,УћГЦ,ЪеХЬМл,зюИпМл,зюЕЭМл,ПЊХЬМл,ЧАЪеХЬ,еЧЕјЖю,еЧЕјЗљ,ЛЛЪжТЪ,ГЩНЛСП,ГЩНЛН№Жю,змЪажЕ,СїЭЈЪажЕ
2019-04-26,'002287,Цце§ВивЉ,28.92,29.29,28.7,29.26,29.3,-0.38,-1.2969,0.1906,773900,22415020.76,11741520000.0,11741520000.0
2019-04-25,'002287,Цце§ВивЉ,29.3,30.47,29.29,30.0,30.1,-0.8,-2.6578,0.2764,1122326,33616795.31,11895800000.0,11895800000.0
2019-04-24,'002287,Цце§ВивЉ,30.1,30.52,29.62,30.09,30.09,0.01,0.0332,0.1462,593489,17807853.9,12220600000.0,12220600000.0
2019-04-23,'002287,Цце§ВивЉ,30.09,30.6,29.81,30.0,30.03,0.06,0.1998,0.1786,725175,21903930.03,12216540000.0,12216540000.0
2019-04-22,'002287,Цце§ВивЉ,30.03,30.5,30.02,30.21,30.41,-0.38,-1.2496,0.1917,778464,23531166.75,12192180000.0,12192180000.0
2019-04-19,'002287,Цце§ВивЉ,30.41,31.09,30.0,30.0,29.5,0.91,3.0847,0.3828,1554039,47342672.45,12346460000.0,12346460000.0
2019-04-18,'002287,Цце§ВивЉ,29.5,30.04,29.5,29.95,29.93,-0.43,-1.4367,0.1961,796203,23605851.86,11977000000.0,11977000000.0
2019-04-17,'002287,Цце§ВивЉ,29.93,30.18,29.9,29.96,30.07,-0.14,-0.4656,0.1897,770096,23087083.27,12151580000.0,12151580000.0
2019-04-16,'002287,Цце§ВивЉ,30.07,30.16,29.31,29.61,29.61,0.46,1.5535,0.1925,781720,23245505.6,12208420000.0,12208420000.0
2019-04-15,'002287,Цце§ВивЉ,29.61,30.29,29.56,29.94,29.69,-0.08,-0.2695,0.1827,741807,22171667.45,12021660000.0,12021660000.0
2019-04-12,'002287,Цце§ВивЉ,29.69,31.08,29.58,31.08,30.92,-1.23,-3.978,0.412,1672800,50260059.73,12054140000.0,12054140000.0
2019-04-11,'002287,Цце§ВивЉ,30.92,32.34,30.5,32.34,32.4,-1.48,-4.5679,0.5957,2418716,75647926.8,12553520000.0,12553520000.0
2019-04-10,'002287,Цце§ВивЉ,32.4,33.77,30.65,30.71,30.83,1.57,5.0924,1.1491,4665473,148912021.51,13154400000.0,13154400000.0
2019-04-09,'002287,Цце§ВивЉ,30.83,31.06,30.6,30.75,30.7,0.13,0.4235,0.2621,1063945,32796648.41,12516980000.0,12516980000.0
2019-04-08,'002287,Цце§ВивЉ,30.7,31.2,30.31,30.86,30.83,-0.13,-0.4217,0.2541,1031749,31809945.22,12464200000.0,12464200000.0
2019-04-04,'002287,Цце§ВивЉ,30.83,31.14,30.6,31.13,30.96,-0.13,-0.4199,0.211,856708,26494114.11,12516980000.0,12516980000.0
2019-04-03,'002287,Цце§ВивЉ,30.96,31.01,30.6,30.87,30.99,-0.03,-0.0968,0.2655,1077814,33224469.92,12569760000.0,12569760000.0
2019-04-02,'002287,Цце§ВивЉ,30.99,31.66,30.61,30.89,30.98,0.01,0.0323,0.4899,1989184,61441396.05,12581940000.0,12581940000.0
2019-04-01,'002287,Цце§ВивЉ,30.98,31.08,30.15,30.28,30.12,0.86,2.8552,0.474,1924411,59024645.9,12577880000.0,12577880000.0
2019-03-29,'002287,Цце§ВивЉ,30.12,30.19,29.05,29.47,29.26,0.86,2.9392,0.3155,1280810,38261266.18,12228720000.0,12228720000.0
2019-03-28,'002287,Цце§ВивЉ,29.26,30.36,29.17,30.36,30.18,-0.92,-3.0484,0.1868,758500,22513987.5,11879560000.0,11879560000.0
2019-03-27,'002287,Цце§ВивЉ,30.18,30.39,29.79,30.0,30.0,0.18,0.6,0.1632,662447,19954954.05,12253080000.0,12253080000.0
2019-03-26,'002287,Цце§ВивЉ,30.0,30.69,29.38,30.51,30.49,-0.49,-1.6071,0.2342,950662,28515347.09,12180000000.0,12180000000.0
2019-03-25,'002287,Цце§ВивЉ,30.49,30.68,29.6,29.88,30.5,-0.01,-0.0328,0.1673,679045,20562529.86,12378940000.0,12378940000.0
2019-03-22,'002287,Цце§ВивЉ,30.5,30.75,30.25,30.52,30.52,-0.02,-0.0655,0.1672,678826,20697627.64,12383000000.0,12383000000.0
2019-03-21,'002287,Цце§ВивЉ,30.52,31.2,30.42,30.78,30.83,-0.31,-1.0055,0.2655,1077936,33027392.75,12391120000.0,12391120000.0
2019-03-20,'002287,Цце§ВивЉ,30.83,30.85,30.0,30.53,30.73,0.1,0.3254,0.3414,1386079,42380931.66,12516980000.0,12516980000.0
2019-03-19,'002287,Цце§ВивЉ,30.73,30.99,30.2,30.46,30.76,-0.03,-0.0975,0.2443,991909,30177992.27,12476380000.0,12476380000.0
2019-03-18,'002287,Цце§ВивЉ,30.76,30.88,28.9,29.41,29.25,1.51,5.1624,0.47,1908249,57382043.46,12488560000.0,12488560000.0
2019-03-15,'002287,Цце§ВивЉ,29.25,29.73,28.88,28.92,29.15,0.1,0.3431,0.1596,647836,18972939.62,11875500000.0,11875500000.0
2019-03-14,'002287,Цце§ВивЉ,29.15,30.26,28.71,29.97,29.66,-0.51,-1.7195,0.2099,852280,25106149.34,11834900000.0,11834900000.0
2019-03-13,'002287,Цце§ВивЉ,29.66,30.6,29.55,30.59,30.6,-0.94,-3.0719,0.3999,1623496,48943762.62,12041960000.0,12041960000.0
2019-03-12,'002287,Цце§ВивЉ,30.6,32.5,30.46,32.04,30.5,0.1,0.3279,0.7645,3103846,97517616.73,12423600000.0,12423600000.0
2019-03-11,'002287,Цце§ВивЉ,30.5,30.5,28.8,28.84,28.85,1.65,5.7192,0.3357,1363048,40343769.88,12383000000.0,12383000000.0
2019-03-08,'002287,Цце§ВивЉ,28.85,29.87,28.82,29.75,30.06,-1.21,-4.0253,0.2681,1088558,31855402.24,11713100000.0,11713100000.0
2019-03-07,'002287,Цце§ВивЉ,30.06,30.84,29.66,30.84,30.29,-0.23,-0.7593,0.4954,2011305,60796395.04,12204360000.0,12204360000.0
2019-03-06,'002287,Цце§ВивЉ,30.29,30.29,28.8,29.28,29.1,1.19,4.0893,0.4582,1860479,54616404.98,12297740000.0,12297740000.0
2019-03-05,'002287,Цце§ВивЉ,29.1,29.11,28.48,28.56,28.55,0.55,1.9264,0.2871,1165697,33615968.13,11814600000.0,11814600000.0
2019-03-04,'002287,Цце§ВивЉ,28.55,29.28,28.14,28.47,28.14,0.41,1.457,0.2956,1200147,34458307.1,11591300000.0,11591300000.0
2019-03-01,'002287,Цце§ВивЉ,28.14,28.67,27.73,28.46,28.38,-0.24,-0.8457,0.2174,882800,24775038.8,11424840000.0,11424840000.0
2019-02-28,'002287,Цце§ВивЉ,28.38,28.7,28.12,28.21,28.19,0.19,0.674,0.2163,878008,24936336.98,11522280000.0,11522280000.0
2019-02-27,'002287,Цце§ВивЉ,28.19,28.89,28.0,28.4,28.66,-0.47,-1.6399,0.2986,1212294,34275356.68,11445140000.0,11445140000.0
2019-02-26,'002287,Цце§ВивЉ,28.66,29.8,28.15,28.8,28.82,-0.16,-0.5552,0.5611,2278184,66575538.53,11635960000.0,11635960000.0
2019-02-25,'002287,Цце§ВивЉ,28.82,28.82,26.8,27.0,26.78,2.04,7.6176,0.4145,1682952,46377498.33,11700920000.0,11700920000.0
2019-02-22,'002287,Цце§ВивЉ,26.78,26.83,26.28,26.5,26.55,0.23,0.8663,0.0929,377242,10011508.27,10872680000.0,10872680000.0
2019-02-21,'002287,Цце§ВивЉ,26.55,27.06,26.17,26.35,26.35,0.2,0.759,0.189,767401,20498728.65,10779300000.0,10779300000.0
2019-02-20,'002287,Цце§ВивЉ,26.35,26.62,26.11,26.39,26.4,-0.05,-0.1894,0.0878,356300,9377798.55,10698100000.0,10698100000.0
2019-02-19,'002287,Цце§ВивЉ,26.4,26.86,26.12,26.66,26.66,-0.26,-0.9752,0.1587,644447,17093915.1,10718400000.0,10718400000.0
2019-02-18,'002287,Цце§ВивЉ,26.66,26.69,25.92,26.05,26.01,0.65,2.499,0.1611,654258,17311237.68,10823960000.0,10823960000.0
2019-02-15,'002287,Цце§ВивЉ,26.01,26.2,25.92,26.07,26.04,-0.03,-0.1152,0.1253,508717,13237258.53,10560060000.0,10560060000.0
2019-02-14,'002287,Цце§ВивЉ,26.04,26.19,25.72,26.0,26.0,0.04,0.1538,0.1433,581983,15152236.73,10572240000.0,10572240000.0
2019-02-13,'002287,Цце§ВивЉ,26.0,26.01,25.22,25.64,25.64,0.36,1.4041,0.1537,624007,16123099.24,10556000000.0,10556000000.0
2019-02-12,'002287,Цце§ВивЉ,25.64,25.92,25.08,25.3,25.3,0.34,1.3439,0.1752,711215,18232079.94,10409840000.0,10409840000.0
2019-02-11,'002287,Цце§ВивЉ,25.3,25.38,24.53,24.75,24.69,0.61,2.4706,0.192,779615,19531663.47,10271800000.0,10271800000.0
2019-02-01,'002287,Цце§ВивЉ,24.69,24.69,24.29,24.42,24.42,0.27,1.1057,0.0799,324350,7960528.16,10024140000.0,10024140000.0
2019-01-31,'002287,Цце§ВивЉ,24.42,25.1,24.31,25.1,24.86,-0.44,-1.7699,0.1414,574162,14145163.8,9914520000.0,9914520000.0
2019-01-30,'002287,Цце§ВивЉ,24.86,25.33,24.81,25.33,25.36,-0.5,-1.9716,0.1058,429576,10750835.08,10093160000.0,10093160000.0
2019-01-29,'002287,Цце§ВивЉ,25.36,25.42,24.88,25.2,25.2,0.16,0.6349,0.165,670044,16833131.39,10296160000.0,10296160000.0
2019-01-28,'002287,Цце§ВивЉ,25.2,25.22,24.5,24.95,24.88,0.32,1.2862,0.1582,642126,16090803.89,10231200000.0,10231200000.0
2019-01-25,'002287,Цце§ВивЉ,24.88,25.09,24.86,25.0,25.0,-0.12,-0.48,0.0616,249952,6232527.72,10101280000.0,10101280000.0
2019-01-24,'002287,Цце§ВивЉ,25.0,25.1,24.78,24.78,24.85,0.15,0.6036,0.122,495451,12362186.8,10150000000.0,10150000000.0
2019-01-23,'002287,Цце§ВивЉ,24.85,25.08,24.71,24.71,24.86,-0.01,-0.0402,0.0565,229500,5718251.0,10089100000.0,10089100000.0
2019-01-22,'002287,Цце§ВивЉ,24.86,25.55,24.72,25.55,25.22,-0.36,-1.4274,0.0955,387641,9676204.5,10093160000.0,10093160000.0
2019-01-21,'002287,Цце§ВивЉ,25.22,25.48,24.75,24.79,24.84,0.38,1.5298,0.1671,678262,17132271.88,10239320000.0,10239320000.0
2019-01-18,'002287,Цце§ВивЉ,24.84,24.98,24.62,24.86,24.77,0.07,0.2826,0.1087,441137,10944771.15,10085040000.0,10085040000.0
2019-01-17,'002287,Цце§ВивЉ,24.77,25.18,24.7,24.75,24.74,0.03,0.1213,0.1338,543371,13556939.13,10056620000.0,10056620000.0
2019-01-16,'002287,Цце§ВивЉ,24.74,24.99,24.44,24.66,24.63,0.11,0.4466,0.1068,433677,10752719.25,10044440000.0,10044440000.0
2019-01-15,'002287,Цце§ВивЉ,24.63,24.8,24.01,24.41,24.52,0.11,0.4486,0.1193,484250,11907820.5,9999780000.0,9999780000.0
2019-01-14,'002287,Цце§ВивЉ,24.52,24.9,24.3,24.9,24.9,-0.38,-1.5261,0.0852,346036,8477910.16,9955120000.0,9955120000.0
2019-01-11,'002287,Цце§ВивЉ,24.9,24.9,24.58,24.65,24.75,0.15,0.6061,0.0611,248265,6137414.17,10109400000.0,10109400000.0
2019-01-10,'002287,Цце§ВивЉ,24.75,25.0,24.6,24.8,24.88,-0.13,-0.5225,0.0761,308940,7657390.31,10048500000.0,10048500000.0
2019-01-09,'002287,Цце§ВивЉ,24.88,25.19,24.74,24.89,24.97,-0.09,-0.3604,0.1076,436902,10937697.23,10101280000.0,10101280000.0
2019-01-08,'002287,Цце§ВивЉ,24.97,25.07,24.59,24.59,24.7,0.27,1.0931,0.1071,434689,10830301.02,10137820000.0,10137820000.0
2019-01-07,'002287,Цце§ВивЉ,24.7,24.79,24.19,24.49,24.3,0.4,1.6461,0.1149,466523,11452315.05,10028200000.0,10028200000.0
2019-01-04,'002287,Цце§ВивЉ,24.3,24.47,23.77,23.77,23.87,0.43,1.8014,0.082,332818,8041433.67,9865800000.0,9865800000.0
2019-01-03,'002287,Цце§ВивЉ,23.87,24.84,23.85,24.72,24.76,-0.89,-3.5945,0.1472,597651,14451414.14,9691220000.0,9691220000.0
2019-01-02,'002287,Цце§ВивЉ,24.76,25.26,24.52,25.02,25.02,-0.26,-1.0392,0.082,332885,8257644.49,10052560000.0,10052560000.0
2018-12-28,'002287,Цце§ВивЉ,25.02,25.2,24.56,24.98,24.75,0.27,1.0909,0.0463,187860,4691867.57,10158120000.0,10158120000.0
2018-12-27,'002287,Цце§ВивЉ,24.75,25.57,24.72,25.5,25.28,-0.53,-2.0965,0.095,385578,9684293.96,10048500000.0,10048500000.0
2018-12-26,'002287,Цце§ВивЉ,25.28,25.56,25.13,25.13,25.33,-0.05,-0.1974,0.0836,339323,8589706.89,10263680000.0,10263680000.0
2018-12-25,'002287,Цце§ВивЉ,25.33,25.55,24.83,25.21,25.21,0.12,0.476,0.1193,484239,12247241.88,10283980000.0,10283980000.0
2018-12-24,'002287,Цце§ВивЉ,25.21,25.5,24.74,24.9,25.13,0.08,0.3183,0.0742,301401,7617795.22,10235260000.0,10235260000.0
2018-12-21,'002287,Цце§ВивЉ,25.13,25.45,24.93,25.3,25.15,-0.02,-0.0795,0.0599,243100,6120870.0,10202780000.0,10202780000.0
2018-12-20,'002287,Цце§ВивЉ,25.15,25.65,24.8,25.43,25.18,-0.03,-0.1191,0.1129,458545,11613349.15,10210900000.0,10210900000.0
2018-12-19,'002287,Цце§ВивЉ,25.18,25.35,25.0,25.2,25.0,0.18,0.72,0.1773,719662,18151832.92,10223080000.0,10223080000.0
2018-12-18,'002287,Цце§ВивЉ,25.0,25.22,24.51,24.99,24.94,0.06,0.2406,0.1823,740052,18389507.52,10150000000.0,10150000000.0
2018-12-17,'002287,Цце§ВивЉ,24.94,26.15,24.7,26.15,26.27,-1.33,-5.0628,0.2368,961514,24182184.54,10125640000.0,10125640000.0
2018-12-14,'002287,Цце§ВивЉ,26.27,26.88,26.1,26.88,26.76,-0.49,-1.8311,0.1136,461215,12156872.2,10665620000.0,10665620000.0
2018-12-13,'002287,Цце§ВивЉ,26.76,26.8,26.0,26.37,26.12,0.64,2.4502,0.1205,489401,13015730.67,10864560000.0,10864560000.0
2018-12-12,'002287,Цце§ВивЉ,26.12,26.49,26.02,26.4,26.32,-0.2,-0.7599,0.0933,378800,9913803.0,10604720000.0,10604720000.0
2018-12-11,'002287,Цце§ВивЉ,26.32,26.62,26.07,26.45,26.2,0.12,0.458,0.0736,298652,7842259.04,10685920000.0,10685920000.0
2018-12-10,'002287,Цце§ВивЉ,26.2,26.98,25.92,26.93,26.67,-0.47,-1.7623,0.1159,470434,12359756.17,10637200000.0,10637200000.0
2018-12-07,'002287,Цце§ВивЉ,26.67,27.1,26.6,26.67,26.66,0.01,0.0375,0.1346,546317,14675190.35,10828020000.0,10828020000.0
2018-12-06,'002287,Цце§ВивЉ,26.66,27.3,26.53,27.3,27.17,-0.51,-1.8771,0.1383,561595,15083552.71,10823960000.0,10823960000.0
2018-12-05,'002287,Цце§ВивЉ,27.17,27.45,26.85,27.06,27.33,-0.16,-0.5854,0.1548,628301,17068834.33,11031020000.0,11031020000.0
2018-12-04,'002287,Цце§ВивЉ,27.33,27.5,27.03,27.06,26.99,0.34,1.2597,0.1873,760386,20747923.7,11095980000.0,11095980000.0
2018-12-03,'002287,Цце§ВивЉ,26.99,27.43,26.72,26.98,26.16,0.83,3.1728,0.2309,937508,25419252.67,10957940000.0,10957940000.0
2018-11-30,'002287,Цце§ВивЉ,26.16,26.94,25.86,26.22,26.6,-0.44,-1.6541,0.1437,583340,15348216.82,10620960000.0,10620960000.0
2018-11-29,'002287,Цце§ВивЉ,26.6,27.4,26.39,26.39,26.39,0.21,0.7958,0.1942,788366,21274487.22,10799600000.0,10799600000.0
2018-11-28,'002287,Цце§ВивЉ,26.39,26.8,26.0,26.32,26.2,0.19,0.7252,0.0938,380695,10032538.14,10714340000.0,10714340000.0
2018-11-27,'002287,Цце§ВивЉ,26.2,26.46,25.82,26.06,25.81,0.39,1.511,0.1159,470682,12331887.61,10637200000.0,10637200000.0
2018-11-26,'002287,Цце§ВивЉ,25.81,26.2,25.16,25.4,25.34,0.47,1.8548,0.168,682121,17553440.54,10478860000.0,10478860000.0
2018-11-23,'002287,Цце§ВивЉ,25.34,27.41,25.01,27.37,27.41,-2.07,-7.552,0.2815,1142746,29737768.56,10288040000.0,10288040000.0
2018-11-22,'002287,Цце§ВивЉ,27.41,27.87,26.06,26.54,26.54,0.87,3.2781,0.2504,1016681,27714118.16,11128460000.0,11128460000.0
2018-11-21,'002287,Цце§ВивЉ,26.54,26.57,25.68,26.3,26.5,0.04,0.1509,0.1477,599516,15678977.33,10775240000.0,10775240000.0
2018-11-20,'002287,Цце§ВивЉ,26.5,27.22,26.5,26.98,27.0,-0.5,-1.8519,0.1132,459500,12270384.98,10759000000.0,10759000000.0
2018-11-19,'002287,Цце§ВивЉ,27.0,27.26,26.86,27.18,27.07,-0.07,-0.2586,0.0923,374708,10112903.46,10962000000.0,10962000000.0
2018-11-16,'002287,Цце§ВивЉ,27.07,27.33,26.71,26.71,27.02,0.05,0.185,0.1364,553729,14994066.97,10990420000.0,10990420000.0
2018-11-15,'002287,Цце§ВивЉ,27.02,27.07,26.68,26.7,26.8,0.22,0.8209,0.1076,436700,11765151.0,10970120000.0,10970120000.0
2018-11-14,'002287,Цце§ВивЉ,26.8,27.1,26.61,26.85,26.92,-0.12,-0.4458,0.1127,457601,12298327.98,10880800000.0,10880800000.0
2018-11-13,'002287,Цце§ВивЉ,26.92,27.17,25.89,25.9,26.1,0.82,3.1418,0.2729,1107947,29708132.83,10929520000.0,10929520000.0
2018-11-12,'002287,Цце§ВивЉ,26.1,26.28,25.8,26.26,26.02,0.08,0.3075,0.1381,560615,14593129.0,10596600000.0,10596600000.0
2018-11-09,'002287,Цце§ВивЉ,26.02,26.1,25.5,25.61,25.61,0.41,1.6009,0.1155,468900,12174487.0,10564120000.0,10564120000.0
2018-11-08,'002287,Цце§ВивЉ,25.61,26.32,25.54,26.32,26.06,-0.45,-1.7268,0.1048,425637,11024022.83,10397660000.0,10397660000.0
2018-11-07,'002287,Цце§ВивЉ,26.06,26.59,25.65,25.73,25.65,0.41,1.5984,0.1645,667760,17452370.17,10580360000.0,10580360000.0
2018-11-06,'002287,Цце§ВивЉ,25.65,25.68,25.33,25.55,25.55,0.1,0.3914,0.1267,514317,13147886.19,10413900000.0,10413900000.0
2018-11-05,'002287,Цце§ВивЉ,25.55,25.71,25.01,25.38,25.46,0.09,0.3535,0.1175,476963,12155070.03,10373300000.0,10373300000.0
2018-11-02,'002287,Цце§ВивЉ,25.46,26.0,25.0,25.28,25.12,0.34,1.3535,0.1745,708520,17960109.16,10336760000.0,10336760000.0
2018-11-01,'002287,Цце§ВивЉ,25.12,25.78,24.59,24.59,24.6,0.52,2.1138,0.2351,954626,24028258.1,10198720000.0,10198720000.0
2018-10-31,'002287,Цце§ВивЉ,24.6,24.9,24.12,24.28,24.28,0.32,1.318,0.1794,728401,17977188.4,9987600000.0,9987600000.0
2018-10-30,'002287,Цце§ВивЉ,24.28,24.66,23.8,23.8,24.24,0.04,0.165,0.1929,783062,19041133.96,9857680000.0,9857680000.0
2018-10-29,'002287,Цце§ВивЉ,24.24,24.4,23.45,23.8,23.64,0.6,2.5381,0.2431,986925,23684223.16,9841440000.0,9841440000.0
2018-10-26,'002287,Цце§ВивЉ,23.64,23.93,23.39,23.39,23.24,0.4,1.7212,0.1128,458116,10815251.78,9597840000.0,9597840000.0
2018-10-25,'002287,Цце§ВивЉ,23.24,23.45,22.18,22.98,23.36,-0.12,-0.5137,0.1042,423000,9674095.0,9435440000.0,9435440000.0
2018-10-24,'002287,Цце§ВивЉ,23.36,23.59,23.04,23.39,23.44,-0.08,-0.3413,0.0761,309093,7208977.0,9484160000.0,9484160000.0
2018-10-23,'002287,Цце§ВивЉ,23.44,23.93,23.3,23.6,23.6,-0.16,-0.678,0.0952,386688,9091488.89,9516640000.0,9516640000.0
2018-10-22,'002287,Цце§ВивЉ,23.6,23.97,22.84,22.84,22.67,0.93,4.1023,0.1716,696891,16331330.23,9581600000.0,9581600000.0
2018-10-19,'002287,Цце§ВивЉ,22.67,22.72,21.89,22.33,22.33,0.34,1.5226,0.1191,483400,10803081.0,9204020000.0,9204020000.0
2018-10-18,'002287,Цце§ВивЉ,22.33,22.84,21.43,22.32,22.7,-0.37,-1.63,0.1078,437681,9865335.14,9065980000.0,9065980000.0
2018-10-17,'002287,Цце§ВивЉ,22.7,23.26,22.28,22.8,22.56,0.14,0.6206,0.1053,427626,9721787.72,9216200000.0,9216200000.0
2018-10-16,'002287,Цце§ВивЉ,22.56,24.78,22.26,24.45,24.5,-1.94,-7.9184,0.1827,741714,17288779.13,9159360000.0,9159360000.0
2018-10-15,'002287,Цце§ВивЉ,24.5,25.23,24.5,24.82,24.82,-0.32,-1.2893,0.0722,293100,7291818.11,9947000000.0,9947000000.0
2018-10-12,'002287,Цце§ВивЉ,24.82,25.2,24.13,24.74,24.7,0.12,0.4858,0.1158,470106,11639447.78,10076920000.0,10076920000.0
2018-10-11,'002287,Цце§ВивЉ,24.7,26.39,24.36,25.88,26.32,-1.62,-6.155,0.1782,723316,18399981.32,10028200000.0,10028200000.0
2018-10-10,'002287,Цце§ВивЉ,26.32,26.53,26.31,26.38,26.3,0.02,0.076,0.0433,175600,4635870.93,10685920000.0,10685920000.0
2018-10-09,'002287,Цце§ВивЉ,26.3,26.6,26.2,26.38,26.2,0.1,0.3817,0.0609,247200,6523534.0,10677800000.0,10677800000.0
2018-10-08,'002287,Цце§ВивЉ,26.2,26.99,26.18,26.99,27.05,-0.85,-3.1423,0.1143,464088,12296767.19,10637200000.0,10637200000.0
2018-09-28,'002287,Цце§ВивЉ,27.05,27.17,26.9,26.9,26.88,0.17,0.6324,0.0725,294187,7950724.51,10982300000.0,10982300000.0
2018-09-27,'002287,Цце§ВивЉ,26.88,27.41,26.83,27.27,27.28,-0.4,-1.4663,0.1124,456495,12391476.2,10913280000.0,10913280000.0
2018-09-26,'002287,Цце§ВивЉ,27.28,27.4,27.1,27.26,27.18,0.1,0.3679,0.0789,320471,8748629.31,11075680000.0,11075680000.0
2018-09-25,'002287,Цце§ВивЉ,27.18,27.6,27.03,27.29,27.16,0.02,0.0736,0.0826,335476,9147802.28,11035080000.0,11035080000.0
2018-09-21,'002287,Цце§ВивЉ,27.16,27.26,26.66,26.95,26.74,0.42,1.5707,0.1022,415124,11204848.56,11026960000.0,11026960000.0
2018-09-20,'002287,Цце§ВивЉ,26.74,26.97,26.62,26.62,26.77,-0.03,-0.1121,0.0745,302537,8111375.11,10856440000.0,10856440000.0
2018-09-19,'002287,Цце§ВивЉ,26.77,27.14,26.26,26.44,26.47,0.3,1.1334,0.0839,340600,9106720.68,10868620000.0,10868620000.0
2018-09-18,'002287,Цце§ВивЉ,26.47,26.49,26.15,26.15,26.21,0.26,0.992,0.0525,213024,5616734.16,10746820000.0,10746820000.0
2018-09-17,'002287,Цце§ВивЉ,26.21,26.7,26.21,26.6,26.72,-0.51,-1.9087,0.0687,278866,7357443.06,10641260000.0,10641260000.0
2018-09-14,'002287,Цце§ВивЉ,26.72,27.03,26.72,26.98,26.97,-0.25,-0.927,0.0627,254490,6831820.3,10848320000.0,10848320000.0
2018-09-13,'002287,Цце§ВивЉ,26.97,27.29,26.71,27.16,26.9,0.07,0.2602,0.0749,304276,8189687.76,10949820000.0,10949820000.0
2018-09-12,'002287,Цце§ВивЉ,26.9,27.09,26.88,26.89,26.99,-0.09,-0.3335,0.053,215134,5799899.12,10921400000.0,10921400000.0
2018-09-11,'002287,Цце§ВивЉ,26.99,27.34,26.87,27.34,27.27,-0.28,-1.0268,0.086,349208,9428141.0,10957940000.0,10957940000.0
2018-09-10,'002287,Цце§ВивЉ,27.27,27.43,27.05,27.35,27.33,-0.06,-0.2195,0.09,365300,9952765.0,11071620000.0,11071620000.0
2018-09-07,'002287,Цце§ВивЉ,27.33,27.37,27.07,27.08,27.05,0.28,1.0351,0.0986,400300,10912981.0,11095980000.0,11095980000.0
2018-09-06,'002287,Цце§ВивЉ,27.05,27.35,26.96,27.21,27.21,-0.16,-0.588,0.0707,287133,7803409.86,10982300000.0,10982300000.0
2018-09-05,'002287,Цце§ВивЉ,27.21,27.69,27.2,27.52,27.55,-0.34,-1.2341,0.0862,350000,9595993.78,11047260000.0,11047260000.0
2018-09-04,'002287,Цце§ВивЉ,27.55,27.78,27.13,27.13,27.26,0.29,1.0638,0.1215,493400,13591854.5,11185300000.0,11185300000.0
2018-09-03,'002287,Цце§ВивЉ,27.26,27.38,26.74,27.06,27.04,0.22,0.8136,0.0906,368009,9979781.28,11067560000.0,11067560000.0
2018-08-31,'002287,Цце§ВивЉ,27.04,27.29,26.93,27.1,27.11,-0.07,-0.2582,0.0809,328636,8917099.43,10978240000.0,10978240000.0
2018-08-30,'002287,Цце§ВивЉ,27.11,27.53,27.11,27.39,27.35,-0.24,-0.8775,0.0772,313630,8560963.3,11006660000.0,11006660000.0
2018-08-29,'002287,Цце§ВивЉ,27.35,27.52,27.3,27.46,27.46,-0.11,-0.4006,0.0522,212000,5805049.0,11104100000.0,11104100000.0
2018-08-28,'002287,Цце§ВивЉ,27.46,27.73,27.21,27.7,27.65,-0.19,-0.6872,0.1046,424592,11645133.44,11148760000.0,11148760000.0
2018-08-27,'002287,Цце§ВивЉ,27.65,27.69,27.04,27.07,27.21,0.44,1.6171,0.1216,493800,13573428.0,11225900000.0,11225900000.0
2018-08-24,'002287,Цце§ВивЉ,27.21,27.66,27.0,27.23,27.27,-0.06,-0.22,0.1256,509762,13950898.47,11047260000.0,11047260000.0
2018-08-23,'002287,Цце§ВивЉ,27.27,27.38,27.0,27.24,27.22,0.05,0.1837,0.0783,317749,8634606.14,11071620000.0,11071620000.0
2018-08-22,'002287,Цце§ВивЉ,27.22,27.58,27.0,27.09,27.21,0.01,0.0368,0.1157,469841,12814161.43,11051320000.0,11051320000.0
2018-08-21,'002287,Цце§ВивЉ,27.21,27.42,26.85,26.85,26.85,0.36,1.3408,0.0979,397301,10814977.51,11047260000.0,11047260000.0
2018-08-20,'002287,Цце§ВивЉ,26.85,27.14,26.3,26.82,26.83,0.02,0.0745,0.0972,394470,10548212.1,10901100000.0,10901100000.0
2018-08-17,'002287,Цце§ВивЉ,26.83,27.8,26.68,27.8,27.13,-0.3,-1.1058,0.1036,420800,11389653.0,10892980000.0,10892980000.0
2018-08-16,'002287,Цце§ВивЉ,27.13,27.4,26.81,27.2,27.22,-0.09,-0.3306,0.0758,307800,8353119.0,11014780000.0,11014780000.0
2018-08-15,'002287,Цце§ВивЉ,27.22,27.9,27.1,27.9,27.79,-0.57,-2.0511,0.1145,465025,12752523.75,11051320000.0,11051320000.0
2018-08-14,'002287,Цце§ВивЉ,27.79,28.37,27.58,28.0,27.99,-0.2,-0.7145,0.144,584440,16220846.82,11282740000.0,11282740000.0
2018-08-13,'002287,Цце§ВивЉ,27.99,28.1,27.42,27.71,28.07,-0.08,-0.285,0.1769,718280,19921676.0,11363940000.0,11363940000.0
2018-08-10,'002287,Цце§ВивЉ,28.07,28.27,27.4,27.4,27.51,0.56,2.0356,0.2889,1172954,32853017.96,11396420000.0,11396420000.0
2018-08-09,'002287,Цце§ВивЉ,27.51,27.76,27.01,27.21,27.21,0.3,1.1025,0.1782,723678,19924792.46,11169060000.0,11169060000.0
2018-08-08,'002287,Цце§ВивЉ,27.21,28.1,27.21,28.0,28.25,-1.04,-3.6814,0.2621,1064092,29403131.08,11047260000.0,11047260000.0
2018-08-07,'002287,Цце§ВивЉ,28.25,28.45,26.62,28.09,28.11,0.14,0.498,0.365,1481999,41019344.37,11469500000.0,11469500000.0
2018-08-06,'002287,Цце§ВивЉ,28.11,29.82,27.85,29.58,29.85,-1.74,-5.8291,0.5293,2148756,61113956.25,11412660000.0,11412660000.0
2018-08-03,'002287,Цце§ВивЉ,29.85,30.67,29.6,30.0,30.99,-1.14,-3.6786,0.7163,2908370,87602296.32,12119100000.0,12119100000.0
2018-08-02,'002287,Цце§ВивЉ,30.99,31.0,28.6,29.5,28.18,2.81,9.9716,1.1503,4670363,139720317.82,12581940000.0,12581940000.0
2018-08-01,'002287,Цце§ВивЉ,28.18,28.8,28.18,28.5,28.6,-0.42,-1.4685,0.0837,340000,9668022.0,11441080000.0,11441080000.0
2018-07-31,'002287,Цце§ВивЉ,28.6,28.79,28.41,28.58,28.58,0.02,0.07,0.0883,358486,10244106.13,11611600000.0,11611600000.0
2018-07-30,'002287,Цце§ВивЉ,28.58,29.21,28.35,29.21,29.03,-0.45,-1.5501,0.1421,576865,16540762.87,11603480000.0,11603480000.0
2018-07-27,'002287,Цце§ВивЉ,29.03,29.3,28.75,28.91,28.93,0.1,0.3457,0.1254,509143,14790336.05,11786180000.0,11786180000.0
2018-07-26,'002287,Цце§ВивЉ,28.93,29.55,28.93,29.36,29.35,-0.42,-1.431,0.1716,696709,20261660.18,11745580000.0,11745580000.0
2018-07-25,'002287,Цце§ВивЉ,29.35,29.35,28.73,28.8,28.99,0.36,1.2418,0.1946,790130,23067785.2,11916100000.0,11916100000.0
2018-07-24,'002287,Цце§ВивЉ,28.99,29.11,28.54,28.72,28.72,0.27,0.9401,0.1928,782614,22636980.77,11769940000.0,11769940000.0
2018-07-23,'002287,Цце§ВивЉ,28.72,28.98,28.0,28.98,29.24,-0.52,-1.7784,0.1854,752870,21470514.95,11660320000.0,11660320000.0
2018-07-20,'002287,Цце§ВивЉ,29.24,29.3,28.85,29.1,29.14,0.1,0.3432,0.1052,427201,12444897.14,11871440000.0,11871440000.0
2018-07-19,'002287,Цце§ВивЉ,29.14,29.5,28.86,29.16,29.21,-0.07,-0.2396,0.117,475099,13828849.79,11830840000.0,11830840000.0
2018-07-18,'002287,Цце§ВивЉ,29.21,29.8,29.18,29.4,29.37,-0.16,-0.5448,0.1411,572838,16915605.7,11859260000.0,11859260000.0
2018-07-17,'002287,Цце§ВивЉ,29.37,29.52,29.02,29.21,29.54,-0.17,-0.5755,0.1393,565680,16525555.8,11924220000.0,11924220000.0
2018-07-16,'002287,Цце§ВивЉ,29.54,29.69,29.01,29.01,29.5,0.04,0.1356,0.1449,588152,17315987.18,11993240000.0,11993240000.0
2018-07-13,'002287,Цце§ВивЉ,29.5,30.16,28.7,29.13,29.13,0.37,1.2702,0.3622,1470336,43568636.52,11977000000.0,11977000000.0
2018-07-12,'002287,Цце§ВивЉ,29.13,29.44,28.39,28.39,28.4,0.73,2.5704,0.1929,783362,22673287.52,11826780000.0,11826780000.0
2018-07-11,'002287,Цце§ВивЉ,28.4,28.72,28.0,28.72,29.01,-0.61,-2.1027,0.1569,637100,18053379.46,11530400000.0,11530400000.0
2018-07-10,'002287,Цце§ВивЉ,29.42,29.42,28.85,29.2,29.14,0.28,0.9609,0.1992,808927,23582031.21,11944520000.0,11944520000.0
2018-07-09,'002287,Цце§ВивЉ,29.14,29.2,28.19,28.25,28.19,0.95,3.37,0.1371,556733,16019805.64,11830840000.0,11830840000.0
2018-07-06,'002287,Цце§ВивЉ,28.19,28.5,27.55,28.45,28.13,0.06,0.2133,0.0998,405016,11399501.92,11445140000.0,11445140000.0
2018-07-05,'002287,Цце§ВивЉ,28.13,28.88,28.01,28.88,28.75,-0.62,-2.1565,0.112,454523,12926240.76,11420780000.0,11420780000.0
2018-07-04,'002287,Цце§ВивЉ,28.75,29.2,28.61,29.2,29.18,-0.43,-1.4736,0.0948,385000,11081327.2,11672500000.0,11672500000.0
2018-07-03,'002287,Цце§ВивЉ,29.18,29.2,28.56,29.05,28.88,0.3,1.0388,0.1492,605943,17537369.52,11847080000.0,11847080000.0
2018-07-02,'002287,Цце§ВивЉ,28.88,29.27,28.71,28.75,28.79,0.09,0.3126,0.1524,618629,17941892.99,11725280000.0,11725280000.0
2018-06-29,'002287,Цце§ВивЉ,28.79,29.08,28.23,28.41,28.27,0.52,1.8394,0.1351,548472,15748747.21,11688740000.0,11688740000.0
2018-06-28,'002287,Цце§ВивЉ,28.27,28.69,28.12,28.55,28.29,-0.02,-0.0707,0.0651,264400,7512940.0,11477620000.0,11477620000.0
2018-06-27,'002287,Цце§ВивЉ,28.29,28.9,28.2,28.63,28.71,-0.42,-1.4629,0.0965,391700,11173821.0,11485740000.0,11485740000.0
2018-06-26,'002287,Цце§ВивЉ,28.71,28.97,28.09,28.6,28.62,0.09,0.3145,0.08,324700,9302181.0,11656260000.0,11656260000.0
2018-06-25,'002287,Цце§ВивЉ,28.62,29.23,28.59,29.23,28.71,-0.09,-0.3135,0.0957,388700,11205396.48,11619720000.0,11619720000.0
2018-06-22,'002287,Цце§ВивЉ,28.71,28.71,28.1,28.2,28.2,0.51,1.8085,0.1059,429876,12247171.76,11656260000.0,11656260000.0
2018-06-21,'002287,Цце§ВивЉ,28.2,29.14,28.06,28.27,28.28,-0.08,-0.2829,0.1604,651404,18589614.56,11449200000.0,11449200000.0
2018-06-20,'002287,Цце§ВивЉ,28.28,28.49,27.22,27.36,27.25,1.03,3.7798,0.2076,842786,23497948.48,11481680000.0,11481680000.0
2018-06-19,'002287,Цце§ВивЉ,27.25,29.48,26.55,29.48,29.5,-2.25,-7.6271,0.2976,1208301,33638470.97,11063500000.0,11063500000.0
2018-06-15,'002287,Цце§ВивЉ,29.5,30.61,29.0,30.15,30.15,-0.65,-2.1559,0.1566,635594,18901357.22,11977000000.0,11977000000.0
2018-06-14,'002287,Цце§ВивЉ,30.15,30.69,30.11,30.24,30.36,-0.21,-0.6917,0.1199,486800,14766160.92,12240900000.0,12240900000.0
2018-06-13,'002287,Цце§ВивЉ,30.36,30.95,30.35,30.85,30.84,-0.48,-1.5564,0.1195,485076,14872806.6,12326160000.0,12326160000.0
2018-06-12,'002287,Цце§ВивЉ,30.84,30.98,30.3,30.51,30.48,0.36,1.1811,0.1241,503727,15456911.8,12521040000.0,12521040000.0
2018-06-11,'002287,Цце§ВивЉ,30.48,31.28,30.43,31.28,31.15,-0.67,-2.1509,0.1714,695999,21424034.45,12374880000.0,12374880000.0
2018-06-08,'002287,Цце§ВивЉ,31.15,31.57,30.86,31.57,31.61,-0.46,-1.4552,0.1603,650719,20289926.34,12646900000.0,12646900000.0
2018-06-07,'002287,Цце§ВивЉ,31.61,32.13,31.53,31.95,31.95,-0.34,-1.0642,0.1495,607000,19296590.0,12833660000.0,12833660000.0
2018-06-06,'002287,Цце§ВивЉ,31.95,32.0,31.63,31.92,31.88,0.07,0.2196,0.1326,538401,17150620.78,12971700000.0,12971700000.0
2018-06-05,'002287,Цце§ВивЉ,31.88,31.88,31.31,31.39,31.41,0.47,1.4963,0.1641,666130,21134953.7,12943280000.0,12943280000.0
2018-06-04,'002287,Цце§ВивЉ,31.41,31.72,30.68,31.55,31.2,0.21,0.6731,0.1947,790381,24774897.17,12752460000.0,12752460000.0
2018-06-01,'002287,Цце§ВивЉ,31.2,31.9,31.16,31.7,31.61,-0.41,-1.2971,0.1698,689271,21719224.09,12667200000.0,12667200000.0
2018-05-31,'002287,Цце§ВивЉ,31.61,31.78,31.22,31.22,31.0,0.61,1.9677,0.1974,801300,25266698.38,12833660000.0,12833660000.0
2018-05-30,'002287,Цце§ВивЉ,31.0,32.32,31.0,32.32,32.67,-1.67,-5.1117,0.3558,1444725,45407520.5,12586000000.0,12586000000.0
2018-05-29,'002287,Цце§ВивЉ,32.67,33.44,32.45,32.68,32.7,-0.03,-0.0917,0.3772,1531376,50620817.23,13264020000.0,13264020000.0
2018-05-28,'002287,Цце§ВивЉ,32.7,33.06,32.2,32.88,32.79,-0.09,-0.2745,0.3224,1308819,42671000.05,13276200000.0,13276200000.0
2018-05-25,'002287,Цце§ВивЉ,32.79,33.15,32.64,33.03,33.02,-0.23,-0.6965,0.2475,1004800,33019197.0,13312740000.0,13312740000.0
2018-05-24,'002287,Цце§ВивЉ,33.02,33.39,33.01,33.39,33.03,-0.01,-0.0303,0.2206,895800,29672818.0,13406120000.0,13406120000.0
2018-05-23,'002287,Цце§ВивЉ,33.03,33.68,33.01,33.68,33.72,-0.69,-2.0463,0.3747,1521477,50663914.99,13410180000.0,13410180000.0
2018-05-22,'002287,Цце§ВивЉ,33.72,33.85,33.3,33.38,33.27,0.45,1.3526,0.4633,1881177,63373362.82,13690320000.0,13690320000.0
2018-05-21,'002287,Цце§ВивЉ,33.27,33.53,33.0,33.03,33.43,-0.16,-0.4786,0.5286,2146021,71449424.52,13507620000.0,13507620000.0
2018-05-18,'002287,Цце§ВивЉ,33.43,34.7,32.51,34.1,35.7,-2.27,-6.3585,1.1074,4496218,149534111.69,13572580000.0,13572580000.0
2018-05-17,'002287,Цце§ВивЉ,35.7,38.8,35.69,37.6,37.2,-1.5,-4.0323,2.3747,9641166,360373303.9,14494200000.0,14494200000.0
2018-05-16,'002287,Цце§ВивЉ,37.2,37.25,36.03,36.19,36.45,0.75,2.0576,0.6964,2827351,104265567.91,15103200000.0,15103200000.0
2018-05-15,'002287,Цце§ВивЉ,36.45,36.8,35.59,36.7,36.0,0.45,1.25,0.4312,1750525,63379468.22,14798700000.0,14798700000.0
2018-05-14,'002287,Цце§ВивЉ,36.0,36.3,35.1,35.8,36.0,0.0,0.0,0.4483,1820278,64806234.51,14616000000.0,14616000000.0
2018-05-11,'002287,Цце§ВивЉ,36.0,37.06,35.5,36.3,36.46,-0.46,-1.2617,0.6341,2574610,93085804.83,14616000000.0,14616000000.0
2018-05-10,'002287,Цце§ВивЉ,36.46,36.66,34.67,35.51,34.98,1.48,4.231,0.8943,3630844,129902328.83,14802760000.0,14802760000.0
2018-05-09,'002287,Цце§ВивЉ,34.98,34.98,33.4,33.87,33.82,1.16,3.4299,0.5832,2367602,81081188.64,14201880000.0,14201880000.0
2018-05-08,'002287,Цце§ВивЉ,33.82,34.94,33.76,34.5,34.03,-0.21,-0.6171,0.5391,2188890,75197135.39,13730920000.0,13730920000.0
2018-05-07,'002287,Цце§ВивЉ,34.03,34.07,33.11,33.27,33.3,0.73,2.1922,0.4493,1824141,61819477.22,13816180000.0,13816180000.0
2018-05-04,'002287,Цце§ВивЉ,33.3,33.59,32.77,33.28,33.28,0.02,0.0601,0.2792,1133443,37782783.89,13519800000.0,13519800000.0
2018-05-03,'002287,Цце§ВивЉ,33.28,33.29,32.25,33.28,33.28,0.0,0.0,0.3285,1333898,43816403.92,13511680000.0,13511680000.0
2018-05-02,'002287,Цце§ВивЉ,33.28,34.35,32.69,32.88,32.88,0.4,1.2165,0.4055,1646498,55183467.66,13511680000.0,13511680000.0
2018-04-27,'002287,Цце§ВивЉ,32.88,33.26,32.59,33.26,32.84,0.04,0.1218,0.4771,1936947,63948414.23,13349280000.0,13349280000.0
2018-04-26,'002287,Цце§ВивЉ,32.84,33.2,31.6,32.25,32.24,0.6,1.861,0.4454,1808324,58900029.3,13333040000.0,13333040000.0
2018-04-25,'002287,Цце§ВивЉ,32.24,32.24,31.23,31.38,31.67,0.57,1.7998,0.3037,1233143,39240079.33,13089440000.0,13089440000.0
2018-04-24,'002287,Цце§ВивЉ,31.67,31.8,30.61,30.84,30.75,0.92,2.9919,0.2519,1022884,32030599.36,12858020000.0,12858020000.0
2018-04-23,'002287,Цце§ВивЉ,30.75,30.98,30.11,30.6,30.66,0.09,0.2935,0.1402,569065,17424713.65,12484500000.0,12484500000.0
2018-04-20,'002287,Цце§ВивЉ,30.66,31.6,30.58,31.31,31.56,-0.9,-2.8517,0.2075,842425,26058091.0,12447960000.0,12447960000.0
2018-04-19,'002287,Цце§ВивЉ,31.56,31.74,31.21,31.21,31.44,0.12,0.3817,0.1494,606400,19141087.1,12813360000.0,12813360000.0
2018-04-18,'002287,Цце§ВивЉ,31.44,31.86,30.29,31.59,31.29,0.15,0.4794,0.1996,810380,25176815.02,12764640000.0,12764640000.0
2018-04-17,'002287,Цце§ВивЉ,31.29,32.85,31.02,32.49,32.29,-1.0,-3.0969,0.1984,805564,25768539.04,12703740000.0,12703740000.0
2018-04-16,'002287,Цце§ВивЉ,32.29,32.68,32.0,32.05,32.06,0.23,0.7174,0.2093,849600,27509920.0,13109740000.0,13109740000.0
2018-04-13,'002287,Цце§ВивЉ,32.06,33.65,31.9,33.29,33.29,-1.23,-3.6948,0.317,1286984,41964309.48,13016360000.0,13016360000.0
2018-04-12,'002287,Цце§ВивЉ,33.29,33.49,32.75,33.0,33.29,0.0,0.0,0.2464,1000413,33132279.14,13515740000.0,13515740000.0
2018-04-11,'002287,Цце§ВивЉ,33.29,34.3,33.0,33.55,33.51,-0.22,-0.6565,0.3619,1469162,49433029.98,13515740000.0,13515740000.0
2018-04-10,'002287,Цце§ВивЉ,33.51,33.84,32.88,32.88,32.88,0.63,1.9161,0.3451,1401100,46769801.84,13605060000.0,13605060000.0
2018-04-09,'002287,Цце§ВивЉ,32.88,33.23,31.9,32.6,32.73,0.15,0.4583,0.3159,1282721,41917872.78,13349280000.0,13349280000.0
2018-04-04,'002287,Цце§ВивЉ,32.73,34.49,32.71,33.62,33.42,-0.69,-2.0646,0.5509,2236522,75140444.71,13288380000.0,13288380000.0
2018-04-03,'002287,Цце§ВивЉ,33.42,34.3,32.23,32.23,32.98,0.44,1.3341,0.5636,2288204,76488933.27,13568520000.0,13568520000.0
2018-04-02,'002287,Цце§ВивЉ,32.98,33.47,32.2,32.42,32.42,0.56,1.7273,0.646,2622728,86766611.61,13389880000.0,13389880000.0
2018-03-30,'002287,Цце§ВивЉ,32.42,32.78,31.35,31.35,31.46,0.96,3.0515,0.4666,1894341,60880008.92,13162520000.0,13162520000.0
2018-03-29,'002287,Цце§ВивЉ,31.46,31.79,30.94,30.94,31.05,0.41,1.3205,0.2541,1031645,32490074.2,12772760000.0,12772760000.0
2018-03-28,'002287,Цце§ВивЉ,31.05,31.9,30.65,30.78,31.28,-0.23,-0.7353,0.2823,1145968,36038724.2,12606300000.0,12606300000.0
2018-03-27,'002287,Цце§ВивЉ,31.28,31.81,30.7,31.15,30.8,0.48,1.5584,0.3448,1399899,43734507.24,12699680000.0,12699680000.0
2018-03-26,'002287,Цце§ВивЉ,30.8,31.15,29.8,29.98,29.86,0.94,3.148,0.3368,1367399,41716789.92,12504800000.0,12504800000.0
2018-03-23,'002287,Цце§ВивЉ,29.86,32.07,29.42,31.11,32.4,-2.54,-7.8395,0.5445,2210514,67956553.06,12123160000.0,12123160000.0
2018-03-22,'002287,Цце§ВивЉ,32.4,33.48,32.0,33.12,33.3,-0.9,-2.7027,0.4239,1720900,56249044.0,13154400000.0,13154400000.0
2018-03-21,'002287,Цце§ВивЉ,33.3,34.2,33.07,34.19,34.5,-1.2,-3.4783,0.7549,3064955,102876838.27,13519800000.0,13519800000.0
2018-03-20,'002287,Цце§ВивЉ,34.5,34.5,31.05,31.38,31.38,3.12,9.9426,0.9581,3889835,128900791.76,14007000000.0,14007000000.0
2018-03-19,'002287,Цце§ВивЉ,31.38,32.69,31.0,32.69,32.15,-0.77,-2.395,0.2224,902878,28804568.0,12740280000.0,12740280000.0
2018-03-16,'002287,Цце§ВивЉ,32.15,32.83,32.0,32.22,32.63,-0.48,-1.471,0.2647,1074723,34711373.47,13052900000.0,13052900000.0
2018-03-15,'002287,Цце§ВивЉ,32.63,33.33,31.41,31.68,31.55,1.08,3.4231,0.6189,2512872,81496531.6,13247780000.0,13247780000.0
2018-03-14,'002287,Цце§ВивЉ,31.55,32.0,31.3,31.81,31.92,-0.37,-1.1591,0.2037,826870,26144763.5,12809300000.0,12809300000.0
2018-03-13,'002287,Цце§ВивЉ,31.92,32.37,31.78,32.32,32.15,-0.23,-0.7154,0.1787,725395,23194307.15,12959520000.0,12959520000.0
2018-03-12,'002287,Цце§ВивЉ,32.15,32.5,31.7,31.84,31.85,0.3,0.9419,0.2898,1176540,37915194.0,13052900000.0,13052900000.0
2018-03-09,'002287,Цце§ВивЉ,31.85,32.05,31.12,31.73,31.8,0.05,0.1572,0.2985,1211765,38244385.05,12931100000.0,12931100000.0
2018-03-08,'002287,Цце§ВивЉ,31.8,32.58,30.71,31.28,30.86,0.94,3.046,0.4856,1971665,62657453.49,12910800000.0,12910800000.0
2018-03-07,'002287,Цце§ВивЉ,30.86,32.2,30.65,31.2,31.3,-0.44,-1.4058,0.2989,1213400,38024702.0,12529160000.0,12529160000.0
2018-03-06,'002287,Цце§ВивЉ,31.3,31.3,30.02,30.31,30.19,1.11,3.6767,0.3634,1475281,45465298.25,12707800000.0,12707800000.0
2018-03-05,'002287,Цце§ВивЉ,30.19,30.28,29.7,30.0,30.0,0.19,0.6333,0.1359,551600,16573898.0,12257140000.0,12257140000.0
2018-03-02,'002287,Цце§ВивЉ,30.0,30.25,29.9,30.25,30.35,-0.35,-1.1532,0.1169,474498,14246440.04,12180000000.0,12180000000.0
2018-03-01,'002287,Цце§ВивЉ,30.35,30.49,29.95,30.07,30.2,0.15,0.4967,0.1548,628523,19037666.28,12322100000.0,12322100000.0
2018-02-28,'002287,Цце§ВивЉ,30.2,30.34,29.34,29.96,29.85,0.35,1.1725,0.1582,642358,19268096.58,12261200000.0,12261200000.0
2018-02-27,'002287,Цце§ВивЉ,29.85,30.0,29.79,30.0,29.99,-0.14,-0.4668,0.1341,544500,16260366.0,12119100000.0,12119100000.0
2018-02-26,'002287,Цце§ВивЉ,29.99,30.18,29.13,29.35,29.05,0.94,3.2358,0.1982,804856,23910993.8,12175940000.0,12175940000.0
2018-02-23,'002287,Цце§ВивЉ,29.05,29.2,28.92,29.0,29.07,-0.02,-0.0688,0.0867,352069,10227593.69,11794300000.0,11794300000.0
2018-02-22,'002287,Цце§ВивЉ,29.07,29.38,28.85,28.85,28.54,0.53,1.857,0.1183,480400,13946508.0,11802420000.0,11802420000.0
2018-02-14,'002287,Цце§ВивЉ,28.54,28.98,28.01,28.52,28.9,-0.36,-1.2457,0.1679,681684,19355430.68,11587240000.0,11587240000.0
2018-02-13,'002287,Цце§ВивЉ,28.9,30.49,27.75,27.75,27.74,1.16,4.1817,0.3309,1343449,39233672.28,11733400000.0,11733400000.0
2018-02-12,'002287,Цце§ВивЉ,27.74,28.19,27.2,27.2,27.16,0.58,2.1355,0.189,767200,21353301.2,11262440000.0,11262440000.0
2018-02-09,'002287,Цце§ВивЉ,27.16,27.98,27.0,27.83,28.1,-0.94,-3.3452,0.2657,1078700,29602304.5,11026960000.0,11026960000.0
2018-02-08,'002287,Цце§ВивЉ,28.1,28.4,27.59,27.59,27.6,0.5,1.8116,0.1774,720175,20220328.61,11408600000.0,11408600000.0
2018-02-07,'002287,Цце§ВивЉ,27.6,29.14,27.31,28.5,28.0,-0.4,-1.4286,0.2447,993681,27908811.14,11205600000.0,11205600000.0
2018-02-06,'002287,Цце§ВивЉ,28.0,30.18,27.9,30.1,30.27,-2.27,-7.4992,0.3418,1387742,39936343.42,11368000000.0,11368000000.0
2018-02-05,'002287,Цце§ВивЉ,30.27,31.11,30.2,31.11,31.11,-0.84,-2.7001,0.1761,714800,21832627.0,12289620000.0,12289620000.0
2018-02-02,'002287,Цце§ВивЉ,31.11,32.0,30.61,31.85,31.85,-0.74,-2.3234,0.1733,703790,21982281.7,12630660000.0,12630660000.0
2018-02-01,'002287,Цце§ВивЉ,31.85,33.88,31.8,33.56,33.56,-1.71,-5.0954,0.2847,1155885,37441794.42,12931100000.0,12931100000.0
2018-01-31,'002287,Цце§ВивЉ,33.56,34.35,33.17,34.21,34.26,-0.7,-2.0432,0.1754,712001,23972816.55,13625360000.0,13625360000.0
2018-01-30,'002287,Цце§ВивЉ,34.26,34.76,34.0,34.0,34.31,-0.05,-0.1457,0.0986,400500,13782572.95,13909560000.0,13909560000.0
2018-01-29,'002287,Цце§ВивЉ,34.31,35.5,34.3,35.0,35.46,-1.15,-3.2431,0.2289,929379,32235007.11,13929860000.0,13929860000.0
2018-01-26,'002287,Цце§ВивЉ,35.46,36.19,35.43,36.0,35.53,-0.07,-0.197,0.2031,824577,29447064.81,14396760000.0,14396760000.0
2018-01-25,'002287,Цце§ВивЉ,35.53,36.18,35.2,35.33,35.28,0.25,0.7086,0.259,1051559,37393273.13,14425180000.0,14425180000.0
2018-01-24,'002287,Цце§ВивЉ,35.28,36.8,34.91,35.05,35.01,0.27,0.7712,0.3629,1473392,52992864.89,14323680000.0,14323680000.0
2018-01-23,'002287,Цце§ВивЉ,35.01,35.24,34.7,34.99,34.91,0.1,0.2865,0.1271,515923,18017299.03,14214060000.0,14214060000.0
2018-01-22,'002287,Цце§ВивЉ,34.91,35.28,34.45,34.64,34.64,0.27,0.7794,0.1264,513000,17920616.0,14173460000.0,14173460000.0
2018-01-19,'002287,Цце§ВивЉ,34.64,35.29,34.58,35.27,35.09,-0.45,-1.2824,0.1281,519900,18138690.0,14063840000.0,14063840000.0
2018-01-18,'002287,Цце§ВивЉ,35.09,35.19,34.53,34.71,34.71,0.38,1.0948,0.1108,449879,15729995.42,14246540000.0,14246540000.0
2018-01-17,'002287,Цце§ВивЉ,34.71,35.45,34.26,35.28,35.33,-0.62,-1.7549,0.1745,708671,24543512.7,14092260000.0,14092260000.0
2018-01-16,'002287,Цце§ВивЉ,35.33,35.64,34.73,34.95,35.0,0.33,0.9429,0.1602,650413,22806021.35,14343980000.0,14343980000.0
2018-01-15,'002287,Цце§ВивЉ,35.0,36.23,34.75,36.18,36.16,-1.16,-3.208,0.2281,926154,32683103.84,14210000000.0,14210000000.0
2018-01-12,'002287,Цце§ВивЉ,36.16,36.36,35.8,35.95,36.08,0.08,0.2217,0.1726,700632,25217558.78,14680960000.0,14680960000.0
2018-01-11,'002287,Цце§ВивЉ,36.08,36.45,35.64,36.08,36.35,-0.27,-0.7428,0.263,1067669,38503534.44,14648480000.0,14648480000.0
2018-01-10,'002287,Цце§ВивЉ,36.35,37.18,36.1,36.8,37.0,-0.65,-1.7568,0.3603,1462921,53329228.46,14758100000.0,14758100000.0
2018-01-09,'002287,Цце§ВивЉ,37.0,38.0,34.63,34.63,34.69,2.31,6.659,0.6688,2715425,99947436.21,15022000000.0,15022000000.0
2018-01-08,'002287,Цце§ВивЉ,34.69,35.19,34.41,34.98,35.04,-0.35,-0.9989,0.1585,643508,22343062.78,14084140000.0,14084140000.0
2018-01-05,'002287,Цце§ВивЉ,35.04,35.24,34.69,34.69,34.96,0.08,0.2288,0.1166,473460,16598092.8,14226240000.0,14226240000.0
2018-01-04,'002287,Цце§ВивЉ,34.96,35.33,34.86,35.16,35.26,-0.3,-0.8508,0.1642,666587,23346406.26,14193760000.0,14193760000.0
2018-01-03,'002287,Цце§ВивЉ,35.26,35.68,34.4,34.83,34.65,0.61,1.7605,0.2451,995278,35049939.33,14315560000.0,14315560000.0
2018-01-02,'002287,Цце§ВивЉ,34.65,34.78,33.78,33.8,33.88,0.77,2.2727,0.1897,770078,26462494.03,14067900000.0,14067900000.0
