ศีฦฺ,นษฦฑด๚ย๋,ร๛ณฦ,สีลฬผ,ื๎ธ฿ผ,ื๎ตอผ,ฟชลฬผ,วฐสีลฬ,ีวต๘ถ๎,ีวต๘ท๙,ปปสึยส,ณษฝปมฟ,ณษฝปฝ๐ถ๎,ืสะึต,ม๗อจสะึต
2019-04-26,'603848,บรฬซฬซ,22.0,22.19,21.0,21.4,22.08,-0.08,-0.3623,5.5958,3978900,86786971.0,8822000000.0,1564310000.0
2019-04-25,'603848,บรฬซฬซ,22.08,22.75,21.15,21.61,21.22,0.86,4.0528,10.5366,7492033,165299346.0,8854080000.0,1569998400.0
2019-04-24,'603848,บรฬซฬซ,21.22,21.55,21.02,21.55,21.35,-0.13,-0.6089,2.4789,1762600,37485601.0,8509220000.0,1508848100.0
2019-04-23,'603848,บรฬซฬซ,21.35,21.46,20.94,21.39,21.66,-0.31,-1.4312,2.407,1711519,36401492.0,8561350000.0,1518091750.0
2019-04-22,'603848,บรฬซฬซ,21.66,21.66,20.79,21.0,21.97,-0.31,-1.411,4.0938,2910897,61531656.0,8685660000.0,1540134300.0
2019-04-19,'603848,บรฬซฬซ,21.97,22.78,21.4,22.78,22.2,-0.23,-1.036,7.3157,5201828,113132458.0,8809970000.0,1562176850.0
2019-04-18,'603848,บรฬซฬซ,22.2,22.38,20.8,21.0,21.1,1.1,5.2133,7.2124,5128381,111216972.0,8902200000.0,1578531000.0
2019-04-17,'603848,บรฬซฬซ,21.1,21.2,20.69,20.97,20.8,0.3,1.4423,5.0651,3601553,75604790.0,8461100000.0,1500315500.0
2019-04-16,'603848,บรฬซฬซ,20.8,20.88,20.0,20.46,20.46,0.34,1.6618,5.8238,4140988,84091139.0,8340800000.0,1478984000.0
2019-04-15,'603848,บรฬซฬซ,20.46,21.2,20.32,20.64,20.49,-0.03,-0.1464,4.4691,3177734,66111698.0,8204460000.0,1454808300.0
2019-04-12,'603848,บรฬซฬซ,20.49,20.58,19.4,19.6,19.5,0.99,5.0769,3.4941,2484496,49859810.0,8216490000.0,1456941450.0
2019-04-11,'603848,บรฬซฬซ,19.5,20.12,19.2,19.7,19.82,-0.32,-1.6145,2.3213,1650525,32418007.0,7819500000.0,1386547500.0
2019-04-10,'603848,บรฬซฬซ,19.82,20.16,19.6,20.16,20.16,-0.34,-1.6865,2.3848,1695710,33650206.0,7947820000.0,1409301100.0
2019-04-09,'603848,บรฬซฬซ,20.16,20.43,19.86,20.2,20.37,-0.21,-1.0309,2.685,1909198,38192698.0,8084160000.0,1433476800.0
2019-04-08,'603848,บรฬซฬซ,20.37,20.75,20.08,20.13,20.09,0.28,1.3937,4.3169,3069564,62737841.0,8168370000.0,1448408850.0
2019-04-04,'603848,บรฬซฬซ,20.09,20.19,19.7,20.01,20.08,0.01,0.0498,3.0203,2147613,42816692.0,8056090000.0,1428499450.0
2019-04-03,'603848,บรฬซฬซ,20.08,20.13,19.46,20.01,20.1,-0.02,-0.0995,4.4457,3161137,62643977.0,8052080000.0,1427788400.0
2019-04-02,'603848,บรฬซฬซ,20.1,20.4,20.0,20.4,20.48,-0.38,-1.8555,4.9925,3549927,71393975.0,8060100000.0,1429210500.0
2019-04-01,'603848,บรฬซฬซ,20.48,20.65,19.83,20.15,20.19,0.29,1.4364,7.7518,5511917,111761065.0,8212480000.0,1456230400.0
2019-03-29,'603848,บรฬซฬซ,20.19,20.49,19.1,20.2,21.15,-0.96,-4.539,10.3863,7385165,146562779.0,8096190000.0,1435609950.0
2019-03-28,'603848,บรฬซฬซ,21.15,21.4,20.26,20.6,20.81,0.34,1.6338,6.1281,4357371,91282353.0,8481150000.0,1503870750.0
2019-03-27,'603848,บรฬซฬซ,20.81,20.85,19.75,20.6,20.65,0.16,0.7748,6.2887,4471607,91421669.0,8344810000.0,1479695050.0
2019-03-26,'603848,บรฬซฬซ,20.65,21.27,19.45,19.6,19.78,0.87,4.3984,10.5135,7475647,153834119.0,8280650000.0,1468318250.0
2019-03-25,'603848,บรฬซฬซ,19.78,20.13,19.25,19.85,19.84,-0.06,-0.3024,8.1587,5801257,114372945.0,7931780000.0,1406456900.0
2019-03-22,'603848,บรฬซฬซ,19.84,19.84,18.05,18.05,18.04,1.8,9.9778,12.1306,8625481,167169849.0,7955840000.0,1410723200.0
2019-03-21,'603848,บรฬซฬซ,18.04,18.19,17.78,18.11,17.95,0.09,0.5014,4.3284,3077723,55227808.0,7234040000.0,1282734200.0
2019-03-20,'603848,บรฬซฬซ,17.95,18.14,17.78,18.02,18.02,-0.07,-0.3885,2.1923,1558800,27926571.0,7197950000.0,1276334750.0
2019-03-19,'603848,บรฬซฬซ,18.02,18.18,17.78,18.15,18.04,-0.02,-0.1109,3.1639,2249688,40341502.0,7226020000.0,1281312100.0
2019-03-18,'603848,บรฬซฬซ,18.04,18.1,17.49,17.49,17.45,0.59,3.3811,4.5292,3220516,57602461.0,7234040000.0,1282734200.0
2019-03-15,'603848,บรฬซฬซ,17.45,17.61,17.3,17.51,17.35,0.1,0.5764,2.9459,2094676,36590259.0,6997450000.0,1240782250.0
2019-03-14,'603848,บรฬซฬซ,17.35,17.42,17.0,17.4,17.42,-0.07,-0.4018,3.6122,2568450,44273492.0,6957350000.0,1233671750.0
2019-03-13,'603848,บรฬซฬซ,17.42,17.79,17.21,17.62,17.67,-0.25,-1.4148,3.3198,2360510,41162885.0,6985420000.0,1238649100.0
2019-03-12,'603848,บรฬซฬซ,17.67,18.05,17.31,18.05,17.66,0.01,0.0566,3.3827,2405239,42608476.0,7085670000.0,1256425350.0
2019-03-11,'603848,บรฬซฬซ,17.66,17.66,17.21,17.45,17.21,0.45,2.6148,2.3404,1664156,28971751.0,7081660000.0,1255714300.0
2019-03-08,'603848,บรฬซฬซ,17.21,17.77,17.21,17.77,18.11,-0.9,-4.9696,4.9132,3493553,61057878.0,6901210000.0,1223717050.0
2019-03-07,'603848,บรฬซฬซ,18.11,18.35,17.73,17.86,18.0,0.11,0.6111,5.3345,3793087,68500284.0,7262110000.0,1287711550.0
2019-03-06,'603848,บรฬซฬซ,18.0,18.16,17.47,17.68,17.68,0.32,1.81,5.3854,3829299,68602556.0,7218000000.0,1279890000.0
2019-03-05,'603848,บรฬซฬซ,17.68,17.73,17.25,17.47,17.62,0.06,0.3405,4.7523,3379158,58966313.0,7089680000.0,1257136400.0
2019-03-04,'603848,บรฬซฬซ,17.62,18.08,17.5,17.76,17.64,-0.02,-0.1134,5.207,3702431,65906367.0,7065620000.0,1252870100.0
2019-03-01,'603848,บรฬซฬซ,17.64,17.68,17.37,17.68,17.51,0.13,0.7424,2.0541,1460536,25560307.0,7073640000.0,1254292200.0
2019-02-28,'603848,บรฬซฬซ,17.51,17.77,17.3,17.53,17.51,0.0,0.0,2.8086,1997034,34825971.0,7021510000.0,1245048550.0
2019-02-27,'603848,บรฬซฬซ,17.51,18.09,17.3,17.57,17.7,-0.19,-1.0734,5.3113,3776599,66989207.0,7021510000.0,1245048550.0
2019-02-26,'603848,บรฬซฬซ,17.7,17.97,17.32,17.6,17.63,0.07,0.3971,4.7082,3347733,58940403.0,7097700000.0,1258558500.0
2019-02-25,'603848,บรฬซฬซ,17.63,17.7,17.04,17.25,17.05,0.58,3.4018,6.5839,4681468,81705110.0,7069630000.0,1253581150.0
2019-02-22,'603848,บรฬซฬซ,17.05,17.22,16.65,17.0,17.17,-0.12,-0.6989,3.71,2638025,44653464.0,6837050000.0,1212340250.0
2019-02-21,'603848,บรฬซฬซ,17.17,17.31,16.9,17.31,17.31,-0.14,-0.8088,3.634,2583935,44135308.0,6885170000.0,1220872850.0
2019-02-20,'603848,บรฬซฬซ,17.31,17.4,16.73,16.95,17.06,0.25,1.4654,3.9826,2831837,48358589.0,6941310000.0,1230827550.0
2019-02-19,'603848,บรฬซฬซ,17.06,17.23,16.8,17.2,17.09,-0.03,-0.1755,4.7914,3406947,57893055.0,6841060000.0,1213051300.0
2019-02-18,'603848,บรฬซฬซ,17.09,17.16,16.3,16.43,16.43,0.66,4.017,5.544,3942059,66198737.0,6853090000.0,1215184450.0
2019-02-15,'603848,บรฬซฬซ,16.43,16.59,16.26,16.59,16.64,-0.21,-1.262,2.394,1702263,27896189.0,6588430000.0,1168255150.0
2019-02-14,'603848,บรฬซฬซ,16.64,16.72,16.41,16.64,16.6,0.04,0.241,2.8996,2061757,34060116.0,6672640000.0,1183187200.0
2019-02-13,'603848,บรฬซฬซ,16.6,16.65,16.1,16.32,16.19,0.41,2.5324,4.7686,3390712,55503728.0,6656600000.0,1180343000.0
2019-02-12,'603848,บรฬซฬซ,16.19,16.31,15.91,16.15,16.22,-0.03,-0.185,3.2776,2330554,37569009.0,6492190000.0,1151189950.0
2019-02-11,'603848,บรฬซฬซ,16.22,16.3,15.83,16.08,16.05,0.17,1.0592,3.8283,2722125,43774090.0,6504220000.0,1153323100.0
2019-02-01,'603848,บรฬซฬซ,16.05,16.05,15.6,15.63,15.68,0.37,2.3597,1.8178,1292582,20589444.0,6436050000.0,1141235250.0
2019-01-31,'603848,บรฬซฬซ,15.68,15.93,15.51,15.76,15.75,-0.07,-0.4444,1.9954,1418800,22275305.0,6287680000.0,1114926400.0
2019-01-30,'603848,บรฬซฬซ,15.75,16.43,15.58,16.23,16.46,-0.71,-4.3135,2.5661,1824629,29335189.0,6315750000.0,1119903750.0
2019-01-29,'603848,บรฬซฬซ,16.46,16.58,15.98,16.5,16.5,-0.04,-0.2424,3.2077,2280831,37224431.0,6600460000.0,1170388300.0
2019-01-28,'603848,บรฬซฬซ,16.5,16.66,16.01,16.01,16.02,0.48,2.9963,4.9075,3489455,57144599.0,6616500000.0,1173232500.0
2019-01-25,'603848,บรฬซฬซ,16.02,16.12,15.64,15.9,15.76,0.26,1.6497,2.8422,2020937,32229116.0,6424020000.0,1139102100.0
2019-01-24,'603848,บรฬซฬซ,15.76,16.09,15.7,15.8,15.79,-0.03,-0.19,1.8547,1318766,20940492.0,6319760000.0,1120614800.0
2019-01-23,'603848,บรฬซฬซ,15.79,15.9,15.6,15.89,15.8,-0.01,-0.0633,0.9009,640551,10079332.0,6331790000.0,1122747950.0
2019-01-22,'603848,บรฬซฬซ,15.8,15.96,15.64,15.9,15.89,-0.09,-0.5664,2.0571,1462730,23046441.0,6335800000.0,1123459000.0
2019-01-21,'603848,บรฬซฬซ,15.89,16.1,15.54,15.69,15.69,0.2,1.2747,3.2129,2284555,36315904.0,6371890000.0,1129858450.0
2019-01-18,'603848,บรฬซฬซ,15.69,15.7,15.13,15.24,15.24,0.45,2.9528,2.5401,1806136,27965037.0,6291690000.0,1115637450.0
2019-01-17,'603848,บรฬซฬซ,15.24,15.45,15.14,15.35,15.4,-0.16,-1.039,1.4204,1009970,15394275.0,6111240000.0,1083640200.0
2019-01-16,'603848,บรฬซฬซ,15.4,15.59,15.35,15.59,15.55,-0.15,-0.9646,1.1303,803670,12380768.0,6175400000.0,1095017000.0
2019-01-15,'603848,บรฬซฬซ,15.55,15.55,15.21,15.41,15.5,0.05,0.3226,1.9084,1356934,20864294.0,6235550000.0,1105682750.0
2019-01-14,'603848,บรฬซฬซ,15.5,15.73,15.3,15.7,15.7,-0.2,-1.2739,1.2669,900800,13922444.0,6215500000.0,1102127500.0
2019-01-11,'603848,บรฬซฬซ,15.7,15.8,15.43,15.65,15.63,0.07,0.4479,1.7169,1220777,18994596.0,6295700000.0,1116348500.0
2019-01-10,'603848,บรฬซฬซ,15.63,16.0,15.62,15.99,15.9,-0.27,-1.6981,2.0441,1453492,22886054.0,6267630000.0,1111371150.0
2019-01-09,'603848,บรฬซฬซ,15.9,16.11,15.6,15.65,15.7,0.2,1.2739,3.9461,2805879,44526449.0,6375900000.0,1130569500.0
2019-01-08,'603848,บรฬซฬซ,15.7,15.83,15.41,15.44,15.5,0.2,1.2903,2.3413,1664773,26078961.0,6295700000.0,1116348500.0
2019-01-07,'603848,บรฬซฬซ,15.5,15.65,15.36,15.65,15.46,0.04,0.2587,2.1484,1527596,23630330.0,6215500000.0,1102127500.0
2019-01-04,'603848,บรฬซฬซ,15.46,15.58,14.75,15.04,15.2,0.26,1.7105,2.8117,1999243,30501702.0,6199460000.0,1099283300.0
2019-01-03,'603848,บรฬซฬซ,15.2,15.37,14.9,15.37,15.37,-0.17,-1.1061,1.9146,1361392,20545149.0,6095200000.0,1080796000.0
2019-01-02,'603848,บรฬซฬซ,15.37,15.38,15.05,15.25,15.11,0.26,1.7207,1.6811,1195338,18176697.0,6163370000.0,1092883850.0
2018-12-28,'603848,บรฬซฬซ,15.11,15.18,14.67,14.7,14.7,0.41,2.7891,2.2616,1608137,24106318.0,6059110000.0,1074396550.0
2018-12-27,'603848,บรฬซฬซ,14.7,15.56,14.51,15.45,15.28,-0.58,-3.7958,1.9043,1354077,20368022.0,5894700000.0,1045243500.0
2018-12-26,'603848,บรฬซฬซ,15.28,15.39,15.05,15.29,15.4,-0.12,-0.7792,1.2927,919198,13978069.0,6127280000.0,1086484400.0
2018-12-25,'603848,บรฬซฬซ,15.4,15.49,14.9,15.49,15.64,-0.24,-1.5345,1.7882,1271526,19316266.0,6175400000.0,1095017000.0
2018-12-24,'603848,บรฬซฬซ,15.64,15.8,15.41,15.67,15.65,-0.01,-0.0639,1.2578,894326,13962700.0,6271640000.0,1112082200.0
2018-12-21,'603848,บรฬซฬซ,15.65,15.66,15.1,15.51,15.66,-0.01,-0.0639,2.3869,1697239,26165012.0,6275650000.0,1112793250.0
2018-12-20,'603848,บรฬซฬซ,15.66,15.82,15.49,15.82,15.72,-0.06,-0.3817,1.906,1355243,21196702.0,6279660000.0,1113504300.0
2018-12-19,'603848,บรฬซฬซ,15.72,16.06,15.65,15.8,15.84,-0.12,-0.7576,3.0076,2138574,33841298.0,6303720000.0,1117770600.0
2018-12-18,'603848,บรฬซฬซ,15.84,15.96,15.2,15.39,15.4,0.44,2.8571,4.8144,3423254,53198723.0,6351840000.0,1126303200.0
2018-12-17,'603848,บรฬซฬซ,15.4,15.44,14.81,14.81,14.92,0.48,3.2172,2.2343,1588728,24060042.0,6175400000.0,1095017000.0
2018-12-14,'603848,บรฬซฬซ,14.92,15.59,14.84,15.5,15.67,-0.75,-4.7862,2.5974,1846900,28118533.0,5982920000.0,1060886600.0
2018-12-13,'603848,บรฬซฬซ,15.67,15.72,15.2,15.61,15.47,0.2,1.2928,3.2805,2332606,36182045.0,6283670000.0,1114215350.0
2018-12-12,'603848,บรฬซฬซ,15.47,15.68,15.16,15.16,15.17,0.3,1.9776,3.5868,2550416,39405186.0,6203470000.0,1099994350.0
2018-12-11,'603848,บรฬซฬซ,15.17,15.28,15.08,15.2,15.2,-0.03,-0.1974,1.8694,1329228,20140427.0,6083170000.0,1078662850.0
2018-12-10,'603848,บรฬซฬซ,15.2,15.25,14.84,15.08,15.1,0.1,0.6623,3.2462,2308183,34854664.0,6095200000.0,1080796000.0
2018-12-07,'603848,บรฬซฬซ,15.1,15.29,14.32,14.32,14.31,0.79,5.5206,2.7483,1954210,28933794.0,6055100000.0,1073685500.0
2018-12-06,'603848,บรฬซฬซ,14.31,14.67,14.19,14.52,14.66,-0.35,-2.3874,1.2142,863354,12442762.0,5738310000.0,1017512550.0
2018-12-05,'603848,บรฬซฬซ,14.66,14.78,14.12,14.12,14.61,0.05,0.3422,1.981,1408558,20460940.0,5878660000.0,1042399300.0
2018-12-04,'603848,บรฬซฬซ,14.61,14.82,14.45,14.6,14.6,0.01,0.0685,1.4616,1039300,15212997.0,5858610000.0,1038844050.0
2018-12-03,'603848,บรฬซฬซ,14.6,14.84,14.32,14.35,14.01,0.59,4.2113,2.2396,1592441,23283460.0,5854600000.0,1038133000.0
2018-11-30,'603848,บรฬซฬซ,14.01,14.1,13.7,14.1,14.03,-0.02,-0.1426,2.682,1099612,15335801.0,5618010000.0,574410000.0
2018-11-29,'603848,บรฬซฬซ,14.03,14.42,14.01,14.31,14.3,-0.27,-1.8881,2.9858,1224165,17471516.0,5626030000.0,575230000.0
2018-11-28,'603848,บรฬซฬซ,14.3,14.53,13.81,14.4,14.47,-0.17,-1.1748,3.9403,1615542,22853532.0,5734300000.0,586300000.0
2018-11-27,'603848,บรฬซฬซ,14.47,14.59,14.3,14.38,14.38,0.09,0.6259,1.748,716700,10342166.0,5802470000.0,593270000.0
2018-11-26,'603848,บรฬซฬซ,14.38,14.86,14.25,14.85,14.86,-0.48,-3.2301,3.3758,1384083,20066637.0,5766380000.0,589580000.0
2018-11-23,'603848,บรฬซฬซ,14.86,15.44,14.85,15.29,15.31,-0.45,-2.9393,3.5342,1449029,21761921.0,5958860000.0,609260000.0
2018-11-22,'603848,บรฬซฬซ,15.31,15.62,15.3,15.39,15.36,-0.05,-0.3255,3.3917,1390595,21460419.0,6139310000.0,627710000.0
2018-11-21,'603848,บรฬซฬซ,15.36,15.43,15.02,15.35,15.37,-0.01,-0.0651,3.0164,1236739,18852212.0,6159360000.0,629760000.0
2018-11-20,'603848,บรฬซฬซ,15.37,15.98,15.31,15.85,15.98,-0.61,-3.8173,4.7446,1945270,30436523.0,6163370000.0,630170000.0
2018-11-19,'603848,บรฬซฬซ,15.98,16.37,15.82,16.37,16.26,-0.28,-1.722,4.3272,1774137,28351238.0,6407980000.0,655180000.0
2018-11-16,'603848,บรฬซฬซ,16.26,16.49,15.7,15.89,15.85,0.41,2.5868,7.1419,2928183,47175900.0,6520260000.0,666660000.0
2018-11-15,'603848,บรฬซฬซ,15.85,16.08,14.97,15.15,15.15,0.7,4.6205,8.5698,3513617,54951325.0,6355850000.0,649850000.0
2018-11-14,'603848,บรฬซฬซ,15.15,15.41,14.95,15.4,15.48,-0.33,-2.1318,5.5534,2276914,34561109.0,6075150000.0,621150000.0
2018-11-13,'603848,บรฬซฬซ,15.48,15.78,14.99,15.06,15.48,0.0,0.0,7.5424,3092377,47637112.0,6207480000.0,634680000.0
2018-11-12,'603848,บรฬซฬซ,15.48,15.5,14.3,14.53,14.34,1.14,7.9498,6.9984,2869336,42781364.0,6207480000.0,634680000.0
2018-11-09,'603848,บรฬซฬซ,14.34,14.44,14.19,14.3,14.35,-0.01,-0.0697,2.2629,927800,13269980.0,5750340000.0,587940000.0
2018-11-08,'603848,บรฬซฬซ,14.35,14.61,14.3,14.61,14.38,-0.03,-0.2086,2.6643,1092383,15760454.0,5754350000.0,588350000.0
2018-11-07,'603848,บรฬซฬซ,14.38,14.64,14.33,14.43,14.45,-0.07,-0.4844,3.6907,1513200,21951067.0,5766380000.0,589580000.0
2018-11-06,'603848,บรฬซฬซ,14.45,14.56,14.09,14.38,14.51,-0.06,-0.4135,4.7933,1965272,28115893.0,5794450000.0,592450000.0
2018-11-05,'603848,บรฬซฬซ,14.51,14.89,14.22,14.89,14.75,-0.24,-1.6271,5.5966,2294624,33350573.0,5818510000.0,594910000.0
2018-11-02,'603848,บรฬซฬซ,14.75,14.78,14.37,14.58,14.42,0.33,2.2885,5.4555,2236751,32646169.0,5914750000.0,604750000.0
2018-11-01,'603848,บรฬซฬซ,14.42,14.58,13.79,13.83,13.88,0.54,3.8905,6.3616,2608265,37388415.0,5782420000.0,591220000.0
2018-10-31,'603848,บรฬซฬซ,13.88,14.32,13.35,13.44,13.41,0.47,3.5048,4.6031,1887283,26298227.0,5565880000.0,569080000.0
2018-10-30,'603848,บรฬซฬซ,13.41,13.58,13.0,13.18,13.3,0.11,0.8271,2.2202,910289,12129289.0,5377410000.0,549810000.0
2018-10-29,'603848,บรฬซฬซ,13.3,13.7,13.18,13.59,13.63,-0.33,-2.4211,2.5666,1052300,14057160.0,5333300000.0,545300000.0
2018-10-26,'603848,บรฬซฬซ,13.63,13.99,13.63,13.71,13.59,0.04,0.2943,2.7772,1138655,15687747.0,5465630000.0,558830000.0
2018-10-25,'603848,บรฬซฬซ,13.59,13.72,13.2,13.49,14.06,-0.47,-3.3428,3.498,1434187,19345390.0,5449590000.0,557190000.0
2018-10-24,'603848,บรฬซฬซ,14.06,14.43,14.0,14.09,14.25,-0.19,-1.3333,2.4384,999743,14153852.0,5638060000.0,576460000.0
2018-10-23,'603848,บรฬซฬซ,14.25,14.58,14.12,14.58,14.49,-0.24,-1.6563,2.3919,980697,14037015.0,5714250000.0,584250000.0
2018-10-22,'603848,บรฬซฬซ,14.49,14.69,13.65,13.82,13.68,0.81,5.9211,5.617,2302958,33099849.0,5810490000.0,594090000.0
2018-10-19,'603848,บรฬซฬซ,13.68,13.8,12.8,13.02,13.31,0.37,2.7799,3.5971,1474811,19737285.0,5485680000.0,560880000.0
2018-10-18,'603848,บรฬซฬซ,13.31,13.89,13.22,13.89,13.89,-0.58,-4.1757,2.1856,896083,12075032.0,5337310000.0,545710000.0
2018-10-17,'603848,บรฬซฬซ,13.89,13.94,13.48,13.85,13.65,0.24,1.7582,2.6937,1104406,15199472.0,5569890000.0,569490000.0
2018-10-16,'603848,บรฬซฬซ,13.65,14.28,13.3,13.99,14.13,-0.48,-3.397,3.3629,1378806,19019149.0,5473650000.0,559650000.0
2018-10-15,'603848,บรฬซฬซ,14.13,14.62,13.9,14.38,14.5,-0.37,-2.5517,4.0802,1672900,23858724.0,5666130000.0,579330000.0
2018-10-12,'603848,บรฬซฬซ,14.5,14.65,13.25,14.08,14.23,0.27,1.8974,6.0592,2484258,34446645.0,5814500000.0,594500000.0
2018-10-11,'603848,บรฬซฬซ,14.23,14.89,14.2,14.8,15.75,-1.52,-9.6508,5.591,2292313,33236218.0,5706230000.0,583430000.0
2018-10-10,'603848,บรฬซฬซ,15.75,15.86,15.37,15.69,15.55,0.2,1.2862,2.5471,1044313,16351313.0,6315750000.0,645750000.0
2018-10-09,'603848,บรฬซฬซ,15.55,15.77,15.36,15.46,15.45,0.1,0.6472,2.2629,927800,14429003.0,6235550000.0,637550000.0
2018-10-08,'603848,บรฬซฬซ,15.45,16.34,15.33,16.3,16.57,-1.12,-6.7592,3.7929,1555100,24392341.0,6195450000.0,633450000.0
2018-09-28,'603848,บรฬซฬซ,16.57,16.59,16.36,16.52,16.42,0.15,0.9135,2.6654,1092800,18025858.0,6644570000.0,679370000.0
2018-09-27,'603848,บรฬซฬซ,16.42,16.79,16.35,16.7,16.7,-0.28,-1.6766,3.8252,1568343,25896994.0,6584420000.0,673220000.0
2018-09-26,'603848,บรฬซฬซ,16.7,16.8,16.36,16.65,16.63,0.07,0.4209,4.4358,1818694,30263934.0,6696700000.0,684700000.0
2018-09-25,'603848,บรฬซฬซ,16.63,16.7,16.32,16.63,16.64,-0.01,-0.0601,3.4878,1429996,23634692.0,6668630000.0,681830000.0
2018-09-21,'603848,บรฬซฬซ,16.64,16.79,16.34,16.34,16.32,0.32,1.9608,4.9435,2026852,33672899.0,6672640000.0,682240000.0
2018-09-20,'603848,บรฬซฬซ,16.32,16.99,16.26,16.92,16.66,-0.34,-2.0408,5.2439,2150000,35460281.0,6544320000.0,669120000.0
2018-09-19,'603848,บรฬซฬซ,16.66,17.3,15.61,15.8,15.73,0.93,5.9123,9.1101,3735137,61930440.0,6680660000.0,683060000.0
2018-09-18,'603848,บรฬซฬซ,15.73,15.8,15.26,15.3,15.25,0.48,3.1475,3.2673,1339581,20884927.0,6307730000.0,644930000.0
2018-09-17,'603848,บรฬซฬซ,15.25,15.8,15.1,15.8,15.88,-0.63,-3.9673,2.9009,1189381,18344773.0,6115250000.0,625250000.0
2018-09-14,'603848,บรฬซฬซ,15.88,16.19,15.65,16.08,16.06,-0.18,-1.1208,3.2898,1348806,21487030.0,6367880000.0,651080000.0
2018-09-13,'603848,บรฬซฬซ,16.06,16.24,15.81,16.17,15.85,0.21,1.3249,3.2873,1347789,21600791.0,6440060000.0,658460000.0
2018-09-12,'603848,บรฬซฬซ,15.85,16.1,15.53,15.85,15.8,0.05,0.3165,3.4112,1398600,22201289.0,6355850000.0,649850000.0
2018-09-11,'603848,บรฬซฬซ,15.8,15.98,15.55,15.75,15.7,0.1,0.6369,2.0996,860847,13532729.0,6335800000.0,647800000.0
2018-09-10,'603848,บรฬซฬซ,15.7,16.46,15.66,16.27,16.46,-0.76,-4.6173,3.4729,1423906,22668866.0,6295700000.0,643700000.0
2018-09-07,'603848,บรฬซฬซ,16.46,16.95,16.27,16.27,16.26,0.2,1.23,3.3306,1365535,22634697.0,6600460000.0,674860000.0
2018-09-06,'603848,บรฬซฬซ,16.26,16.74,16.19,16.58,16.61,-0.35,-2.1072,3.2188,1319707,21674217.0,6520260000.0,666660000.0
2018-09-05,'603848,บรฬซฬซ,16.61,16.98,16.55,16.7,16.7,-0.09,-0.5389,3.1147,1277047,21451047.0,6660610000.0,681010000.0
2018-09-04,'603848,บรฬซฬซ,16.7,16.8,16.25,16.42,16.5,0.2,1.2121,3.6637,1502100,24901331.0,6696700000.0,684700000.0
2018-09-03,'603848,บรฬซฬซ,16.5,17.2,16.0,17.2,17.12,-0.62,-3.6215,6.134,2514934,41024106.0,6616500000.0,676500000.0
2018-08-31,'603848,บรฬซฬซ,17.12,17.59,17.08,17.39,17.5,-0.38,-2.1714,3.3027,1354110,23424270.0,6865120000.0,701920000.0
2018-08-30,'603848,บรฬซฬซ,17.5,18.06,17.47,17.9,17.99,-0.49,-2.7237,3.6102,1480200,26204307.0,7017500000.0,717500000.0
2018-08-29,'603848,บรฬซฬซ,17.99,18.13,17.7,18.08,18.08,-0.09,-0.4978,3.0626,1255670,22546085.0,7213990000.0,737590000.0
2018-08-28,'603848,บรฬซฬซ,18.08,18.35,17.9,18.06,18.07,0.01,0.0553,4.4306,1816546,32832543.0,7250080000.0,741280000.0
2018-08-27,'603848,บรฬซฬซ,18.07,18.1,17.25,17.36,17.36,0.71,4.0899,6.5624,2690580,47947150.0,7246070000.0,740870000.0
2018-08-24,'603848,บรฬซฬซ,17.36,18.0,17.2,18.0,17.94,-0.58,-3.233,5.9772,2450670,42690248.0,6961360000.0,711760000.0
2018-08-23,'603848,บรฬซฬซ,17.94,18.0,17.55,17.7,17.53,0.41,2.3388,3.7672,1544557,27515963.0,7193940000.0,735540000.0
2018-08-22,'603848,บรฬซฬซ,17.53,18.17,17.45,17.92,17.99,-0.46,-2.557,3.0749,1260721,22320857.0,7029530000.0,718730000.0
2018-08-21,'603848,บรฬซฬซ,17.99,18.2,17.48,17.74,17.74,0.25,1.4092,4.0012,1640500,29421650.0,7213990000.0,737590000.0
2018-08-20,'603848,บรฬซฬซ,17.74,18.07,17.18,17.75,17.83,-0.09,-0.5048,4.1321,1694143,29774970.0,7113740000.0,727340000.0
2018-08-17,'603848,บรฬซฬซ,17.83,18.9,17.81,18.78,18.6,-0.77,-4.1398,3.5556,1457800,26545343.0,7149830000.0,731030000.0
2018-08-16,'603848,บรฬซฬซ,18.6,18.98,18.05,18.6,18.71,-0.11,-0.5879,2.0483,839820,15619033.0,7458600000.0,762600000.0
2018-08-15,'603848,บรฬซฬซ,18.71,19.45,18.7,19.09,19.25,-0.54,-2.8052,3.091,1267330,23931223.0,7502710000.0,767110000.0
2018-08-14,'603848,บรฬซฬซ,19.25,19.39,19.04,19.32,19.32,-0.07,-0.3623,2.3761,974196,18733384.0,7719250000.0,789250000.0
2018-08-13,'603848,บรฬซฬซ,19.32,19.47,18.5,18.97,19.31,0.01,0.0518,3.3592,1377283,26111536.0,7747320000.0,792120000.0
2018-08-10,'603848,บรฬซฬซ,19.31,19.49,18.95,19.2,19.23,0.08,0.416,4.1888,1717390,33017211.0,7743310000.0,791710000.0
2018-08-09,'603848,บรฬซฬซ,19.23,19.71,18.41,18.68,18.71,0.52,2.7793,4.9585,2033001,39201480.0,7711230000.0,788430000.0
2018-08-08,'603848,บรฬซฬซ,18.71,19.08,18.48,18.8,19.02,-0.31,-1.6299,4.739,1942990,36533779.0,7502710000.0,767110000.0
2018-08-07,'603848,บรฬซฬซ,19.02,19.1,17.96,18.26,18.23,0.79,4.3335,6.1201,2509257,46830179.0,7627020000.0,779820000.0
2018-08-06,'603848,บรฬซฬซ,18.23,18.58,17.51,18.37,18.45,-0.22,-1.1924,8.2642,3388313,60933676.0,7310230000.0,747430000.0
2018-08-03,'603848,บรฬซฬซ,18.45,19.45,18.4,19.45,19.39,-0.94,-4.8479,5.9979,2459159,46050395.0,7398450000.0,756450000.0
2018-08-02,'603848,บรฬซฬซ,19.39,20.19,18.97,20.0,20.36,-0.97,-4.7642,5.0244,2059997,39862427.0,7775390000.0,794990000.0
2018-08-01,'603848,บรฬซฬซ,20.36,21.24,20.09,20.94,20.94,-0.58,-2.7698,5.0604,2074780,42672068.0,8164360000.0,834760000.0
2018-07-31,'603848,บรฬซฬซ,20.94,21.59,20.35,21.47,21.47,-0.53,-2.4686,3.5427,1452524,30485601.0,8396940000.0,858540000.0
2018-07-30,'603848,บรฬซฬซ,21.47,21.85,21.3,21.69,21.53,-0.06,-0.2787,2.1034,862400,18621596.0,8609470000.0,880270000.0
2018-07-27,'603848,บรฬซฬซ,21.53,22.3,21.5,21.99,22.28,-0.75,-3.3662,3.6769,1507540,32883115.0,8633530000.0,882730000.0
2018-07-26,'603848,บรฬซฬซ,22.28,23.1,22.18,22.73,22.77,-0.49,-2.152,3.2531,1333763,30005449.0,8934280000.0,913480000.0
2018-07-25,'603848,บรฬซฬซ,22.77,23.46,22.6,23.46,23.33,-0.56,-2.4003,3.8007,1558297,35694781.0,9130770000.0,933570000.0
2018-07-24,'603848,บรฬซฬซ,23.33,23.6,22.72,22.89,22.9,0.43,1.8777,5.4479,2233624,51867893.0,9355330000.0,956530000.0
2018-07-23,'603848,บรฬซฬซ,22.9,22.98,22.32,22.7,22.5,0.4,1.7778,4.0465,1659083,37773508.0,9182900000.0,938900000.0
2018-07-20,'603848,บรฬซฬซ,22.5,22.61,21.76,22.14,22.05,0.45,2.0408,4.9725,2038708,45534374.0,9022500000.0,922500000.0
2018-07-19,'603848,บรฬซฬซ,22.05,22.8,22.0,22.01,22.67,-0.62,-2.7349,4.4485,1823868,40512325.0,8842050000.0,904050000.0
2018-07-18,'603848,บรฬซฬซ,22.67,23.46,22.65,23.26,23.26,-0.59,-2.5365,5.2028,2133157,48872689.0,9090670000.0,929470000.0
2018-07-17,'603848,บรฬซฬซ,23.26,23.35,22.51,22.51,22.69,0.57,2.5121,6.4,2624008,60137129.0,9327260000.0,953660000.0
2018-07-16,'603848,บรฬซฬซ,22.69,23.12,22.49,22.67,22.99,-0.3,-1.3049,4.1119,1685894,38242259.0,9098690000.0,930290000.0
2018-07-13,'603848,บรฬซฬซ,22.99,23.4,22.2,22.55,22.63,0.36,1.5908,8.0995,3320797,75781703.0,9218990000.0,942590000.0
2018-07-12,'603848,บรฬซฬซ,22.63,22.91,21.91,22.01,21.98,0.65,2.9572,7.9977,3279042,73894228.0,9074630000.0,927830000.0
2018-07-11,'603848,บรฬซฬซ,21.98,22.2,21.11,21.8,22.38,-0.4,-1.7873,6.7724,2776667,60043674.0,8813980000.0,901180000.0
2018-07-10,'603848,บรฬซฬซ,22.38,23.0,21.81,22.37,22.19,0.19,0.8562,7.8883,3234204,72217568.0,8974380000.0,917580000.0
2018-07-09,'603848,บรฬซฬซ,22.19,22.58,20.67,21.04,20.64,1.55,7.5097,10.314,4228747,91344088.0,8898190000.0,909790000.0
2018-07-06,'603848,บรฬซฬซ,20.64,21.41,19.34,20.4,19.66,0.98,4.9847,12.8671,5275505,107078224.0,8276640000.0,846240000.0
2018-07-05,'603848,บรฬซฬซ,19.66,21.06,19.21,20.7,20.8,-1.14,-5.4808,9.7422,3994315,80776531.0,7883660000.0,806060000.0
2018-07-04,'603848,บรฬซฬซ,20.8,22.7,20.64,22.18,22.77,-1.97,-8.6517,9.5343,3909067,83884781.0,8340800000.0,852800000.0
2018-07-03,'603848,บรฬซฬซ,22.77,24.2,21.58,24.1,23.4,-0.63,-2.6923,11.1371,4566205,103550844.0,9130770000.0,933570000.0
2018-07-02,'603848,บรฬซฬซ,23.4,24.47,23.2,23.79,23.69,-0.29,-1.2241,7.2303,2964418,70796101.0,9383400000.0,959400000.0
2018-06-29,'603848,บรฬซฬซ,23.69,23.8,22.54,22.54,22.64,1.05,4.6378,7.2546,2974396,68787240.0,9499690000.0,971290000.0
2018-06-28,'603848,บรฬซฬซ,22.64,23.83,22.5,23.2,23.44,-0.8,-3.413,3.8289,1569834,36801319.0,9078640000.0,928240000.0
2018-06-27,'603848,บรฬซฬซ,23.44,24.68,23.3,24.39,24.52,-1.08,-4.4046,4.1784,1713148,40900647.0,9399440000.0,961040000.0
2018-06-26,'603848,บรฬซฬซ,24.52,24.54,23.5,23.94,24.56,-0.04,-0.1629,4.5238,1854754,44625016.0,9832520000.0,1005320000.0
2018-06-25,'603848,บรฬซฬซ,24.56,25.14,24.38,25.0,24.87,-0.31,-1.2465,5.1652,2117746,52394070.0,9848560000.0,1006960000.0
2018-06-22,'603848,บรฬซฬซ,24.87,25.25,23.0,23.75,24.3,0.57,2.3457,8.2094,3365847,82668088.0,9972870000.0,1019670000.0
2018-06-21,'603848,บรฬซฬซ,24.3,24.49,23.5,23.5,23.85,0.45,1.8868,8.1631,3346888,80671414.0,9744300000.0,996300000.0
2018-06-20,'603848,บรฬซฬซ,23.85,23.96,22.18,22.67,22.58,1.27,5.6244,7.2981,2992230,69427899.0,9563850000.0,977850000.0
2018-06-19,'603848,XDบรฬซฬซ,22.58,23.89,22.42,23.21,23.81,-1.23,-5.1659,7.0815,2903433,66629045.0,9054580000.0,925780000.0
2018-06-15,'603848,บรฬซฬซ,23.96,24.33,23.12,24.33,24.34,-0.38,-1.5612,5.2673,2159580,51410789.0,9607960000.0,982360000.0
2018-06-14,'603848,บรฬซฬซ,24.34,25.04,23.82,24.55,24.22,0.12,0.4955,7.4592,3058258,74811325.0,9760340000.0,997940000.0
2018-06-13,'603848,บรฬซฬซ,24.22,24.97,23.8,24.8,24.89,-0.67,-2.6918,5.4311,2226751,54414725.0,9712220000.0,993020000.0
2018-06-12,'603848,บรฬซฬซ,24.89,25.14,23.63,24.85,24.85,0.04,0.161,11.4334,4687700,114866825.0,9980890000.0,1020490000.0
2018-06-11,'603848,บรฬซฬซ,24.85,26.8,24.21,26.8,26.9,-2.05,-7.6208,13.3445,5471245,137440257.0,9964850000.0,1018850000.0
2018-06-08,'603848,บรฬซฬซ,26.9,26.95,26.3,26.77,26.59,0.31,1.1659,6.6324,2719280,72724466.0,10786900000.0,1102900000.0
2018-06-07,'603848,บรฬซฬซ,26.59,27.85,26.16,27.76,27.64,-1.05,-3.7988,11.1457,4569724,122084115.0,10662590000.0,1090190000.0
2018-06-06,'603848,บรฬซฬซ,27.64,28.47,27.21,28.0,28.22,-0.58,-2.0553,8.1679,3348831,92621463.0,11083640000.0,1133240000.0
2018-06-05,'603848,บรฬซฬซ,28.22,28.35,26.14,26.8,26.77,1.45,5.4165,12.0493,4940233,134966718.0,11316220000.0,1157020000.0
2018-06-04,'603848,บรฬซฬซ,26.77,27.7,25.14,27.7,27.92,-1.15,-4.1189,16.1192,6608863,174261542.0,10734770000.0,1097570000.0
2018-06-01,'603848,บรฬซฬซ,27.92,29.85,27.05,28.64,28.45,-0.53,-1.8629,14.2228,5831331,166259701.0,11195920000.0,1144720000.0
2018-05-31,'603848,บรฬซฬซ,28.45,29.45,27.52,27.9,27.42,1.03,3.7564,13.9806,5732032,162939685.0,11408450000.0,1166450000.0
2018-05-30,'603848,บรฬซฬซ,27.42,28.71,26.15,26.68,27.44,-0.02,-0.0729,11.3728,4662854,127661173.0,10995420000.0,1124220000.0
2018-05-29,'603848,บรฬซฬซ,27.44,29.26,27.1,28.35,28.31,-0.87,-3.0731,15.3739,6303310,178081739.0,11003440000.0,1125040000.0
2018-05-28,'603848,บรฬซฬซ,28.31,28.48,25.71,26.3,26.63,1.68,6.3087,15.2137,6237625,170165966.0,11352310000.0,1160710000.0
2018-05-25,'603848,บรฬซฬซ,26.63,27.03,26.15,26.2,26.49,0.14,0.5285,6.9839,2863389,76279911.0,10678630000.0,1091830000.0
2018-05-24,'603848,บรฬซฬซ,26.49,26.86,26.0,26.37,26.18,0.31,1.1841,7.2146,2957983,78025966.0,10622490000.0,1086090000.0
2018-05-23,'603848,บรฬซฬซ,26.18,27.16,26.01,27.06,27.29,-1.11,-4.0674,14.0815,5773420,153912369.0,10498180000.0,1073380000.0
2018-05-22,'603848,บรฬซฬซ,27.29,27.42,24.77,24.78,24.93,2.36,9.4665,22.4295,9196098,245525568.0,10943290000.0,1118890000.0
2018-05-21,'603848,บรฬซฬซ,24.93,25.09,23.91,24.21,24.52,0.41,1.6721,10.5482,4324750,106361428.0,9996930000.0,1022130000.0
2018-05-18,'603848,บรฬซฬซ,24.52,25.48,23.79,24.2,24.13,0.39,1.6162,15.5317,6367983,156258333.0,9832520000.0,1005320000.0
2018-05-17,'603848,บรฬซฬซ,24.13,24.3,23.28,24.0,24.15,-0.02,-0.0828,8.99,3685891,87929867.0,9676130000.0,989330000.0
2018-05-16,'603848,บรฬซฬซ,24.15,24.62,23.36,23.75,23.93,0.22,0.9193,14.2366,5836996,140760096.0,9684150000.0,990150000.0
2018-05-15,'603848,บรฬซฬซ,23.93,24.46,22.58,22.58,22.67,1.26,5.558,17.951,7359911,173045119.0,9595930000.0,981130000.0
2018-05-14,'603848,บรฬซฬซ,22.67,22.85,21.21,21.6,22.06,0.61,2.7652,10.957,4492379,99319437.0,9090670000.0,929470000.0
2018-05-11,'603848,บรฬซฬซ,22.06,22.7,21.9,21.9,22.08,-0.02,-0.0906,7.9704,3267884,72962443.0,8846060000.0,904460000.0
2018-05-10,'603848,บรฬซฬซ,22.08,22.15,21.65,22.0,21.98,0.1,0.455,6.3677,2610759,57236892.0,8854080000.0,905280000.0
2018-05-09,'603848,บรฬซฬซ,21.98,22.1,21.52,22.0,21.91,0.07,0.3195,8.391,3440322,74998021.0,8813980000.0,901180000.0
2018-05-08,'603848,บรฬซฬซ,21.91,23.0,21.8,22.1,22.29,-0.38,-1.7048,11.4403,4690521,104421863.0,8785910000.0,898310000.0
2018-05-07,'603848,บรฬซฬซ,22.29,22.46,21.68,21.7,21.73,0.56,2.5771,14.5335,5958743,131580741.0,8938290000.0,913890000.0
2018-05-04,'603848,บรฬซฬซ,21.73,23.5,21.7,23.0,22.34,-0.61,-2.7305,15.3794,6305550,141452052.0,8713730000.0,890930000.0
2018-05-03,'603848,บรฬซฬซ,22.34,22.49,21.31,22.12,21.69,0.65,2.9968,17.6197,7224079,158749473.0,8958340000.0,915940000.0
2018-05-02,'603848,บรฬซฬซ,21.69,22.28,20.8,20.8,20.58,1.11,5.3936,21.2467,8711152,187540908.0,8697690000.0,889290000.0
2018-04-27,'603848,บรฬซฬซ,20.58,20.62,19.8,20.0,19.98,0.6,3.003,8.9373,3664300,74137665.0,8252580000.0,843780000.0
2018-04-26,'603848,บรฬซฬซ,19.98,20.69,19.6,20.44,20.44,-0.46,-2.2505,7.8675,3225694,65132858.0,8011980000.0,819180000.0
2018-04-25,'603848,บรฬซฬซ,20.44,20.95,19.99,20.0,20.2,0.24,1.1881,10.072,4129534,85022458.0,8196440000.0,838040000.0
2018-04-24,'603848,บรฬซฬซ,20.2,20.24,19.5,19.55,19.52,0.68,3.4836,10.9405,4485623,89350473.0,8100200000.0,828200000.0
2018-04-23,'603848,บรฬซฬซ,19.52,20.67,19.25,20.15,20.56,-1.04,-5.0584,11.4667,4701366,92928248.0,7827520000.0,800320000.0
2018-04-20,'603848,บรฬซฬซ,20.56,20.79,20.16,20.33,20.49,0.07,0.3416,9.62,3944211,80848257.0,8244560000.0,842960000.0
2018-04-19,'603848,บรฬซฬซ,20.49,21.35,20.45,20.94,21.38,-0.89,-4.1628,15.894,6516559,135599357.0,8216490000.0,840090000.0
2018-04-18,'603848,บรฬซฬซ,21.38,21.78,19.96,21.0,21.23,0.15,0.7065,24.2049,9924004,207197567.0,8573380000.0,876580000.0
2018-04-17,'603848,บรฬซฬซ,21.23,21.9,20.38,20.78,19.94,1.29,6.4694,38.3793,15735500,333704597.0,8513230000.0,870430000.0
2018-04-16,'603848,บรฬซฬซ,19.94,20.98,19.8,19.88,20.51,-0.57,-2.7791,17.7967,7296654,147627523.0,7995940000.0,817540000.0
2018-04-13,'603848,บรฬซฬซ,20.51,21.22,19.65,19.94,19.92,0.59,2.9618,33.2428,13629547,280854350.0,8224510000.0,840910000.0
2018-04-12,'603848,บรฬซฬซ,19.92,20.2,18.95,19.26,19.62,0.3,1.5291,27.9527,11460591,223385671.0,7987920000.0,816720000.0
2018-04-11,'603848,บรฬซฬซ,19.62,20.15,18.23,18.5,18.39,1.23,6.6884,30.6004,12546160,242216836.0,7867620000.0,804420000.0
2018-04-10,'603848,บรฬซฬซ,18.39,18.75,17.59,18.22,18.44,-0.05,-0.2711,15.0515,6171128,112712351.0,7374390000.0,753990000.0
2018-04-09,'603848,บรฬซฬซ,18.44,18.89,17.2,17.4,17.68,0.76,4.2986,17.1015,7011606,126967796.0,7394440000.0,756040000.0
2018-04-04,'603848,บรฬซฬซ,17.68,18.52,17.6,18.12,17.89,-0.21,-1.1738,12.0058,4922373,89304891.0,7089680000.0,724880000.0
2018-04-03,'603848,บรฬซฬซ,17.89,17.99,17.21,17.38,17.67,0.22,1.245,8.6023,3526953,61714197.0,7173890000.0,733490000.0
2018-04-02,'603848,บรฬซฬซ,17.67,18.0,17.48,17.86,17.82,-0.15,-0.8418,8.4081,3447340,61149445.0,7085670000.0,724470000.0
2018-03-30,'603848,บรฬซฬซ,17.82,17.95,17.3,17.5,17.35,0.47,2.7089,8.9639,3675216,64900205.0,7145820000.0,730620000.0
2018-03-29,'603848,บรฬซฬซ,17.35,17.47,16.95,16.95,16.88,0.47,2.7844,7.3413,3009950,52006261.0,6957350000.0,711350000.0
2018-03-28,'603848,บรฬซฬซ,16.88,17.25,16.8,16.9,17.13,-0.25,-1.4594,5.2092,2135764,36407011.0,6768880000.0,692080000.0
2018-03-27,'603848,บรฬซฬซ,17.13,17.47,17.03,17.19,16.85,0.28,1.6617,7.0196,2878050,49558788.0,6869130000.0,702330000.0
2018-03-26,'603848,บรฬซฬซ,16.85,16.92,15.2,16.32,16.66,0.19,1.1405,7.7417,3174098,51764889.0,6756850000.0,690850000.0
2018-03-23,'603848,บรฬซฬซ,16.66,17.8,16.66,16.9,18.51,-1.85,-9.9946,10.5552,4327619,74321001.0,6680660000.0,683060000.0
2018-03-22,'603848,บรฬซฬซ,18.51,18.75,18.07,18.74,18.42,0.09,0.4886,10.2525,4203509,77539629.0,7422510000.0,758910000.0
2018-03-21,'603848,บรฬซฬซ,18.42,18.82,18.02,18.13,18.17,0.25,1.3759,14.0432,5757725,106284252.0,7386420000.0,755220000.0
2018-03-20,'603848,บรฬซฬซ,18.17,18.35,17.51,17.9,18.23,-0.06,-0.3291,9.6499,3956474,71129711.0,7286170000.0,744970000.0
2018-03-19,'603848,บรฬซฬซ,18.23,18.65,17.02,17.1,17.26,0.97,5.6199,11.0294,4522070,81256439.0,7310230000.0,747430000.0
2018-03-16,'603848,บรฬซฬซ,17.26,17.65,17.22,17.32,17.33,-0.07,-0.4039,4.969,2037274,35585865.0,6921260000.0,707660000.0
2018-03-15,'603848,บรฬซฬซ,17.33,18.09,16.85,18.0,18.38,-1.05,-5.7127,10.4452,4282517,74784180.0,6949330000.0,710530000.0
2018-03-14,'603848,บรฬซฬซ,18.38,18.55,17.9,18.06,18.06,0.32,1.7719,7.6133,3121449,57009676.0,7370380000.0,753580000.0
2018-03-13,'603848,บรฬซฬซ,18.06,18.7,18.01,18.65,18.71,-0.65,-3.4741,10.4637,4290098,78463356.0,7242060000.0,740460000.0
2018-03-12,'603848,บรฬซฬซ,18.71,18.9,18.59,18.67,18.56,0.15,0.8082,10.6926,4383968,82006437.0,7502710000.0,767110000.0
2018-03-09,'603848,บรฬซฬซ,18.56,18.8,18.18,18.53,18.61,-0.05,-0.2687,11.5748,4745657,87655634.0,7442560000.0,760960000.0
2018-03-08,'603848,บรฬซฬซ,18.61,19.39,18.5,18.85,18.59,0.02,0.1076,17.261,7077022,133215830.0,7462610000.0,763010000.0
2018-03-07,'603848,บรฬซฬซ,18.59,19.22,17.4,18.07,17.79,0.8,4.4969,18.4078,7547202,136792400.0,7454590000.0,762190000.0
2018-03-06,'603848,บรฬซฬซ,17.79,17.86,17.09,17.1,17.07,0.72,4.2179,13.7934,5655292,99474308.0,7133790000.0,729390000.0
2018-03-05,'603848,บรฬซฬซ,17.07,17.1,16.63,16.63,16.62,0.45,2.7076,7.0557,2892845,48844800.0,6845070000.0,699870000.0
2018-03-02,'603848,บรฬซฬซ,16.62,16.97,16.58,16.9,16.99,-0.37,-2.1778,6.4778,2655912,44493256.0,6664620000.0,681420000.0
2018-03-01,'603848,บรฬซฬซ,16.99,17.07,16.53,16.63,16.81,0.18,1.0708,5.6109,2300455,38977766.0,6812990000.0,696590000.0
2018-02-28,'603848,บรฬซฬซ,16.81,17.22,16.68,17.22,17.4,-0.59,-3.3908,7.0961,2909395,49242909.0,6740810000.0,689210000.0
2018-02-27,'603848,บรฬซฬซ,17.4,17.52,17.0,17.0,17.24,0.16,0.9281,9.7678,4004812,69304023.0,6977400000.0,713400000.0
2018-02-26,'603848,บรฬซฬซ,17.24,17.57,16.94,16.94,16.66,0.58,3.4814,9.4703,3882815,67087329.0,6913240000.0,706840000.0
2018-02-23,'603848,บรฬซฬซ,16.66,16.68,16.31,16.48,16.47,0.19,1.1536,6.5331,2678582,44294170.0,6680660000.0,683060000.0
2018-02-22,'603848,บรฬซฬซ,16.47,16.5,16.05,16.2,16.01,0.46,2.8732,6.4921,2661780,43477834.0,6604470000.0,675270000.0
2018-02-14,'603848,บรฬซฬซ,16.01,16.19,15.8,15.9,15.9,0.11,0.6918,5.5968,2294678,36800099.0,6420010000.0,656410000.0
2018-02-13,'603848,บรฬซฬซ,15.9,16.35,15.86,16.08,16.03,-0.13,-0.811,7.9668,3266388,52447492.0,6375900000.0,651900000.0
2018-02-12,'603848,บรฬซฬซ,16.03,16.16,15.72,15.76,15.4,0.63,4.0909,8.6702,3554773,56608611.0,6428030000.0,657230000.0
2018-02-09,'603848,บรฬซฬซ,15.4,16.08,15.07,15.7,16.5,-1.1,-6.6667,10.4353,4278469,66958548.0,6175400000.0,631400000.0
2018-02-08,'603848,บรฬซฬซ,16.5,16.82,16.11,16.2,16.43,0.07,0.426,8.5469,3504225,58062136.0,6616500000.0,676500000.0
2018-02-07,'603848,บรฬซฬซ,16.43,16.76,15.3,16.7,16.2,0.23,1.4198,14.5186,5952622,96976372.0,6588430000.0,673630000.0
2018-02-06,'603848,บรฬซฬซ,16.2,17.46,16.2,17.2,18.0,-1.8,-10.0,15.2284,6243626,104699367.0,6496200000.0,664200000.0
2018-02-05,'603848,บรฬซฬซ,18.0,18.67,17.98,18.3,18.76,-0.76,-4.0512,11.5506,4735752,86485395.0,7218000000.0,738000000.0
2018-02-02,'603848,บรฬซฬซ,18.76,19.45,18.2,19.0,19.97,-1.21,-6.0591,15.9768,6550493,123445529.0,7522760000.0,769160000.0
2018-02-01,'603848,บรฬซฬซ,19.97,22.2,19.97,21.61,22.19,-2.22,-10.0045,23.6669,9703441,199422282.0,8007970000.0,818770000.0
2018-01-31,'603848,บรฬซฬซ,22.19,22.38,21.2,21.6,21.57,0.62,2.8744,24.7827,10160920,223656424.0,8898190000.0,909790000.0
2018-01-30,'603848,บรฬซฬซ,21.57,22.11,21.39,22.05,21.95,-0.38,-1.7312,10.989,4505478,97439798.0,8649570000.0,884370000.0
2018-01-29,'603848,บรฬซฬซ,21.95,22.25,21.01,21.8,21.8,0.15,0.6881,16.9752,6959833,151188605.0,8801950000.0,899950000.0
2018-01-26,'603848,บรฬซฬซ,21.8,22.5,21.67,22.28,22.88,-1.08,-4.7203,26.2272,10753172,237270239.0,8741800000.0,893800000.0
2018-01-25,'603848,บรฬซฬซ,22.88,24.04,22.63,23.4,23.4,-0.52,-2.2222,35.2944,14470692,336643226.0,9174880000.0,938080000.0
2018-01-24,'603848,บรฬซฬซ,23.4,23.98,22.73,22.73,22.92,0.48,2.0942,37.1051,15213087,357147234.0,9383400000.0,959400000.0
2018-01-23,'603848,บรฬซฬซ,22.92,23.35,22.49,22.84,23.16,-0.24,-1.0363,26.8646,11014503,252145956.0,9190920000.0,939720000.0
2018-01-22,'603848,บรฬซฬซ,23.16,23.86,22.5,23.7,24.23,-1.07,-4.416,42.9873,17624803,407373951.0,9287160000.0,949560000.0
2018-01-19,'603848,บรฬซฬซ,24.23,24.23,21.3,21.54,22.03,2.2,9.9864,60.4223,24773125,579391024.0,9716230000.0,993430000.0
2018-01-18,'603848,บรฬซฬซ,22.03,23.34,21.81,22.73,22.73,-0.7,-3.0796,22.1942,9099629,204188880.0,8834030000.0,903230000.0
2018-01-17,'603848,บรฬซฬซ,22.73,22.98,21.63,22.0,22.29,0.44,1.974,29.0493,11910207,267329978.0,9114730000.0,931930000.0
2018-01-16,'603848,บรฬซฬซ,22.29,22.69,21.11,21.35,21.5,0.79,3.6744,26.1907,10738174,237895510.0,8938290000.0,913890000.0
2018-01-15,'603848,บรฬซฬซ,21.5,22.09,20.41,20.62,21.06,0.44,2.0893,22.841,9364821,200763483.0,8621500000.0,881500000.0
2018-01-12,'603848,บรฬซฬซ,21.06,22.14,21.02,21.93,22.47,-1.41,-6.275,26.2175,10749172,231438773.0,8445060000.0,863460000.0
2018-01-11,'603848,บรฬซฬซ,22.47,23.4,21.8,22.1,22.67,-0.2,-0.8822,29.1319,11944098,272066988.0,9010470000.0,921270000.0
2018-01-10,'603848,บรฬซฬซ,22.67,23.33,22.27,23.02,23.36,-0.69,-2.9538,30.9093,12672811,288742061.0,9090670000.0,929470000.0
2018-01-09,'603848,บรฬซฬซ,23.36,23.73,21.79,22.0,22.32,1.04,4.6595,46.0788,18892298,433303781.0,9367360000.0,957760000.0
2018-01-08,'603848,บรฬซฬซ,22.32,22.4,20.6,21.48,21.84,0.48,2.1978,29.8182,12225444,261988016.0,8950320000.0,915120000.0
2018-01-05,'603848,บรฬซฬซ,21.84,22.63,21.8,22.35,22.39,-0.55,-2.4565,22.9638,9415152,208341193.0,8757840000.0,895440000.0
2018-01-04,'603848,บรฬซฬซ,22.39,23.17,22.12,22.61,23.21,-0.82,-3.533,29.4117,12058790,271093437.0,8978390000.0,917990000.0
2018-01-03,'603848,บรฬซฬซ,23.21,23.71,22.05,23.5,24.32,-1.11,-4.5641,47.6765,19547381,447162873.0,9307210000.0,951610000.0
2018-01-02,'603848,บรฬซฬซ,24.32,24.96,21.7,22.12,22.69,1.63,7.1838,54.4954,22343110,529806753.0,9752320000.0,997120000.0
