梪,嘖き測鎢,靡備,彶攫歎,郔詢歎,郔腴歎,羲攫歎,ヶ彶攫,梀視塗,梀視盟,遙忒薹,傖蝠講,傖蝠踢塗,軞庈硉,霜籵庈硉
2019-04-26,'603566,ぱ應螞,14.57,15.7,14.48,15.13,15.05,-0.48,-3.1894,1.6472,5295826,79596661.0,4716891800.0,4684196720.0
2019-04-25,'603566,ぱ應螞,15.05,15.95,14.77,15.0,14.99,0.06,0.4003,2.0226,6502465,100273740.0,4872287000.0,4838514800.0
2019-04-24,'603566,ぱ應螞,14.99,14.99,14.12,14.18,14.18,0.81,5.7123,0.9163,2945839,42833140.0,4852862600.0,4819225040.0
2019-04-23,'603566,ぱ應螞,14.18,14.49,13.89,14.45,14.35,-0.17,-1.1847,0.5594,1798424,25522426.0,4590633200.0,4558813280.0
2019-04-22,'603566,ぱ應螞,14.35,14.57,14.13,14.47,14.33,0.02,0.1396,0.409,1314901,18983525.0,4645669000.0,4613467600.0
2019-04-19,'603566,ぱ應螞,14.33,14.45,14.11,14.4,14.4,-0.07,-0.4861,0.4013,1290202,18391639.0,4639194200.0,4607037680.0
2019-04-18,'603566,ぱ應螞,14.4,14.57,14.35,14.55,14.54,-0.14,-0.9629,0.3747,1204717,17398795.0,4661856000.0,4629542400.0
2019-04-17,'603566,ぱ應螞,14.54,14.59,14.32,14.52,14.44,0.1,0.6925,0.5484,1763068,25552343.0,4707179600.0,4674551840.0
2019-04-16,'603566,ぱ應螞,14.44,14.46,14.02,14.25,14.35,0.09,0.6272,0.5955,1914622,27230769.0,4674805600.0,4642402240.0
2019-04-15,'603566,ぱ應螞,14.35,14.86,14.28,14.83,14.64,-0.29,-1.9809,0.5297,1703113,24897068.0,4645669000.0,4613467600.0
2019-04-12,'603566,ぱ應螞,14.64,14.73,14.46,14.58,14.58,0.06,0.4115,0.4949,1591194,23200538.0,4739553600.0,4706701440.0
2019-04-11,'603566,ぱ應螞,14.58,15.23,14.51,15.15,15.2,-0.62,-4.0789,0.8108,2606741,38645963.0,4720129200.0,4687411680.0
2019-04-10,'603566,ぱ應螞,15.2,15.2,14.82,15.1,15.16,0.04,0.2639,0.7952,2556376,38393820.0,4920848000.0,4886739200.0
2019-04-09,'603566,ぱ應螞,15.16,15.54,14.95,15.51,15.43,-0.27,-1.7498,0.8888,2857497,43268243.0,4907898400.0,4873879360.0
2019-04-08,'603566,ぱ應螞,15.43,15.63,15.03,15.03,14.98,0.45,3.004,1.6259,5227201,80439031.0,4995308200.0,4960683280.0
2019-04-04,'603566,ぱ應螞,14.98,15.17,14.82,15.05,14.96,0.02,0.1337,0.9389,3018577,45381328.0,4849625200.0,4816010080.0
2019-04-03,'603566,ぱ應螞,14.96,14.96,14.66,14.75,14.87,0.09,0.6052,0.7877,2532398,37529602.0,4843150400.0,4809580160.0
2019-04-02,'603566,ぱ應螞,14.87,15.04,14.57,14.91,14.75,0.12,0.8136,1.2031,3867946,57203166.0,4814013800.0,4780645520.0
2019-04-01,'603566,ぱ應螞,14.75,14.88,14.25,14.4,14.34,0.41,2.8591,1.1812,3797655,55324889.0,4775165000.0,4742066000.0
2019-03-29,'603566,ぱ應螞,14.34,14.35,14.0,14.03,14.06,0.28,1.9915,0.7395,2377414,33773465.0,4642431600.0,4610252640.0
2019-03-28,'603566,ぱ應螞,14.06,14.35,14.0,14.09,14.14,-0.08,-0.5658,0.4328,1391278,19694304.0,4551784400.0,4520233760.0
2019-03-27,'603566,ぱ應螞,14.14,14.83,13.97,14.6,14.59,-0.45,-3.0843,1.4922,4797504,67941600.0,4577683600.0,4545953440.0
2019-03-26,'603566,ぱ應螞,14.59,15.23,14.55,15.05,15.05,-0.46,-3.0565,0.7709,2478340,36858026.0,4723366600.0,4690626640.0
2019-03-25,'603566,ぱ應螞,15.05,15.32,14.82,15.0,14.79,0.26,1.7579,1.1111,3572200,53997652.0,4872287000.0,4838514800.0
2019-03-22,'603566,ぱ應螞,14.79,15.1,14.5,15.1,15.01,-0.22,-1.4657,0.6933,2229068,32773895.0,4788114600.0,4754925840.0
2019-03-21,'603566,ぱ應螞,15.01,15.09,14.57,14.7,14.73,0.28,1.9009,0.7537,2423089,36137031.0,4859337400.0,4825654960.0
2019-03-20,'603566,ぱ應螞,14.73,14.99,14.44,14.93,14.93,-0.2,-1.3396,0.7806,2509459,36824733.0,4768690200.0,4735636080.0
2019-03-19,'603566,ぱ應螞,14.93,15.1,14.75,14.89,14.89,0.04,0.2686,0.6078,1953900,29137432.0,4833438200.0,4799935280.0
2019-03-18,'603566,ぱ應螞,14.89,14.95,14.57,14.57,14.57,0.32,2.1963,0.7826,2516125,37109742.0,4820488600.0,4787075440.0
2019-03-15,'603566,ぱ應螞,14.57,14.81,14.33,14.52,14.43,0.14,0.9702,0.8991,2890476,42114731.0,4716891800.0,4684196720.0
2019-03-14,'603566,ぱ應螞,14.43,15.15,14.17,15.01,15.32,-0.89,-5.8094,1.2077,3882800,56574968.0,4671568200.0,4639187280.0
2019-03-13,'603566,ぱ應螞,15.32,15.91,15.23,15.45,15.51,-0.19,-1.225,0.975,3134429,48778334.0,4959696800.0,4925318720.0
2019-03-12,'603566,ぱ應螞,15.51,15.58,15.09,15.42,15.38,0.13,0.8453,1.1887,3821540,58598554.0,5021207400.0,4986402960.0
2019-03-11,'603566,ぱ應螞,15.38,15.6,14.81,14.81,14.81,0.57,3.8488,0.9849,3166500,48398260.0,4979121200.0,4944608480.0
2019-03-08,'603566,ぱ應螞,14.81,15.34,14.51,14.85,15.21,-0.4,-2.6298,1.1804,3794904,56693965.0,4794589400.0,4761355760.0
2019-03-07,'603566,ぱ應螞,15.21,15.89,14.91,14.98,14.95,0.26,1.7391,1.9516,6274239,96213982.0,4924085400.0,4889954160.0
2019-03-06,'603566,ぱ應螞,14.95,15.02,14.52,14.82,14.8,0.15,1.0135,1.234,3967373,58856126.0,4839913000.0,4806365200.0
2019-03-05,'603566,ぱ應螞,14.8,15.28,14.41,14.5,14.75,0.05,0.339,1.7518,5631857,83564478.0,4791352000.0,4758140800.0
2019-03-04,'603566,ぱ應螞,14.75,14.94,13.45,13.7,13.58,1.17,8.6156,2.1772,6999469,99061997.0,4775165000.0,4742066000.0
2019-03-01,'603566,ぱ應螞,13.58,13.81,13.41,13.81,13.69,-0.11,-0.8035,0.7583,2437957,33052584.0,4396389200.0,4365915680.0
2019-02-28,'603566,ぱ應螞,13.69,13.89,13.43,13.59,13.49,0.2,1.4826,0.8368,2690168,36671640.0,4432000600.0,4401280240.0
2019-02-27,'603566,ぱ應螞,13.49,13.78,13.39,13.7,13.7,-0.21,-1.5328,0.8941,2874387,38969060.0,4367252600.0,4336981040.0
2019-02-26,'603566,ぱ應螞,13.7,14.17,13.52,13.6,13.6,0.1,0.7353,1.3174,4235443,58556178.0,4435238000.0,4404495200.0
2019-02-25,'603566,ぱ應螞,13.6,13.61,13.08,13.14,13.09,0.51,3.8961,1.1735,3772898,50347588.0,4402864000.0,4372345600.0
2019-02-22,'603566,ぱ應螞,13.09,13.2,12.74,13.07,13.13,-0.04,-0.3046,1.1032,3546825,45934523.0,4237756600.0,4208382640.0
2019-02-21,'603566,ぱ應螞,13.13,13.62,13.03,13.6,13.62,-0.49,-3.5977,1.2714,4087523,54367520.0,4250706200.0,4221242480.0
2019-02-20,'603566,ぱ應螞,13.62,13.89,13.3,13.6,13.42,0.2,1.4903,0.5885,1891947,25679008.0,4409338800.0,4378775520.0
2019-02-19,'603566,ぱ應螞,13.42,13.98,13.31,13.75,13.82,-0.4,-2.8944,0.713,2292283,31222182.0,4344590800.0,4314476320.0
2019-02-18,'603566,ぱ應螞,13.82,13.97,12.93,12.93,12.9,0.92,7.1318,0.9259,2976624,39846991.0,4474086800.0,4443074720.0
2019-02-15,'603566,ぱ應螞,12.9,13.19,12.62,12.66,12.69,0.21,1.6548,0.6145,1975440,25485327.0,4176246000.0,4147298400.0
2019-02-14,'603566,ぱ應螞,12.69,12.91,12.65,12.84,12.83,-0.14,-1.0912,0.4793,1540860,19605022.0,4108260600.0,4079784240.0
2019-02-13,'603566,ぱ應螞,12.83,12.93,12.6,12.75,12.83,0.0,0.0,0.725,2330686,29761885.0,4153584200.0,4124793680.0
2019-02-12,'603566,ぱ應螞,12.83,13.0,12.12,12.25,12.12,0.71,5.8581,1.0884,3499207,44311790.0,4153584200.0,4124793680.0
2019-02-11,'603566,ぱ應螞,12.12,12.16,11.8,11.8,11.77,0.35,2.9737,0.3555,1142889,13698436.0,3923728800.0,3896531520.0
2019-02-01,'603566,ぱ應螞,11.77,11.91,11.73,11.88,11.74,0.03,0.2555,0.3532,1135375,13371333.0,3810419800.0,3784007920.0
2019-01-31,'603566,ぱ應螞,11.74,11.99,11.7,11.79,11.77,-0.03,-0.2549,0.1575,506400,5992723.0,3800707600.0,3774363040.0
2019-01-30,'603566,ぱ應螞,11.77,12.09,11.69,11.9,11.88,-0.11,-0.9259,0.2247,722388,8565004.0,3810419800.0,3784007920.0
2019-01-29,'603566,ぱ應螞,11.88,12.16,11.78,12.09,11.96,-0.08,-0.6689,0.2796,898900,10777457.0,3846031200.0,3819372480.0
2019-01-28,'603566,ぱ應螞,11.96,12.25,11.92,12.2,12.11,-0.15,-1.2386,0.1999,642674,7753901.0,3871930400.0,3845092160.0
2019-01-25,'603566,ぱ應螞,12.11,12.19,12.03,12.19,12.05,0.06,0.4979,0.1488,478360,5798339.0,3920491400.0,3893316560.0
2019-01-24,'603566,ぱ應螞,12.05,12.19,11.92,12.07,12.08,-0.03,-0.2483,0.2248,722700,8738899.0,3901067000.0,3874026800.0
2019-01-23,'603566,ぱ應螞,12.08,12.28,11.9,12.06,12.28,-0.2,-1.6287,0.3189,1025200,12367044.0,3910779200.0,3883671680.0
2019-01-22,'603566,ぱ應螞,12.28,12.4,12.22,12.31,12.38,-0.1,-0.8078,0.2004,644157,7918326.0,3975527200.0,3947970880.0
2019-01-21,'603566,ぱ應螞,12.38,12.47,12.15,12.15,12.26,0.12,0.9788,0.2283,733823,9055220.0,4007901200.0,3980120480.0
2019-01-18,'603566,ぱ應螞,12.26,12.43,12.08,12.22,12.34,-0.08,-0.6483,0.2677,860614,10505621.0,3969052400.0,3941540960.0
2019-01-17,'603566,ぱ應螞,12.34,12.66,12.28,12.64,12.69,-0.35,-2.7581,0.1817,584305,7299317.0,3994951600.0,3967260640.0
2019-01-16,'603566,ぱ應螞,12.69,12.76,12.6,12.76,12.76,-0.07,-0.5486,0.1985,638185,8087048.0,4108260600.0,4079784240.0
2019-01-15,'603566,ぱ應螞,12.76,12.8,12.41,12.8,12.88,-0.12,-0.9317,0.2953,949418,11973051.0,4130922400.0,4102288960.0
2019-01-14,'603566,ぱ應螞,12.88,12.98,12.4,12.58,12.53,0.35,2.7933,0.3152,1013244,13005837.0,4169771200.0,4140868480.0
2019-01-11,'603566,ぱ應螞,12.53,12.68,12.28,12.33,12.2,0.33,2.7049,0.2619,841930,10507827.0,4056462200.0,4028344880.0
2019-01-10,'603566,ぱ應螞,12.2,12.65,12.2,12.65,12.45,-0.25,-2.008,0.1472,473300,5843296.0,3949628000.0,3922251200.0
2019-01-09,'603566,ぱ應螞,12.45,12.66,12.38,12.45,12.43,0.02,0.1609,0.1608,516843,6490872.0,4030563000.0,4002625200.0
2019-01-08,'603566,ぱ應螞,12.43,12.71,12.31,12.41,12.62,-0.19,-1.5055,0.1763,566796,7105870.0,4024088200.0,3996195280.0
2019-01-07,'603566,ぱ應螞,12.62,12.83,12.23,12.23,12.21,0.41,3.3579,0.2609,838880,10512513.0,4085598800.0,4057279520.0
2019-01-04,'603566,ぱ應螞,12.21,12.22,11.52,11.68,11.68,0.53,4.5377,0.2614,840478,10119976.0,3952865400.0,3925466160.0
2019-01-03,'603566,ぱ應螞,11.68,12.19,11.63,11.9,11.91,-0.23,-1.9312,0.2031,652887,7759209.0,3781283200.0,3755073280.0
2019-01-02,'603566,ぱ應螞,11.91,12.12,11.71,11.71,11.81,0.1,0.8467,0.231,742740,8835060.0,3855743400.0,3829017360.0
2018-12-28,'603566,ぱ應螞,11.81,12.05,11.68,12.05,11.88,-0.07,-0.5892,0.1405,451756,5345168.0,3823369400.0,3796867760.0
2018-12-27,'603566,ぱ應螞,11.88,12.48,11.63,12.28,12.14,-0.26,-2.1417,0.2889,928900,11208034.0,3846031200.0,3819372480.0
2018-12-26,'603566,ぱ應螞,12.14,12.31,12.03,12.03,12.17,-0.03,-0.2465,0.1395,448579,5461249.0,3930203600.0,3902961440.0
2018-12-25,'603566,ぱ應螞,12.17,12.37,11.97,11.97,12.4,-0.23,-1.8548,0.1864,599237,7263069.0,3939915800.0,3912606320.0
2018-12-24,'603566,ぱ應螞,12.4,12.49,11.93,12.16,11.93,0.47,3.9396,0.2257,725669,8870698.0,4014376000.0,3986550400.0
2018-12-21,'603566,ぱ應螞,11.93,12.25,11.88,12.16,12.19,-0.26,-2.1329,0.1872,601700,7258841.0,3862218200.0,3835447280.0
2018-12-20,'603566,ぱ應螞,12.19,12.35,12.11,12.19,12.3,-0.11,-0.8943,0.1982,637320,7770371.0,3946390600.0,3919036240.0
2018-12-19,'603566,ぱ應螞,12.3,12.65,12.26,12.6,12.56,-0.26,-2.0701,0.1189,382156,4760710.0,3982002000.0,3954400800.0
2018-12-18,'603566,ぱ應螞,12.56,12.69,12.43,12.61,12.69,-0.13,-1.0244,0.1958,629501,7908730.0,4066174400.0,4037989760.0
2018-12-17,'603566,ぱ應螞,12.69,12.95,12.51,12.68,12.68,0.01,0.0789,0.1367,439500,5568346.0,4108260600.0,4079784240.0
2018-12-14,'603566,ぱ應螞,12.68,13.13,12.57,13.13,13.04,-0.36,-2.7607,0.1682,540700,6947877.0,4105023200.0,4076569280.0
2018-12-13,'603566,ぱ應螞,13.04,13.24,12.97,13.09,13.09,-0.05,-0.382,0.2017,648466,8483681.0,4221569600.0,4192307840.0
2018-12-12,'603566,ぱ應螞,13.09,13.26,13.04,13.26,13.11,-0.02,-0.1526,0.1079,346900,4555117.0,4237756600.0,4208382640.0
2018-12-11,'603566,ぱ應螞,13.11,13.28,12.91,13.0,13.02,0.09,0.6912,0.2739,880423,11528840.0,4244231400.0,4214812560.0
2018-12-10,'603566,ぱ應螞,13.02,13.38,12.9,13.38,13.39,-0.37,-2.7633,0.2034,654013,8535632.0,4215094800.0,4185877920.0
2018-12-07,'603566,ぱ應螞,13.39,13.6,13.3,13.46,13.32,0.07,0.5255,0.1388,446200,5986061.0,4334878600.0,4304831440.0
2018-12-06,'603566,ぱ應螞,13.32,13.74,13.31,13.44,13.45,-0.13,-0.9665,0.254,816646,11053319.0,4312216800.0,4282326720.0
2018-12-05,'603566,ぱ應螞,13.45,13.67,13.28,13.31,13.63,-0.18,-1.3206,0.2651,852400,11482341.0,4354303000.0,4324121200.0
2018-12-04,'603566,ぱ應螞,13.63,13.76,13.28,13.61,13.62,0.01,0.0734,0.3727,1198365,16170392.0,4412576200.0,4381990480.0
2018-12-03,'603566,ぱ應螞,13.62,14.09,13.46,13.7,13.48,0.14,1.0386,0.6407,2059803,28144946.0,4409338800.0,4378775520.0
2018-11-30,'603566,ぱ應螞,13.48,13.6,12.97,13.29,13.39,0.09,0.6721,0.456,1465953,19458331.0,4364015200.0,4333766080.0
2018-11-29,'603566,ぱ應螞,13.39,13.84,13.2,13.29,13.32,0.07,0.5255,0.7535,2422600,32548273.0,4334878600.0,4304831440.0
2018-11-28,'603566,ぱ應螞,13.32,13.44,13.04,13.26,13.4,-0.08,-0.597,0.5241,1684897,22244323.0,4312216800.0,4282326720.0
2018-11-27,'603566,ぱ應螞,13.4,13.49,12.52,12.53,12.43,0.97,7.8037,0.836,2687596,35219343.0,4338116000.0,4308046400.0
2018-11-26,'603566,ぱ應螞,12.43,12.7,12.23,12.23,12.46,-0.03,-0.2408,0.2163,695500,8687864.0,4024088200.0,3996195280.0
2018-11-23,'603566,ぱ應螞,12.46,12.97,12.2,12.9,12.94,-0.48,-3.7094,0.5476,1760515,22131744.0,4033800400.0,4005840160.0
2018-11-22,'603566,ぱ應螞,12.94,13.34,12.93,13.25,13.26,-0.32,-2.4133,0.4609,1481919,19437572.0,4189195600.0,4160158240.0
2018-11-21,'603566,ぱ應螞,13.26,13.4,12.96,12.97,13.25,0.01,0.0755,0.4163,1338506,17627117.0,4292792400.0,4263036960.0
2018-11-20,'603566,ぱ應螞,13.25,13.78,13.2,13.65,13.85,-0.6,-4.3321,0.5069,1629800,21919816.0,4289555000.0,4259822000.0
2018-11-19,'603566,ぱ應螞,13.85,14.54,13.73,13.88,13.95,-0.1,-0.7168,0.7164,2303224,32408192.0,4483799000.0,4452719600.0
2018-11-16,'603566,ぱ應螞,13.95,14.18,12.95,13.19,13.05,0.9,6.8966,1.0164,3267648,44414848.0,4516173000.0,4484869200.0
2018-11-15,'603566,ぱ應螞,13.05,13.15,12.76,12.85,12.88,0.17,1.3199,0.7371,2369731,30860142.0,4224807000.0,4195522800.0
2018-11-14,'603566,ぱ應螞,12.88,13.28,12.7,12.95,12.81,0.07,0.5464,0.9423,3029374,39061167.0,4169771200.0,4140868480.0
2018-11-13,'603566,ぱ應螞,12.81,12.97,12.16,12.28,12.39,0.42,3.3898,1.2697,4082099,51731665.0,4147109400.0,4118363760.0
2018-11-12,'603566,ぱ應螞,12.39,12.52,12.12,12.33,12.33,0.06,0.4866,0.7449,2394749,29528961.0,4011138600.0,3983335440.0
2018-11-09,'603566,ぱ應螞,12.33,12.52,12.22,12.4,12.53,-0.2,-1.5962,0.5714,1837000,22740286.0,3991714200.0,3964045680.0
2018-11-08,'603566,ぱ應螞,12.53,12.69,12.26,12.59,12.54,-0.01,-0.0797,1.1011,3539936,44037979.0,4056462200.0,4028344880.0
2018-11-07,'603566,ぱ應螞,12.54,12.86,12.25,12.25,12.22,0.32,2.6187,0.8965,2882221,36119617.0,4059699600.0,4031559840.0
2018-11-06,'603566,ぱ應螞,12.22,12.38,12.08,12.38,12.45,-0.23,-1.8474,0.7241,2327804,28371931.0,3956102800.0,3928681120.0
2018-11-05,'603566,ぱ應螞,12.45,12.7,11.96,12.09,12.19,0.26,2.1329,1.1476,3689576,45605282.0,4030563000.0,4002625200.0
2018-11-02,'603566,ぱ應螞,12.19,12.27,11.94,12.13,12.07,0.12,0.9942,1.0093,3244763,39319014.0,3946390600.0,3919036240.0
2018-11-01,'603566,ぱ應螞,12.07,12.17,11.56,11.88,11.78,0.29,2.4618,1.248,4012228,47768921.0,3907541800.0,3880456720.0
2018-10-31,'603566,ぱ應螞,11.78,12.2,11.7,11.98,11.96,-0.18,-1.505,1.3583,4366721,51800702.0,3813657200.0,3787222880.0
2018-10-30,'603566,ぱ應螞,11.96,12.6,10.82,11.64,11.86,0.1,0.8432,1.5733,5057960,58928766.0,3871930400.0,3845092160.0
2018-10-29,'603566,ぱ應螞,11.86,12.32,11.12,11.2,11.2,0.66,5.8929,1.2351,3970737,46596436.0,3839556400.0,3812942560.0
2018-10-26,'603566,ぱ應螞,11.2,11.27,10.95,11.0,11.05,0.15,1.3575,0.2177,699820,7810334.0,3625888000.0,3600755200.0
2018-10-25,'603566,ぱ應螞,11.05,11.19,10.83,10.9,11.25,-0.2,-1.7778,0.1959,629918,6915215.0,3577327000.0,3552530800.0
2018-10-24,'603566,ぱ應螞,11.25,11.25,10.82,11.0,10.97,0.28,2.5524,0.2271,730191,8077127.0,3642075000.0,3616830000.0
2018-10-23,'603566,ぱ應螞,10.97,11.36,10.89,11.36,11.36,-0.39,-3.4331,0.2519,809793,8984146.0,3551427800.0,3526811120.0
2018-10-22,'603566,ぱ應螞,11.36,11.6,10.97,10.97,10.93,0.43,3.9341,0.3298,1060444,11973507.0,3677686400.0,3652194560.0
2018-10-19,'603566,ぱ應螞,10.93,11.0,10.58,10.58,10.92,0.01,0.0916,0.2289,736031,7964671.0,3538478200.0,3513951280.0
2018-10-18,'603566,ぱ應螞,10.92,11.12,10.68,10.78,11.06,-0.14,-1.2658,0.2226,715604,7806211.0,3535240800.0,3510736320.0
2018-10-17,'603566,ぱ應螞,11.06,11.65,10.77,11.25,11.25,-0.19,-1.6889,0.1691,543600,6017078.0,3580564400.0,3555745760.0
2018-10-16,'603566,ぱ應螞,11.25,11.75,11.03,11.14,11.16,0.09,0.8065,0.1928,619985,6984120.0,3642075000.0,3616830000.0
2018-10-15,'603566,ぱ應螞,11.16,11.76,11.15,11.5,11.5,-0.34,-2.9565,0.13,418100,4770173.0,3612938400.0,3587895360.0
2018-10-12,'603566,ぱ應螞,11.5,11.84,11.13,11.51,11.5,0.0,0.0,0.1779,571949,6553011.0,3723010000.0,3697204000.0
2018-10-11,'603566,ぱ應螞,11.5,12.57,11.5,12.57,12.75,-1.25,-9.8039,0.188,604423,7242925.0,3723010000.0,3697204000.0
2018-10-10,'603566,ぱ應螞,12.75,12.9,12.69,12.72,12.72,0.03,0.2358,0.106,340900,4363527.0,4127685000.0,4099074000.0
2018-10-09,'603566,ぱ應螞,12.72,13.2,12.69,13.1,13.18,-0.46,-3.4901,0.207,665498,8573514.0,4117972800.0,4089429120.0
2018-10-08,'603566,ぱ應螞,13.18,13.5,13.01,13.43,13.62,-0.44,-3.2305,0.1629,523700,6906322.0,4266893200.0,4237317280.0
2018-09-28,'603566,ぱ應螞,13.62,13.65,13.48,13.61,13.61,0.01,0.0735,0.1167,375247,5094599.0,4409338800.0,4378775520.0
2018-09-27,'603566,ぱ應螞,13.61,13.85,13.5,13.85,13.87,-0.26,-1.8745,0.1521,488966,6635178.0,4406101400.0,4375560560.0
2018-09-26,'603566,ぱ應螞,13.87,13.96,13.62,13.96,13.77,0.1,0.7262,0.1739,559034,7701869.0,4490273800.0,4459149520.0
2018-09-25,'603566,ぱ應螞,13.77,13.85,13.46,13.55,13.6,0.17,1.25,0.1219,391916,5357777.0,4457899800.0,4426999920.0
2018-09-21,'603566,ぱ應螞,13.6,13.67,13.38,13.55,13.41,0.19,1.4169,0.1123,361100,4880535.0,4402864000.0,4372345600.0
2018-09-20,'603566,ぱ應螞,13.41,13.75,13.16,13.72,13.7,-0.29,-2.1168,0.2222,714439,9590638.0,4341353400.0,4311261360.0
2018-09-19,'603566,ぱ應螞,13.7,13.84,13.53,13.59,13.59,0.11,0.8094,0.1529,491500,6732782.0,4435238000.0,4404495200.0
2018-09-18,'603566,ぱ應螞,13.59,13.74,13.38,13.59,13.59,0.0,0.0,0.1103,354500,4809770.0,4399626600.0,4369130640.0
2018-09-17,'603566,ぱ應螞,13.59,14.29,13.55,14.13,14.3,-0.71,-4.965,0.2045,657400,8991659.0,4399626600.0,4369130640.0
2018-09-14,'603566,ぱ應螞,14.3,14.36,14.24,14.25,14.29,0.01,0.07,0.1018,327200,4678692.0,4629482000.0,4597392800.0
2018-09-13,'603566,ぱ應螞,14.29,14.43,14.15,14.33,14.24,0.05,0.3511,0.1161,373285,5323440.0,4626244600.0,4594177840.0
2018-09-12,'603566,ぱ應螞,14.24,14.47,14.21,14.4,14.5,-0.26,-1.7931,0.1322,424987,6079021.0,4610057600.0,4578103040.0
2018-09-11,'603566,ぱ應螞,14.5,14.5,14.26,14.26,14.33,0.17,1.1863,0.1055,339124,4900625.0,4694230000.0,4661692000.0
2018-09-10,'603566,ぱ應螞,14.33,14.79,14.23,14.68,14.84,-0.51,-3.4367,0.1518,488100,7056382.0,4639194200.0,4607037680.0
2018-09-07,'603566,ぱ應螞,14.84,14.91,14.4,14.47,14.35,0.49,3.4146,0.2046,657788,9651304.0,4804301600.0,4771000640.0
2018-09-06,'603566,ぱ應螞,14.35,14.6,14.31,14.31,14.43,-0.08,-0.5544,0.0895,287600,4146124.0,4645669000.0,4613467600.0
2018-09-05,'603566,ぱ應螞,14.43,14.77,14.4,14.77,14.8,-0.37,-2.5,0.082,263685,3847023.0,4671568200.0,4639187280.0
2018-09-04,'603566,ぱ應螞,14.8,14.9,14.52,14.63,14.61,0.19,1.3005,0.1772,569585,8369918.0,4791352000.0,4758140800.0
2018-09-03,'603566,ぱ應螞,14.61,14.68,14.21,14.61,14.56,0.05,0.3434,0.1584,509179,7351032.0,4729841400.0,4697056560.0
2018-08-31,'603566,ぱ應螞,14.56,14.77,14.32,14.72,14.69,-0.13,-0.885,0.1431,460000,6689957.0,4713654400.0,4680981760.0
2018-08-30,'603566,ぱ應螞,14.69,14.91,14.43,14.71,14.88,-0.19,-1.2769,0.1804,580000,8490592.0,4755740600.0,4722776240.0
2018-08-29,'603566,ぱ應螞,14.88,15.0,14.81,14.98,14.9,-0.02,-0.1342,0.1045,336100,5007303.0,4817251200.0,4783860480.0
2018-08-28,'603566,ぱ應螞,14.9,15.2,14.82,15.2,15.2,-0.3,-1.9737,0.1997,641900,9612040.0,4823726000.0,4790290400.0
2018-08-27,'603566,ぱ應螞,15.2,15.29,14.92,15.15,15.29,-0.09,-0.5886,0.2964,952971,14408665.0,4920848000.0,4886739200.0
2018-08-24,'603566,ぱ應螞,15.29,15.39,15.05,15.26,15.26,0.03,0.1966,0.2774,891694,13580166.0,4949984600.0,4915673840.0
2018-08-23,'603566,ぱ應螞,15.26,15.87,14.21,14.36,14.43,0.83,5.7519,0.3547,1140500,17119458.0,4940272400.0,4906028960.0
2018-08-22,'603566,ぱ應螞,14.43,14.47,14.24,14.35,14.35,0.08,0.5575,0.1201,386100,5552596.0,4671568200.0,4639187280.0
2018-08-21,'603566,ぱ應螞,14.35,14.53,14.18,14.37,14.36,-0.01,-0.0696,0.1158,372400,5360622.0,4645669000.0,4613467600.0
2018-08-20,'603566,ぱ應螞,14.36,14.73,14.04,14.4,14.58,-0.22,-1.5089,0.1662,534484,7663962.0,4648906400.0,4616682560.0
2018-08-17,'603566,ぱ應螞,14.58,15.39,14.41,15.1,14.95,-0.37,-2.4749,0.1932,621170,9196639.0,4720129200.0,4687411680.0
2018-08-16,'603566,ぱ應螞,14.95,14.98,14.48,14.48,14.89,0.06,0.403,0.1764,567084,8355561.0,4839913000.0,4806365200.0
2018-08-15,'603566,ぱ應螞,14.89,15.16,14.7,14.81,14.89,0.0,0.0,0.2019,649166,9687747.0,4820488600.0,4787075440.0
2018-08-14,'603566,ぱ應螞,14.89,14.9,14.6,14.85,14.87,0.02,0.1345,0.1347,433100,6395889.0,4820488600.0,4787075440.0
2018-08-13,'603566,ぱ應螞,14.87,14.89,14.35,14.47,14.6,0.27,1.8493,0.1566,503573,7424010.0,4814013800.0,4780645520.0
2018-08-10,'603566,ぱ應螞,14.6,14.69,14.22,14.68,14.47,0.13,0.8984,0.0905,291100,4252154.0,4726604000.0,4693841600.0
2018-08-09,'603566,ぱ應螞,14.47,14.56,14.01,14.01,14.19,0.28,1.9732,0.1129,362866,5249875.0,4684517800.0,4652047120.0
2018-08-08,'603566,ぱ應螞,14.19,14.8,14.17,14.79,14.7,-0.51,-3.4694,0.1437,461959,6631430.0,4593870600.0,4562028240.0
2018-08-07,'603566,ぱ應螞,14.7,14.99,14.21,14.6,14.77,-0.07,-0.4739,0.218,701000,10237024.0,4758978000.0,4725991200.0
2018-08-06,'603566,ぱ應螞,14.77,15.96,14.53,15.96,15.44,-0.67,-4.3394,0.3782,1216000,18531162.0,4781639800.0,4748495920.0
2018-08-03,'603566,ぱ應螞,15.44,15.59,14.6,15.08,14.97,0.47,3.1396,0.235,755546,11512665.0,4998545600.0,4963898240.0
2018-08-02,'603566,ぱ應螞,14.97,15.65,14.55,15.65,15.42,-0.45,-2.9183,0.1624,521982,7844607.0,4846387800.0,4812795120.0
2018-08-01,'603566,ぱ應螞,15.42,15.77,15.3,15.57,15.57,-0.15,-0.9634,0.1539,494815,7687506.0,4992070800.0,4957468320.0
2018-07-31,'603566,ぱ應螞,15.57,15.85,15.47,15.47,15.68,-0.11,-0.7015,0.1255,403532,6314673.0,5040631800.0,5005692720.0
2018-07-30,'603566,ぱ應螞,15.68,16.38,15.58,16.0,16.21,-0.53,-3.2696,0.1463,470500,7475617.0,5076243200.0,5041057280.0
2018-07-27,'603566,ぱ應螞,16.21,16.37,15.84,16.2,16.31,-0.1,-0.6131,0.0763,245254,3972595.0,5247825400.0,5211450160.0
2018-07-26,'603566,ぱ應螞,16.31,16.45,16.21,16.32,16.56,-0.25,-1.5097,0.0681,218802,3567605.0,5280199400.0,5243599760.0
2018-07-25,'603566,ぱ應螞,16.56,16.84,16.42,16.84,16.56,0.0,0.0,0.1283,412602,6847577.0,5361134400.0,5323973760.0
2018-07-24,'603566,ぱ應螞,16.56,16.57,16.02,16.24,16.18,0.38,2.3486,0.1917,616209,10104018.0,5361134400.0,5323973760.0
2018-07-23,'603566,ぱ應螞,16.18,16.65,15.8,16.41,16.4,-0.22,-1.3415,0.2271,730228,11762192.0,5238113200.0,5201805280.0
2018-07-20,'603566,ぱ應螞,16.4,16.6,15.93,15.93,16.11,0.29,1.8001,0.11,353515,5779279.0,5309336000.0,5272534400.0
2018-07-19,'603566,ぱ應螞,16.11,16.43,16.09,16.31,16.28,-0.17,-1.0442,0.0799,256800,4167268.0,5215451400.0,5179300560.0
2018-07-18,'603566,ぱ應螞,16.28,16.48,16.2,16.2,16.27,0.01,0.0615,0.0886,284800,4660379.0,5270487200.0,5233954880.0
2018-07-17,'603566,ぱ應螞,16.27,16.46,16.21,16.33,16.33,-0.06,-0.3674,0.1034,332479,5423450.0,5267249800.0,5230739920.0
2018-07-16,'603566,ぱ應螞,16.33,16.37,16.1,16.34,16.35,-0.02,-0.1223,0.0909,292300,4754722.0,5286674200.0,5250029680.0
2018-07-13,'603566,ぱ應螞,16.35,16.38,15.8,15.8,15.96,0.39,2.4436,0.1941,623877,10098519.0,5293149000.0,5256459600.0
2018-07-12,'603566,ぱ應螞,15.96,15.97,15.45,15.76,15.61,0.35,2.2422,0.154,495051,7870304.0,5166890400.0,5131076160.0
2018-07-11,'603566,ぱ應螞,15.61,15.79,15.32,15.71,15.86,-0.25,-1.5763,0.189,607521,9455145.0,5053581400.0,5018552560.0
2018-07-10,'603566,ぱ應螞,15.86,15.89,15.66,15.74,15.71,0.15,0.9548,0.2042,656500,10376570.0,5134516400.0,5098926560.0
2018-07-09,'603566,ぱ應螞,15.71,15.73,15.16,15.16,15.39,0.32,2.0793,0.2229,716490,11157509.0,5085955400.0,5050702160.0
2018-07-06,'603566,ぱ應螞,15.39,15.65,15.1,15.34,15.55,-0.16,-1.0289,0.1799,578231,8882892.0,4982358600.0,4947823440.0
2018-07-05,'603566,ぱ應螞,15.55,15.93,15.3,15.3,15.84,-0.29,-1.8308,0.1935,622200,9735234.0,5034157000.0,4999262800.0
2018-07-04,'603566,ぱ應螞,15.84,15.9,15.53,15.88,15.79,0.05,0.3167,0.2341,752700,11854946.0,5128041600.0,5092496640.0
2018-07-03,'603566,ぱ應螞,15.79,15.98,15.27,15.44,15.44,0.35,2.2668,0.2712,871867,13636708.0,5111854600.0,5076421840.0
2018-07-02,'603566,ぱ應螞,15.44,15.78,15.19,15.75,15.81,-0.37,-2.3403,0.2857,918482,14287207.0,4998545600.0,4963898240.0
2018-06-29,'603566,ぱ應螞,15.81,15.85,15.17,15.26,15.25,0.56,3.6721,0.3718,1195440,18472325.0,5118329400.0,5082851760.0
2018-06-28,'603566,ぱ應螞,15.25,16.16,15.01,15.9,16.16,-0.91,-5.6312,0.3037,976261,15248524.0,4937035000.0,4902814000.0
2018-06-27,'603566,ぱ應螞,16.16,16.68,16.04,16.68,16.63,-0.47,-2.8262,0.231,742800,12038463.0,5231638400.0,5195375360.0
2018-06-26,'603566,ぱ應螞,16.63,17.06,16.46,16.93,16.93,-0.3,-1.772,0.26,835882,13886618.0,5383796200.0,5346478480.0
2018-06-25,'603566,ぱ應螞,16.93,17.55,16.89,17.45,17.36,-0.43,-2.477,0.2339,752135,12888259.0,5480918200.0,5442927280.0
2018-06-22,'603566,ぱ應螞,17.36,17.79,17.16,17.16,17.31,0.05,0.2889,0.0685,220300,3817021.0,5620126400.0,5581170560.0
2018-06-21,'603566,ぱ應螞,17.31,18.27,17.3,17.41,17.34,-0.03,-0.173,0.1149,369437,6508930.0,5603939400.0,5565095760.0
2018-06-20,'603566,ぱ應螞,17.34,17.63,16.95,17.11,17.11,0.23,1.3442,0.0893,287236,4955738.0,5613651600.0,5574740640.0
2018-06-19,'603566,ぱ應螞,17.11,18.93,17.0,18.75,18.82,-1.71,-9.0861,0.1876,603034,10783578.0,5539191400.0,5500796560.0
2018-06-15,'603566,ぱ應螞,18.82,19.18,18.7,19.18,19.18,-0.36,-1.877,0.1242,399364,7521132.0,6092786800.0,6050554720.0
2018-06-14,'603566,ぱ應螞,19.18,19.4,19.09,19.23,19.22,-0.04,-0.2081,0.0446,143374,2755820.0,6209333200.0,6166293280.0
2018-06-13,'603566,ぱ應螞,19.22,19.5,19.21,19.33,19.52,-0.3,-1.5369,0.0461,148100,2866709.0,6222282800.0,6179153120.0
2018-06-12,'603566,ぱ應螞,19.52,19.7,19.2,19.2,19.36,0.16,0.8264,0.0908,291913,5669651.0,6319404800.0,6275601920.0
2018-06-11,'603566,ぱ應螞,19.36,20.23,18.48,20.23,20.22,-0.86,-4.2532,0.2057,661285,12971441.0,6267606400.0,6224162560.0
2018-06-08,'603566,ぱ應螞,20.22,20.28,19.87,20.07,20.05,0.17,0.8479,0.0883,283964,5681078.0,6546022800.0,6500649120.0
2018-06-07,'603566,ぱ應螞,20.05,20.4,20.01,20.4,20.37,-0.32,-1.5709,0.1251,402284,8118336.0,6490987000.0,6445994800.0
2018-06-06,'603566,ぱ應螞,20.37,20.75,20.11,20.37,20.54,-0.17,-0.8277,0.1727,555200,11265593.0,6594583800.0,6548873520.0
2018-06-05,'603566,XDぱ應螞,20.54,20.8,20.39,20.77,20.69,-0.15,-0.725,0.1896,609419,12514218.0,6649619600.0,6603527840.0
2018-06-04,'603566,ぱ應螞,20.89,21.26,20.82,21.03,21.03,-0.14,-0.6657,0.242,778078,16336607.0,6762928600.0,6716051440.0
2018-06-01,'603566,ぱ應螞,21.03,21.09,20.6,20.8,20.49,0.54,2.6354,0.4924,1583016,33152465.0,6808252200.0,6761060880.0
2018-05-31,'603566,ぱ應螞,20.49,20.83,20.2,20.45,20.35,0.14,0.688,0.2291,736414,15146322.0,6633432600.0,6587453040.0
2018-05-30,'603566,ぱ應螞,20.35,20.46,20.0,20.4,20.58,-0.23,-1.1176,0.1723,554000,11226356.0,6588109000.0,6542443600.0
2018-05-29,'603566,ぱ應螞,20.58,20.68,19.6,19.93,19.84,0.74,3.7298,0.4414,1419240,28919375.0,6662569200.0,6616387680.0
2018-05-28,'603566,ぱ應螞,19.84,19.86,19.38,19.66,19.7,0.14,0.7107,0.1069,343664,6731781.0,6423001600.0,6378480640.0
2018-05-25,'603566,ぱ應螞,19.7,20.4,19.51,20.4,20.36,-0.66,-3.2417,0.2554,821000,16294899.0,6377678000.0,6333471200.0
2018-05-24,'603566,ぱ應螞,20.36,20.5,19.83,19.96,19.82,0.54,2.7245,0.1897,609739,12260348.0,6591346400.0,6545658560.0
2018-05-23,'603566,ぱ應螞,19.82,20.08,19.78,20.08,20.06,-0.24,-1.1964,0.1454,467400,9294930.0,6416526800.0,6372050720.0
2018-05-22,'603566,ぱ應螞,20.06,20.19,19.85,20.02,20.1,-0.04,-0.199,0.1798,577964,11549012.0,6494224400.0,6449209760.0
2018-05-21,'603566,ぱ應螞,20.1,21.22,19.56,19.58,19.62,0.48,2.4465,0.3785,1216855,24636005.0,6507174000.0,6462069600.0
2018-05-18,'603566,ぱ應螞,19.62,19.79,19.26,19.49,19.45,0.17,0.874,0.2019,649033,12693748.0,6351778800.0,6307751520.0
2018-05-17,'603566,ぱ應螞,19.45,19.5,19.22,19.22,19.26,0.19,0.9865,0.2177,356147,6925240.0,6296743000.0,3182295801.0
2018-05-16,'603566,ぱ應螞,19.26,19.54,19.03,19.04,19.31,-0.05,-0.2589,0.3243,530600,10290900.0,6235232400.0,3151209106.8
2018-05-15,'603566,ぱ應螞,19.31,19.33,19.01,19.24,19.27,0.04,0.2076,0.1632,266990,5120916.0,6251419400.0,3159389815.8
2018-05-14,'603566,ぱ應螞,19.27,19.29,18.6,18.91,18.92,0.35,1.8499,0.3135,512947,9722305.0,6238469800.0,3152845248.6
2018-05-11,'603566,ぱ應螞,18.92,19.23,18.88,19.23,19.18,-0.26,-1.3556,0.2795,457302,8673879.0,6125160800.0,3095580285.6
2018-05-10,'603566,ぱ應螞,19.18,19.52,19.03,19.52,19.52,-0.34,-1.7418,0.4432,725160,13940370.0,6209333200.0,3138119972.4
2018-05-09,'603566,ぱ應螞,19.52,19.65,19.21,19.28,19.43,0.09,0.4632,0.1959,320474,6253097.0,6319404800.0,3193748793.6
2018-05-08,'603566,ぱ應螞,19.43,19.64,19.07,19.25,19.25,0.18,0.9351,0.2419,395782,7642550.0,6290268200.0,3179023517.4
2018-05-07,'603566,ぱ應螞,19.25,19.3,19.04,19.11,19.05,0.2,1.0499,0.1874,306684,5875497.0,6231995000.0,3149572965.0
2018-05-04,'603566,ぱ應螞,19.05,19.2,18.95,19.1,19.12,-0.07,-0.3661,0.2335,381985,7283739.0,6167247000.0,3116850129.0
2018-05-03,'603566,ぱ應螞,19.12,19.36,18.84,19.36,19.38,-0.26,-1.3416,0.2088,341610,6501151.0,6189908800.0,3128303121.6
2018-05-02,'603566,ぱ應螞,19.38,19.55,18.83,18.9,18.93,0.45,2.3772,0.2316,378930,7307872.0,6274081200.0,3170842808.4
2018-04-27,'603566,ぱ應螞,18.93,19.37,18.81,19.37,18.99,-0.06,-0.316,0.2499,408794,7768488.0,6128398200.0,3097216427.4
2018-04-26,'603566,ぱ應螞,18.99,19.71,18.7,19.71,19.69,-0.7,-3.5551,0.1857,303821,5865949.0,6147822600.0,3107033278.2
2018-04-25,'603566,ぱ應螞,19.69,19.94,19.64,19.94,19.86,-0.17,-0.856,0.173,283123,5575590.0,6374440600.0,3221563204.2
2018-04-24,'603566,ぱ應螞,19.86,19.94,19.56,19.83,19.75,0.11,0.557,0.1709,279549,5534117.0,6429476400.0,3249377614.8
2018-04-23,'603566,ぱ應螞,19.75,19.87,19.51,19.84,19.82,-0.07,-0.3532,0.1618,264660,5210839.0,6393865000.0,3231380055.0
2018-04-20,'603566,ぱ應螞,19.82,20.11,19.75,19.9,20.05,-0.23,-1.1471,0.0795,130152,2589292.0,6416526800.0,3242833047.6
2018-04-19,'603566,ぱ應螞,20.05,20.14,19.64,19.93,19.92,0.13,0.6526,0.183,299413,5963140.0,6490987000.0,3280464309.0
2018-04-18,'603566,ぱ應螞,19.92,19.97,19.65,19.91,19.63,0.29,1.4773,0.2487,406980,8048343.0,6448900800.0,3259194465.6
2018-04-17,'603566,ぱ應螞,19.63,20.28,19.58,20.28,20.06,-0.43,-2.1436,0.2093,342437,6802862.0,6355016200.0,3211746353.4
2018-04-16,'603566,ぱ應螞,20.06,20.73,20.0,20.43,20.52,-0.46,-2.2417,0.2769,453127,9159273.0,6494224400.0,3282100450.8
2018-04-13,'603566,ぱ應螞,20.52,20.92,20.49,20.9,20.99,-0.47,-2.2392,0.2758,451230,9329127.0,6643144800.0,3357362973.6
2018-04-12,'603566,ぱ應螞,20.99,21.01,20.5,20.99,20.86,0.13,0.6232,0.4349,711601,14787915.0,6795302600.0,3434261638.2
2018-04-11,'603566,ぱ應螞,20.86,22.57,20.6,22.57,21.09,-0.23,-1.0906,0.6865,1123243,23612303.0,6753216400.0,3412991794.8
2018-04-10,'603566,ぱ應螞,21.09,21.99,20.5,21.1,20.01,1.08,5.3973,0.9124,1492779,31448420.0,6827676600.0,3450623056.2
2018-04-09,'603566,ぱ應螞,20.01,20.34,19.99,20.18,20.39,-0.38,-1.8637,0.3026,495020,9965243.0,6478037400.0,3273919741.8
2018-04-04,'603566,ぱ應螞,20.39,21.15,20.26,20.71,20.63,-0.24,-1.1634,0.3893,636900,13136244.0,6601058600.0,3336093130.2
2018-04-03,'603566,ぱ應螞,20.63,20.84,19.78,19.96,20.06,0.57,2.8415,0.4098,670485,13654300.0,6678756200.0,3375360533.4
2018-04-02,'603566,ぱ應螞,20.06,20.44,19.9,20.09,20.14,-0.08,-0.3972,0.2163,353943,7109596.0,6494224400.0,3282100450.8
2018-03-30,'603566,ぱ應螞,20.14,20.37,19.91,20.09,20.11,0.03,0.1492,0.362,592302,11943722.0,6520123600.0,3295189585.2
2018-03-29,'603566,ぱ應螞,20.11,20.27,19.71,20.27,20.05,0.06,0.2993,0.109,178300,3575343.0,6510411400.0,3290281159.8
2018-03-28,'603566,ぱ應螞,20.05,20.28,19.99,19.99,20.35,-0.3,-1.4742,0.1331,217719,4377496.0,6490987000.0,3280464309.0
2018-03-27,'603566,ぱ應螞,20.35,20.88,20.29,20.3,20.32,0.03,0.1476,0.2978,487248,9924862.0,6588109000.0,3329548563.0
2018-03-26,'603566,ぱ應螞,20.32,20.71,19.57,20.0,20.27,0.05,0.2467,0.2272,371722,7570367.0,6578396800.0,3324640137.6
2018-03-23,'603566,ぱ應螞,20.27,20.55,19.75,20.35,20.61,-0.34,-1.6497,0.231,378024,7649316.0,6562209800.0,3316459428.6
2018-03-22,'603566,ぱ應螞,20.61,20.97,20.5,20.77,20.79,-0.18,-0.8658,0.0935,152905,3150554.0,6672281400.0,3372088249.8
2018-03-21,'603566,ぱ應螞,20.79,21.3,20.74,20.98,20.97,-0.18,-0.8584,0.1473,241040,5086455.0,6730554600.0,3401538802.2
2018-03-20,'603566,ぱ應螞,20.97,20.97,20.56,20.7,20.87,0.1,0.4792,0.1216,198874,4141229.0,6788827800.0,3430989354.6
2018-03-19,'603566,ぱ應螞,20.87,21.12,20.37,20.67,20.64,0.23,1.1143,0.127,207820,4347969.0,6756453800.0,3414627936.6
2018-03-16,'603566,ぱ應螞,20.64,20.87,20.3,20.43,20.5,0.14,0.6829,0.1107,181100,3727868.0,6681993600.0,3376996675.2
2018-03-15,'603566,ぱ應螞,20.5,21.3,20.15,21.0,21.15,-0.65,-3.0733,0.1817,297300,6180541.0,6636670000.0,3354090690.0
2018-03-14,'603566,ぱ應螞,21.15,21.55,21.1,21.34,21.18,-0.03,-0.1416,0.1283,209914,4451921.0,6847101000.0,3460439907.0
2018-03-13,'603566,ぱ應螞,21.18,21.78,21.08,21.54,21.61,-0.43,-1.9898,0.2396,392068,8436163.0,6856813200.0,3465348332.4
2018-03-12,'603566,ぱ應螞,21.61,21.71,20.99,21.18,21.08,0.53,2.5142,0.2818,461060,9911047.0,6996021400.0,3535702429.8
2018-03-09,'603566,ぱ應螞,21.08,21.35,20.54,20.7,20.64,0.44,2.1318,0.4309,705064,14921868.0,6824439200.0,3448986914.4
2018-03-08,'603566,ぱ應螞,20.64,20.89,20.41,20.41,20.4,0.24,1.1765,0.1652,270238,5593269.0,6681993600.0,3376996675.2
2018-03-07,'603566,ぱ應螞,20.4,20.79,20.22,20.56,20.6,-0.2,-0.9709,0.1198,196000,4029669.0,6604296000.0,3337729272.0
2018-03-06,'603566,ぱ應螞,20.6,20.85,20.35,20.35,20.59,0.01,0.0486,0.1726,282420,5832855.0,6669044000.0,3370452108.0
2018-03-05,'603566,ぱ應螞,20.59,20.93,20.43,20.72,20.7,-0.11,-0.5314,0.2631,430490,8845415.0,6665806600.0,3368815966.2
2018-03-02,'603566,ぱ應螞,20.7,20.79,19.12,19.43,19.36,1.34,6.9215,0.6686,1093925,22180763.0,6701418000.0,3386813526.0
2018-03-01,'603566,ぱ應螞,19.36,19.55,19.01,19.01,19.2,0.16,0.8333,0.1284,210028,4060941.0,6267606400.0,3167570524.8
2018-02-28,'603566,ぱ應螞,19.2,19.5,19.1,19.41,19.53,-0.33,-1.6897,0.1366,223420,4302257.0,6215808000.0,3141392256.0
2018-02-27,'603566,ぱ應螞,19.53,19.8,19.43,19.43,19.57,-0.04,-0.2044,0.1323,216400,4240882.0,6322642200.0,3195384935.4
2018-02-26,'603566,ぱ應螞,19.57,19.77,19.35,19.35,19.39,0.18,0.9283,0.1372,224400,4397098.0,6335591800.0,3201929502.6
2018-02-23,'603566,ぱ應螞,19.39,19.54,19.08,19.33,19.16,0.23,1.2004,0.1273,208280,4020688.0,6277318600.0,3172478950.2
2018-02-22,'603566,ぱ應螞,19.16,19.4,19.0,19.4,18.93,0.23,1.215,0.0764,125040,2396128.0,6202858400.0,3134847688.8
2018-02-14,'603566,ぱ應螞,18.93,19.1,18.77,19.0,18.73,0.2,1.0678,0.0603,98700,1873393.0,6128398200.0,3097216427.4
2018-02-13,'603566,ぱ應螞,18.73,19.13,18.63,18.91,18.9,-0.17,-0.8995,0.0901,147480,2795223.0,6063650200.0,3064493591.4
2018-02-12,'603566,ぱ應螞,18.9,19.08,18.31,18.38,18.28,0.62,3.3917,0.167,273300,5139262.0,6118686000.0,3092308002.0
2018-02-09,'603566,ぱ應螞,18.28,18.86,18.0,18.58,19.12,-0.84,-4.3933,0.2638,431560,7920779.0,5917967200.0,2990867210.4
2018-02-08,'603566,ぱ應螞,19.12,19.34,18.01,19.34,18.91,0.21,1.1105,0.2184,357300,6686816.0,6189908800.0,3128303121.6
2018-02-07,'603566,ぱ應螞,18.91,19.28,18.3,18.66,18.43,0.48,2.6044,0.2694,440833,8313766.0,6121923400.0,3093944143.8
2018-02-06,'603566,ぱ應螞,18.43,19.13,18.12,19.13,19.27,-0.84,-4.3591,0.3702,605724,11226685.0,5966528200.0,3015409337.4
2018-02-05,'603566,ぱ應螞,19.27,19.97,18.9,19.97,19.97,-0.7,-3.5053,0.4384,717331,13881061.0,6238469800.0,3152845248.6
2018-02-02,'603566,ぱ應螞,19.97,20.48,19.71,19.95,19.87,0.1,0.5033,0.3614,591379,11853611.0,6465087800.0,3267375174.6
2018-02-01,'603566,ぱ應螞,19.87,21.44,19.85,21.44,21.27,-1.4,-6.582,0.6621,1083341,22076444.0,6432713800.0,3251013756.6
2018-01-31,'603566,ぱ應螞,21.27,21.7,21.15,21.33,21.5,-0.23,-1.0698,0.2864,468536,9987013.0,6885949800.0,3480073608.6
2018-01-30,'603566,ぱ應螞,21.5,21.6,21.2,21.21,21.34,0.16,0.7498,0.1365,223265,4791691.0,6960410000.0,3517704870.0
2018-01-29,'603566,ぱ應螞,21.34,21.97,21.33,21.97,21.94,-0.6,-2.7347,0.5065,828700,17790719.0,6908611600.0,3491526601.2
2018-01-26,'603566,ぱ應螞,21.94,22.51,21.6,22.51,22.74,-0.8,-3.518,0.2781,454954,9980396.0,7102855600.0,3589695109.2
2018-01-25,'603566,ぱ應螞,22.74,22.88,21.6,21.76,21.88,0.86,3.9305,0.3654,597777,13134139.0,7361847600.0,3720586453.2
2018-01-24,'603566,ぱ應螞,21.88,22.06,21.64,21.8,21.69,0.19,0.876,0.2408,393955,8593481.0,7083431200.0,3579878258.4
2018-01-23,'603566,ぱ應螞,21.69,22.27,21.52,22.18,22.2,-0.51,-2.2973,0.5426,887789,19410808.0,7021920600.0,3548791564.2
2018-01-22,'603566,ぱ應螞,22.2,22.56,22.1,22.3,22.47,-0.27,-1.2016,0.2475,404954,9002155.0,7187028000.0,3632234796.0
2018-01-19,'603566,ぱ應螞,22.47,22.76,22.23,22.29,22.29,0.18,0.8075,0.2978,487300,10950148.0,7274437800.0,3676410624.6
2018-01-18,'603566,ぱ應螞,22.29,22.74,22.14,22.14,22.31,-0.02,-0.0896,0.3551,580929,13025247.0,7216164600.0,3646960072.2
2018-01-17,'603566,ぱ應螞,22.31,22.4,22.02,22.29,22.27,0.04,0.1796,0.1739,284500,6328972.0,7222639400.0,3650232355.8
2018-01-16,'603566,ぱ應螞,22.27,22.92,21.9,22.91,22.93,-0.66,-2.8783,0.7736,1265726,28104211.0,7209689800.0,3643687788.6
2018-01-15,'603566,ぱ應螞,22.93,23.76,22.41,23.7,23.52,-0.59,-2.5085,0.3318,542950,12510112.0,7423358200.0,3751673147.4
2018-01-12,'603566,ぱ應螞,23.52,24.15,23.3,23.59,23.7,-0.18,-0.7595,0.2056,336350,7956739.0,7614364800.0,3848205513.6
2018-01-11,'603566,ぱ應螞,23.7,23.82,23.53,23.61,23.8,-0.1,-0.4202,0.3088,505281,11966760.0,7672638000.0,3877656066.0
2018-01-10,'603566,ぱ應螞,23.8,23.88,23.41,23.68,23.56,0.24,1.0187,0.2774,453900,10742831.0,7705012000.0,3894017484.0
2018-01-09,'603566,ぱ應螞,23.56,24.04,23.52,24.0,23.76,-0.2,-0.8418,0.2874,470300,11168835.0,7627314400.0,3854750080.8
2018-01-08,'603566,ぱ應螞,23.76,24.47,23.58,24.07,24.2,-0.44,-1.8182,0.3959,647818,15511251.0,7692062400.0,3887472916.8
2018-01-05,'603566,ぱ應螞,24.2,24.35,24.01,24.35,24.33,-0.13,-0.5343,0.2741,448500,10848794.0,7834508000.0,3959463156.0
2018-01-04,'603566,ぱ應螞,24.33,24.67,24.03,24.27,24.31,0.02,0.0823,0.7196,1177400,28582210.0,7876594200.0,3980732999.4
2018-01-03,'603566,ぱ應螞,24.31,24.6,23.14,23.6,23.59,0.72,3.0521,1.3608,2226486,53884120.0,7870119400.0,3977460715.8
2018-01-02,'603566,ぱ應螞,23.59,23.78,22.11,22.17,22.19,1.4,6.3091,0.9018,1475427,34248739.0,7637026600.0,3859658506.2
