ÈÕÆÚ,¹ÉÆ±´úÂë,Ãû³Æ,ÊÕÅÌ¼Û,×î¸ß¼Û,×îµÍ¼Û,¿ªÅÌ¼Û,Ç°ÊÕÅÌ,ÕÇµø¶î,ÕÇµø·ù,»»ÊÖÂÊ,³É½»Á¿,³É½»½ð¶î,×ÜÊÐÖµ,Á÷Í¨ÊÐÖµ
2019-04-26,'600746,½­ËÕË÷ÆÕ,7.55,7.76,7.31,7.4,7.4,0.15,2.027,1.3533,4122992,31213027.0,2313481962.6,2300189908.25
2019-04-25,'600746,½­ËÕË÷ÆÕ,7.4,8.02,7.36,8.0,8.06,-0.66,-8.1886,2.2476,6847536,52535827.0,2267518744.8,2254490771.0
2019-04-24,'600746,½­ËÕË÷ÆÕ,8.06,8.29,7.99,8.2,8.28,-0.22,-2.657,2.3592,7187535,58069321.0,2469756903.12,2455566974.9
2019-04-23,'600746,½­ËÕË÷ÆÕ,8.28,8.75,8.22,8.72,8.87,-0.59,-6.6516,2.4874,7578246,63881241.0,2537169622.56,2522592376.2
2019-04-22,'600746,½­ËÕË÷ÆÕ,8.87,8.88,8.31,8.45,8.52,0.35,4.108,2.9357,8943784,77825440.0,2717958279.24,2702342316.05
2019-04-19,'600746,½­ËÕË÷ÆÕ,8.52,8.57,8.18,8.49,8.49,0.03,0.3534,1.3871,4225899,35307478.0,2610710771.04,2595710995.8
2019-04-18,'600746,½­ËÕË÷ÆÕ,8.49,8.74,8.46,8.74,8.82,-0.33,-3.7415,1.6365,4985910,42783760.0,2601518127.48,2586571168.35
2019-04-17,'600746,½­ËÕË÷ÆÕ,8.82,8.91,8.47,8.59,8.6,0.22,2.5581,2.3766,7240498,63459061.0,2702637206.64,2687109270.3
2019-04-16,'600746,½­ËÕË÷ÆÕ,8.6,8.6,8.2,8.21,8.24,0.36,4.3689,1.554,4734542,40066087.0,2635224487.2,2620083869.0
2019-04-15,'600746,½­ËÕË÷ÆÕ,8.24,8.57,8.22,8.42,8.37,-0.13,-1.5532,1.1484,3498877,29291558.0,2524912764.48,2510405939.6
2019-04-12,'600746,½­ËÕË÷ÆÕ,8.37,8.48,8.27,8.33,8.29,0.08,0.965,1.1698,3563927,29804000.0,2564747553.24,2550011858.55
2019-04-11,'600746,½­ËÕË÷ÆÕ,8.29,8.75,8.29,8.75,8.73,-0.44,-5.0401,1.9329,5888800,49980654.0,2540233837.08,2525638985.35
2019-04-10,'600746,½­ËÕË÷ÆÕ,8.73,8.79,8.47,8.5,8.45,0.28,3.3136,2.5121,7653433,66586570.0,2675059275.96,2659689787.95
2019-04-09,'600746,½­ËÕË÷ÆÕ,8.45,8.79,8.35,8.45,8.66,-0.21,-2.4249,2.9365,8946472,76568474.0,2589261269.4,2574384731.75
2019-04-08,'600746,½­ËÕË÷ÆÕ,8.66,9.08,8.39,8.78,8.25,0.41,4.9697,5.1147,15582532,135929454.0,2653609774.32,2638363523.9
2019-04-04,'600746,½­ËÕË÷ÆÕ,8.25,8.4,7.89,7.99,7.99,0.26,3.2541,3.0568,9312820,75946628.0,2527976979.0,2513452548.75
2019-04-03,'600746,½­ËÕË÷ÆÕ,7.99,8.09,7.88,8.01,8.12,-0.13,-1.601,1.8409,5608423,44726116.0,2448307401.48,2434240710.85
2019-04-02,'600746,½­ËÕË÷ÆÕ,8.12,8.5,7.85,8.0,7.99,0.13,1.627,3.7962,11565632,94600428.0,2488142190.24,2473846629.8
2019-04-01,'600746,½­ËÕË÷ÆÕ,7.99,8.2,7.61,7.65,7.6,0.39,5.1316,3.2955,10039990,79729995.0,2448307401.48,2434240710.85
2019-03-29,'600746,½­ËÕË÷ÆÕ,7.6,7.62,7.29,7.49,7.48,0.12,1.6043,1.4677,4471630,33409202.0,2328803035.2,2315422954.0
2019-03-28,'600746,½­ËÕË÷ÆÕ,7.48,7.76,7.4,7.61,7.78,-0.3,-3.856,1.6114,4909211,36961508.0,2292032460.96,2278863644.2
2019-03-27,'600746,½­ËÕË÷ÆÕ,7.78,7.95,7.46,7.52,7.38,0.4,5.4201,2.4808,7558132,57975046.0,2383958896.56,2370261918.7
2019-03-26,'600746,½­ËÕË÷ÆÕ,7.38,7.75,7.37,7.62,7.62,-0.24,-3.1496,1.4506,4419300,33276080.0,2261390315.76,2248397552.7
2019-03-25,'600746,½­ËÕË÷ÆÕ,7.62,7.79,7.45,7.6,7.68,-0.06,-0.7813,1.7791,5420302,41469291.0,2334931464.24,2321516172.3
2019-03-22,'600746,½­ËÕË÷ÆÕ,7.68,7.84,7.59,7.7,7.9,-0.22,-2.7848,3.1583,9622114,74164651.0,2353316751.36,2339795827.2
2019-03-21,'600746,½­ËÕË÷ÆÕ,7.9,8.23,7.7,8.2,8.16,-0.26,-3.1863,6.3519,19351647,152924713.0,2420729470.8,2406821228.5
2019-03-20,'600746,½­ËÕË÷ÆÕ,8.16,8.16,7.39,7.39,7.42,0.74,9.973,6.6821,20357626,164639846.0,2500399048.32,2486033066.4
2019-03-19,'600746,½­ËÕË÷ÆÕ,7.42,7.53,7.2,7.48,7.48,-0.06,-0.8021,1.8272,5566820,41178377.0,2273647173.84,2260583989.3
2019-03-18,'600746,½­ËÕË÷ÆÕ,7.48,7.49,7.08,7.25,7.02,0.46,6.5527,2.7488,8374502,61638335.0,2292032460.96,2278863644.2
2019-03-15,'600746,½­ËÕË÷ÆÕ,7.02,7.17,6.84,6.84,6.84,0.18,2.6316,1.6758,5105402,36103578.0,2151078593.04,2138719623.3
2019-03-14,'600746,½­ËÕË÷ÆÕ,6.84,7.12,6.77,7.07,7.01,-0.17,-2.4251,1.2944,3943402,27288229.0,2095922731.68,2083880658.6
2019-03-13,'600746,½­ËÕË÷ÆÕ,7.01,7.32,6.99,7.18,7.16,-0.15,-2.095,2.242,6830400,48893786.0,2148014378.52,2135673014.15
2019-03-12,'600746,½­ËÕË÷ÆÕ,7.16,7.28,6.96,7.22,7.19,-0.03,-0.4172,2.3469,7150001,51085760.0,2193977596.32,2181372151.4
2019-03-11,'600746,½­ËÕË÷ÆÕ,7.19,7.2,6.81,6.81,6.9,0.29,4.2029,1.9079,5812771,41283974.0,2203170239.88,2190511978.85
2019-03-08,'600746,½­ËÕË÷ÆÕ,6.9,7.37,6.9,7.37,7.34,-0.44,-5.9946,2.4211,7376001,52419411.0,2114308018.8,2102160313.5
2019-03-07,'600746,½­ËÕË÷ÆÕ,7.34,7.68,7.13,7.6,7.38,-0.04,-0.542,3.0956,9431065,68703958.0,2249133457.68,2236211116.1
2019-03-06,'600746,½­ËÕË÷ÆÕ,7.38,7.38,6.73,6.78,6.71,0.67,9.9851,4.1738,12716025,90549217.0,2261390315.76,2248397552.7
2019-03-05,'600746,½­ËÕË÷ÆÕ,6.71,6.75,6.6,6.65,6.65,0.06,0.9023,1.4361,4375120,29208863.0,2056087942.92,2044274739.65
2019-03-04,'600746,½­ËÕË÷ÆÕ,6.65,6.82,6.63,6.68,6.69,-0.04,-0.5979,1.9108,5821430,39169110.0,2037702655.8,2025995084.75
2019-03-01,'600746,½­ËÕË÷ÆÕ,6.69,6.75,6.56,6.6,6.59,0.1,1.5175,1.3208,4023934,26846506.0,2049959513.88,2038181521.35
2019-02-28,'600746,½­ËÕË÷ÆÕ,6.59,6.64,6.45,6.55,6.55,0.04,0.6107,1.0623,3236502,21280521.0,2019317368.68,2007715429.85
2019-02-27,'600746,½­ËÕË÷ÆÕ,6.55,6.63,6.48,6.51,6.55,0.0,0.0,1.453,4426603,29027288.0,2007060510.6,1995528993.25
2019-02-26,'600746,½­ËÕË÷ÆÕ,6.55,6.71,6.48,6.59,6.62,-0.07,-1.0574,2.5047,7630901,50431735.0,2007060510.6,1995528993.25
2019-02-25,'600746,½­ËÕË÷ÆÕ,6.62,6.64,6.37,6.45,6.42,0.2,3.1153,2.4435,7444263,48620022.0,2028510012.24,2016855257.3
2019-02-22,'600746,½­ËÕË÷ÆÕ,6.42,6.42,6.25,6.35,6.39,0.03,0.4695,1.459,4445129,28142387.0,1967225721.84,1955923074.3
2019-02-21,'600746,½­ËÕË÷ÆÕ,6.39,6.46,6.29,6.33,6.33,0.06,0.9479,1.4455,4404001,28097289.0,1958033078.28,1946783246.85
2019-02-20,'600746,½­ËÕË÷ÆÕ,6.33,6.36,6.24,6.3,6.3,0.03,0.4762,0.933,2842603,17939328.0,1939647791.16,1928503591.95
2019-02-19,'600746,½­ËÕË÷ÆÕ,6.3,6.44,6.24,6.35,6.31,-0.01,-0.1585,1.448,4411394,27914906.0,1930455147.6,1919363764.5
2019-02-18,'600746,½­ËÕË÷ÆÕ,6.31,6.37,6.16,6.22,6.17,0.14,2.269,1.2653,3854883,24187563.0,1933519362.12,1922410373.65
2019-02-15,'600746,½­ËÕË÷ÆÕ,6.17,6.25,6.1,6.14,6.14,0.03,0.4886,0.9871,3007330,18584943.0,1890620358.84,1879757845.55
2019-02-14,'600746,½­ËÕË÷ÆÕ,6.14,6.19,6.1,6.19,6.19,-0.05,-0.8078,0.9643,2937700,17993670.0,1881427715.28,1870618018.1
2019-02-13,'600746,½­ËÕË÷ÆÕ,6.19,6.21,6.09,6.16,6.15,0.04,0.6504,0.9377,2856830,17620018.0,1896748787.88,1885851063.85
2019-02-12,'600746,½­ËÕË÷ÆÕ,6.15,6.19,6.06,6.16,6.15,0.0,0.0,0.8789,2677800,16397380.0,1884491929.8,1873664627.25
2019-02-11,'600746,½­ËÕË÷ÆÕ,6.15,6.15,5.99,5.99,6.02,0.13,2.1595,0.732,2230183,13598141.0,1884491929.8,1873664627.25
2019-02-01,'600746,½­ËÕË÷ÆÕ,6.02,6.05,5.71,5.77,5.7,0.32,5.614,0.926,2821199,16736899.0,1844657141.04,1834058708.3
2019-01-31,'600746,½­ËÕË÷ÆÕ,5.7,5.85,5.62,5.76,5.87,-0.17,-2.8961,1.0172,3099000,17787130.0,1746602276.4,1736567215.5
2019-01-30,'600746,½­ËÕË÷ÆÕ,5.87,5.99,5.86,5.93,5.93,-0.06,-1.0118,0.4625,1409000,8337549.0,1798693923.24,1788359571.05
2019-01-29,'600746,½­ËÕË÷ÆÕ,5.93,6.13,5.83,6.13,6.08,-0.15,-2.4671,0.9862,3004484,17825977.0,1817079210.36,1806639225.95
2019-01-28,'600746,½­ËÕË÷ÆÕ,6.08,6.19,6.03,6.11,6.07,0.01,0.1647,0.7792,2374056,14479593.0,1863042428.16,1852338363.2
2019-01-25,'600746,½­ËÕË÷ÆÕ,6.07,6.3,6.03,6.24,6.22,-0.15,-2.4116,1.5655,4769429,29349273.0,1859978213.64,1849291754.05
2019-01-24,'600746,½­ËÕË÷ÆÕ,6.22,6.31,6.16,6.3,6.36,-0.14,-2.2013,1.3345,4065697,25382771.0,1905941431.44,1894990891.3
2019-01-23,'600746,½­ËÕË÷ÆÕ,6.36,6.49,6.3,6.35,6.35,0.01,0.1575,1.29,3930095,25099682.0,1948840434.72,1937643419.4
2019-01-22,'600746,½­ËÕË÷ÆÕ,6.35,6.5,6.26,6.5,6.52,-0.17,-2.6074,1.7253,5256302,33307662.0,1945776220.2,1934596810.25
2019-01-21,'600746,½­ËÕË÷ÆÕ,6.52,6.69,6.39,6.4,6.61,-0.09,-1.3616,1.7515,5336031,34765859.0,1997867867.04,1986389165.8
2019-01-18,'600746,½­ËÕË÷ÆÕ,6.61,6.9,6.54,6.56,6.52,0.09,1.3804,2.5903,7891649,52803925.0,2025445797.72,2013808648.15
2019-01-17,'600746,½­ËÕË÷ÆÕ,6.52,6.86,6.49,6.7,6.73,-0.21,-3.1204,2.4784,7550856,50258523.0,1997867867.04,1986389165.8
2019-01-16,'600746,½­ËÕË÷ÆÕ,6.73,6.9,6.64,6.76,7.0,-0.27,-3.8571,3.0942,9426849,63416318.0,2062216371.96,2050367957.95
2019-01-15,'600746,½­ËÕË÷ÆÕ,7.0,7.25,6.67,7.01,6.82,0.18,2.6393,5.8096,17699451,123988487.0,2144950164.0,2132626405.0
2019-01-14,'600746,½­ËÕË÷ÆÕ,6.82,6.82,6.05,6.15,6.2,0.62,10.0,2.1085,6423798,41989113.0,2089794302.64,2077787440.3
2019-01-11,'600746,½­ËÕË÷ÆÕ,6.2,6.38,6.06,6.22,6.45,-0.25,-3.876,3.0627,9330700,57708048.0,1899813002.4,1888897673.0
2019-01-10,'600746,½­ËÕË÷ÆÕ,6.45,7.26,6.45,7.07,6.61,-0.16,-2.4206,5.0326,15332422,105439769.0,1976418365.4,1965062901.75
2019-01-09,'600746,½­ËÕË÷ÆÕ,6.61,6.61,5.95,6.01,6.01,0.6,9.9834,3.113,9484116,60408497.0,2025445797.72,2013808648.15
2019-01-08,'600746,½­ËÕË÷ÆÕ,6.01,6.05,5.92,5.99,6.0,0.01,0.1667,0.4887,1488913,8896727.0,1841592926.52,1831012099.15
2019-01-07,'600746,½­ËÕË÷ÆÕ,6.0,6.03,5.87,5.87,5.85,0.15,2.5641,0.6915,2106800,12555717.0,1838528712.0,1827965490.0
2019-01-04,'600746,½­ËÕË÷ÆÕ,5.85,5.9,5.63,5.65,5.78,0.07,1.2111,0.6559,1998418,11641466.0,1792565494.2,1782266352.75
2019-01-03,'600746,½­ËÕË÷ÆÕ,5.78,5.85,5.68,5.7,5.74,0.04,0.6969,0.4693,1429718,8247597.0,1771115992.56,1760940088.7
2019-01-02,'600746,½­ËÕË÷ÆÕ,5.74,5.82,5.71,5.73,5.74,0.0,0.0,0.505,1538617,8878865.0,1758859134.48,1748753652.1
2018-12-28,'600746,½­ËÕË÷ÆÕ,5.74,5.75,5.6,5.71,5.75,-0.01,-0.1739,0.671,2044379,11642062.0,1758859134.48,1748753652.1
2018-12-27,'600746,½­ËÕË÷ÆÕ,5.75,6.1,5.75,6.06,5.98,-0.23,-3.8462,0.9806,2987620,17661859.0,1761923349.0,1751800261.25
2018-12-26,'600746,½­ËÕË÷ÆÕ,5.98,6.05,5.9,5.97,5.94,0.04,0.6734,1.2009,3658764,21820332.0,1832400282.96,1821872271.7
2018-12-25,'600746,½­ËÕË÷ÆÕ,5.94,6.0,5.82,6.0,6.04,-0.1,-1.6556,1.2069,3676884,21693022.0,1820143424.88,1809685835.1
2018-12-24,'600746,½­ËÕË÷ÆÕ,6.04,6.14,5.99,6.02,6.18,-0.14,-2.2654,1.5876,4836900,29283417.0,1850785570.08,1840151926.6
2018-12-21,'600746,½­ËÕË÷ÆÕ,6.18,6.39,6.13,6.2,6.08,0.1,1.6447,3.5914,10941495,68256159.0,1893684573.36,1882804454.7
2018-12-20,'600746,½­ËÕË÷ÆÕ,6.08,6.08,5.54,5.66,5.53,0.55,9.9458,1.9605,5972833,35955153.0,1863042428.16,1852338363.2
2018-12-19,'600746,½­ËÕË÷ÆÕ,5.53,5.67,5.52,5.61,5.6,-0.07,-1.25,0.2476,754200,4208472.0,1694510629.56,1684774859.95
2018-12-18,'600746,½­ËÕË÷ÆÕ,5.6,5.7,5.55,5.68,5.68,-0.08,-1.4085,0.3473,1058200,5936632.0,1715960131.2,1706101124.0
2018-12-17,'600746,½­ËÕË÷ÆÕ,5.68,5.8,5.65,5.74,5.74,-0.06,-1.0453,0.3589,1093423,6215865.0,1740473847.36,1730473997.2
2018-12-14,'600746,½­ËÕË÷ÆÕ,5.74,5.87,5.74,5.82,5.85,-0.11,-1.8803,0.4625,1409123,8177154.0,1758859134.48,1748753652.1
2018-12-13,'600746,½­ËÕË÷ÆÕ,5.85,5.92,5.79,5.85,5.85,0.0,0.0,0.5427,1653290,9701324.0,1792565494.2,1782266352.75
2018-12-12,'600746,½­ËÕË÷ÆÕ,5.85,5.86,5.74,5.76,5.76,0.09,1.5625,0.3475,1058700,6166052.0,1792565494.2,1782266352.75
2018-12-11,'600746,½­ËÕË÷ÆÕ,5.76,5.77,5.72,5.72,5.72,0.04,0.6993,0.3218,980299,5627707.0,1764987563.52,1754846870.4
2018-12-10,'600746,½­ËÕË÷ÆÕ,5.72,5.78,5.62,5.73,5.74,-0.02,-0.3484,0.5705,1738000,9921166.0,1752730705.44,1742660433.8
2018-12-07,'600746,½­ËÕË÷ÆÕ,5.74,5.8,5.68,5.7,5.72,0.02,0.3497,0.3195,973312,5590799.0,1758859134.48,1748753652.1
2018-12-06,'600746,½­ËÕË÷ÆÕ,5.72,5.92,5.7,5.83,5.86,-0.14,-2.3891,0.5941,1810107,10431299.0,1752730705.44,1742660433.8
2018-12-05,'600746,½­ËÕË÷ÆÕ,5.86,5.89,5.76,5.85,5.91,-0.05,-0.846,0.466,1419800,8273910.0,1795629708.72,1785312961.9
2018-12-04,'600746,½­ËÕË÷ÆÕ,5.91,5.99,5.8,5.85,5.9,0.01,0.1695,0.9191,2800000,16523918.0,1810950781.32,1800546007.65
2018-12-03,'600746,½­ËÕË÷ÆÕ,5.9,6.05,5.85,6.0,5.76,0.14,2.4306,0.7988,2433601,14393658.0,1807886566.8,1797499398.5
2018-11-30,'600746,½­ËÕË÷ÆÕ,5.76,5.81,5.6,5.7,5.6,0.16,2.8571,0.4749,1446800,8232099.0,1764987563.52,1754846870.4
2018-11-29,'600746,½­ËÕË÷ÆÕ,5.6,5.91,5.6,5.86,5.87,-0.27,-4.5997,0.5179,1577800,9110217.0,1715960131.2,1706101124.0
2018-11-28,'600746,½­ËÕË÷ÆÕ,5.87,5.87,5.76,5.77,5.82,0.05,0.8591,0.4961,1511523,8800330.0,1798693923.24,1788359571.05
2018-11-27,'600746,½­ËÕË÷ÆÕ,5.82,5.84,5.78,5.78,5.77,0.05,0.8666,0.4967,1513400,8793871.0,1783372850.64,1773126525.3
2018-11-26,'600746,½­ËÕË÷ÆÕ,5.77,5.92,5.74,5.82,5.84,-0.07,-1.1986,0.4765,1451601,8459447.0,1768051778.04,1757893479.55
2018-11-23,'600746,½­ËÕË÷ÆÕ,5.84,6.1,5.78,6.05,6.08,-0.24,-3.9474,0.8028,2445900,14484861.0,1789501279.68,1779219743.6
2018-11-22,'600746,½­ËÕË÷ÆÕ,6.08,6.16,6.01,6.15,6.09,-0.01,-0.1642,0.6351,1934800,11770591.0,1863042428.16,1852338363.2
2018-11-21,'600746,½­ËÕË÷ÆÕ,6.09,6.1,5.9,6.0,6.04,0.05,0.8278,0.6268,1909546,11491598.0,1866106642.68,1855384972.35
2018-11-20,'600746,½­ËÕË÷ÆÕ,6.04,6.22,6.04,6.17,6.28,-0.24,-3.8217,0.9932,3025957,18571584.0,1850785570.08,1840151926.6
2018-11-19,'600746,½­ËÕË÷ÆÕ,6.28,6.53,6.0,6.35,6.25,0.03,0.48,1.4675,4471002,28295583.0,1924326718.56,1913270546.2
2018-11-16,'600746,½­ËÕË÷ÆÕ,6.25,6.33,6.2,6.27,6.3,-0.05,-0.7937,1.1644,3547500,22129044.0,1915134075.0,1904130718.75
2018-11-15,'600746,½­ËÕË÷ÆÕ,6.3,6.3,6.2,6.2,6.2,0.1,1.6129,1.1287,3438657,21441786.0,1930455147.6,1919363764.5
2018-11-14,'600746,½­ËÕË÷ÆÕ,6.2,6.36,6.15,6.31,6.29,-0.09,-1.4308,1.6551,5042308,31554916.0,1899813002.4,1888897673.0
2018-11-13,'600746,½­ËÕË÷ÆÕ,6.29,6.33,6.06,6.08,6.17,0.12,1.9449,1.9604,5972601,37393175.0,1927390933.08,1916317155.35
2018-11-12,'600746,½­ËÕË÷ÆÕ,6.17,6.2,5.98,6.01,6.0,0.17,2.8333,1.0401,3168686,19373193.0,1890620358.84,1879757845.55
2018-11-09,'600746,½­ËÕË÷ÆÕ,6.0,6.09,5.96,6.02,6.07,-0.07,-1.1532,0.6162,1877201,11312844.0,1838528712.0,1827965490.0
2018-11-08,'600746,½­ËÕË÷ÆÕ,6.07,6.16,6.03,6.1,6.08,-0.01,-0.1645,0.875,2665712,16231099.0,1859978213.64,1849291754.05
2018-11-07,'600746,½­ËÕË÷ÆÕ,6.08,6.21,6.05,6.12,6.15,-0.07,-1.1382,0.9255,2819745,17295661.0,1863042428.16,1852338363.2
2018-11-06,'600746,½­ËÕË÷ÆÕ,6.15,6.28,6.08,6.28,6.29,-0.14,-2.2258,1.2653,3854900,23653430.0,1884491929.8,1873664627.25
2018-11-05,'600746,½­ËÕË÷ÆÕ,6.29,6.35,6.08,6.16,6.15,0.14,2.2764,2.1561,6568845,40939992.0,1927390933.08,1916317155.35
2018-11-02,'600746,½­ËÕË÷ÆÕ,6.15,6.19,6.07,6.11,6.14,0.01,0.1629,1.6222,4942200,30294221.0,1884491929.8,1873664627.25
2018-11-01,'600746,½­ËÕË÷ÆÕ,6.14,6.2,6.02,6.03,6.1,0.04,0.6557,1.7901,5453600,33280298.0,1881427715.28,1870618018.1
2018-10-31,'600746,½­ËÕË÷ÆÕ,6.1,6.36,5.92,5.99,6.12,-0.02,-0.3268,2.2973,6998913,43007647.0,1869170857.2,1858431581.5
2018-10-30,'600746,½­ËÕË÷ÆÕ,6.12,6.21,5.72,5.75,5.84,0.28,4.7945,2.549,7765700,46802302.0,1875299286.24,1864524799.8
2018-10-29,'600746,½­ËÕË÷ÆÕ,5.84,5.99,5.82,5.82,5.98,-0.14,-2.3411,1.3126,3999101,23491687.0,1789501279.68,1779219743.6
2018-10-26,'600746,½­ËÕË÷ÆÕ,5.98,6.16,5.95,6.06,6.12,-0.14,-2.2876,2.5932,7900429,47747880.0,1832400282.96,1821872271.7
2018-10-25,'600746,½­ËÕË÷ÆÕ,6.12,6.36,5.9,5.98,5.93,0.19,3.204,4.5015,13714440,84115784.0,1875299286.24,1864524799.8
2018-10-24,'600746,½­ËÕË÷ÆÕ,5.93,5.93,5.4,5.41,5.39,0.54,10.0186,1.2134,3696702,21213513.0,1817079210.36,1806639225.95
2018-10-23,'600746,½­ËÕË÷ÆÕ,5.39,5.69,5.3,5.52,5.62,-0.23,-4.0925,1.837,5596519,30855321.0,1651611626.28,1642122331.85
2018-10-22,'600746,½­ËÕË÷ÆÕ,5.62,5.68,5.43,5.66,5.33,0.29,5.4409,1.983,6041529,33751722.0,1722088560.24,1712194342.3
2018-10-19,'600746,½­ËÕË÷ÆÕ,5.33,5.42,4.98,5.08,5.25,0.08,1.5238,1.8173,5536663,28786390.0,1633226339.16,1623842676.95
2018-10-18,'600746,½­ËÕË÷ÆÕ,5.25,5.72,5.18,5.67,5.73,-0.48,-8.377,1.9824,6039500,32446822.0,1608712623.0,1599469803.75
2018-10-17,'600746,½­ËÕË÷ÆÕ,5.73,6.19,5.7,6.06,5.71,0.02,0.3503,2.7008,8228180,48374784.0,1755794919.96,1745707042.95
2018-10-16,'600746,½­ËÕË÷ÆÕ,5.71,5.85,5.56,5.73,5.83,-0.12,-2.0583,1.647,5017800,28720176.0,1749666490.92,1739613824.65
2018-10-15,'600746,½­ËÕË÷ÆÕ,5.83,5.98,5.68,5.8,5.7,0.13,2.2807,2.6963,8214602,48221288.0,1786437065.16,1776173134.45
2018-10-12,'600746,½­ËÕË÷ÆÕ,5.7,5.9,5.28,5.28,5.38,0.32,5.948,3.3934,10338400,57770168.0,1746602276.4,1736567215.5
2018-10-11,'600746,½­ËÕË÷ÆÕ,5.38,5.7,5.38,5.53,5.98,-0.6,-10.0334,3.4847,10616374,58582839.0,1648547411.76,1639075722.7
2018-10-10,'600746,½­ËÕË÷ÆÕ,5.98,6.15,5.92,6.04,6.14,-0.16,-2.6059,4.3624,13290511,80019955.0,1832400282.96,1821872271.7
2018-10-09,'600746,½­ËÕË÷ÆÕ,6.14,6.56,6.05,6.36,6.39,-0.25,-3.9124,5.5657,16956599,105915770.0,1881427715.28,1870618018.1
2018-10-08,'600746,½­ËÕË÷ÆÕ,6.39,7.38,6.39,6.93,6.8,-0.41,-6.0294,8.7918,26785106,186297899.0,1958033078.28,1946783246.85
2018-09-28,'600746,½­ËÕË÷ÆÕ,6.8,6.8,6.28,6.28,6.18,0.62,10.0324,7.0521,21485047,142115858.0,2083665873.6,2071694222.0
2018-09-27,'600746,½­ËÕË÷ÆÕ,6.18,6.67,6.03,6.67,6.06,0.12,1.9802,7.2877,22202864,143018314.0,1893684573.36,1882804454.7
2018-09-26,'600746,½­ËÕË÷ÆÕ,6.06,6.06,5.75,5.97,5.51,0.55,9.9819,1.6676,5080613,30491064.0,1856913999.12,1846245144.9
2018-09-25,'600746,½­ËÕË÷ÆÕ,5.51,5.51,5.42,5.51,5.01,0.5,9.98,1.6381,4990593,27448141.0,1688382200.52,1678681641.65
2018-09-21,'600746,½­ËÕË÷ÆÕ,5.01,5.02,4.92,4.93,4.92,0.09,1.8293,0.7181,2187900,10873724.0,1535171474.52,1526351184.15
2018-09-20,'600746,½­ËÕË÷ÆÕ,4.92,4.96,4.9,4.95,4.95,-0.03,-0.6061,0.5236,1595300,7858375.0,1507593543.84,1498931701.8
2018-09-19,'600746,½­ËÕË÷ÆÕ,4.95,4.98,4.88,4.96,4.96,-0.01,-0.2016,1.0565,3218700,15904172.0,1516786187.4,1508071529.25
2018-09-18,'600746,½­ËÕË÷ÆÕ,4.96,5.01,4.86,4.98,5.0,-0.04,-0.8,1.1032,3361100,16563787.0,1519850401.92,1511118138.4
2018-09-17,'600746,½­ËÕË÷ÆÕ,5.0,5.17,4.94,5.17,5.21,-0.21,-4.0307,0.6593,2008700,10085161.0,1532107260.0,1523304575.0
2018-09-14,'600746,½­ËÕË÷ÆÕ,5.21,5.29,5.13,5.29,5.25,-0.04,-0.7619,0.4651,1417101,7352630.0,1596455764.92,1587283367.15
2018-09-13,'600746,½­ËÕË÷ÆÕ,5.25,5.29,5.21,5.21,5.25,0.0,0.0,0.1979,602901,3165563.0,1608712623.0,1599469803.75
2018-09-12,'600746,½­ËÕË÷ÆÕ,5.25,5.26,5.18,5.2,5.23,0.02,0.3824,0.242,737202,3858452.0,1608712623.0,1599469803.75
2018-09-11,'600746,½­ËÕË÷ÆÕ,5.23,5.27,5.16,5.2,5.26,-0.03,-0.5703,0.2754,838993,4363219.0,1602584193.96,1593376585.45
2018-09-10,'600746,½­ËÕË÷ÆÕ,5.26,5.33,5.17,5.33,5.32,-0.06,-1.1278,0.3151,960101,5026002.0,1611776837.52,1602516412.9
2018-09-07,'600746,½­ËÕË÷ÆÕ,5.32,5.34,5.25,5.29,5.25,0.07,1.3333,0.2331,710300,3761574.0,1630162124.64,1620796067.8
2018-09-06,'600746,½­ËÕË÷ÆÕ,5.25,5.41,5.22,5.39,5.39,-0.14,-2.5974,0.3552,1082204,5726681.0,1608712623.0,1599469803.75
2018-09-05,'600746,½­ËÕË÷ÆÕ,5.39,5.49,5.39,5.4,5.46,-0.07,-1.2821,0.1531,466400,2532284.0,1651611626.28,1642122331.85
2018-09-04,'600746,½­ËÕË÷ÆÕ,5.46,5.46,5.32,5.32,5.32,0.14,2.6316,0.2927,891600,4807071.0,1673061127.92,1663448595.9
2018-09-03,'600746,½­ËÕË÷ÆÕ,5.32,5.39,5.26,5.39,5.39,-0.07,-1.2987,0.2014,613473,3255026.0,1630162124.64,1620796067.8
2018-08-31,'600746,½­ËÕË÷ÆÕ,5.39,5.5,5.38,5.42,5.49,-0.1,-1.8215,0.1995,607671,3292167.0,1651611626.28,1642122331.85
2018-08-30,'600746,½­ËÕË÷ÆÕ,5.49,5.56,5.4,5.56,5.53,-0.04,-0.7233,0.2335,711342,3881471.0,1682253771.48,1672588423.35
2018-08-29,'600746,½­ËÕË÷ÆÕ,5.53,5.59,5.48,5.56,5.59,-0.06,-1.0733,0.4064,1238000,6827813.0,1694510629.56,1684774859.95
2018-08-28,'600746,½­ËÕË÷ÆÕ,5.59,5.65,5.53,5.56,5.54,0.05,0.9025,0.2757,839900,4677010.0,1712895916.68,1703054514.85
2018-08-27,'600746,½­ËÕË÷ÆÕ,5.54,5.55,5.45,5.54,5.5,0.04,0.7273,0.2838,864700,4774552.0,1697574844.08,1687821469.1
2018-08-24,'600746,½­ËÕË÷ÆÕ,5.5,5.54,5.44,5.53,5.51,-0.01,-0.1815,0.2519,767500,4201744.0,1685317986.0,1675635032.5
2018-08-23,'600746,½­ËÕË÷ÆÕ,5.51,5.56,5.32,5.32,5.39,0.12,2.2263,0.4444,1354008,7429502.0,1688382200.52,1678681641.65
2018-08-22,'600746,½­ËÕË÷ÆÕ,5.39,5.49,5.34,5.47,5.5,-0.11,-2.0,0.4986,1519008,8201350.0,1651611626.28,1642122331.85
2018-08-21,'600746,½­ËÕË÷ÆÕ,5.5,5.57,5.42,5.57,5.57,-0.07,-1.2567,0.5478,1668988,9174458.0,1685317986.0,1675635032.5
2018-08-20,'600746,½­ËÕË÷ÆÕ,5.57,5.61,5.43,5.61,5.61,-0.04,-0.713,0.5362,1633700,8973554.0,1706767487.64,1696961296.55
2018-08-17,'600746,½­ËÕË÷ÆÕ,5.61,6.06,5.48,5.99,5.98,-0.37,-6.1873,0.8175,2490500,14296847.0,1719024345.72,1709147733.15
2018-08-16,'600746,½­ËÕË÷ÆÕ,5.98,6.08,5.81,5.92,6.0,-0.02,-0.3333,0.4439,1352347,8032864.0,1832400282.96,1821872271.7
2018-08-15,'600746,½­ËÕË÷ÆÕ,6.0,6.17,6.0,6.15,6.14,-0.14,-2.2801,0.4313,1313928,7965838.0,1838528712.0,1827965490.0
2018-08-14,'600746,½­ËÕË÷ÆÕ,6.14,6.21,6.12,6.21,6.24,-0.1,-1.6026,0.3245,988700,6085155.0,1881427715.28,1870618018.1
2018-08-13,'600746,½­ËÕË÷ÆÕ,6.24,6.32,6.08,6.23,6.29,-0.05,-0.7949,0.6304,1920500,11928101.0,1912069860.48,1901084109.6
2018-08-10,'600746,½­ËÕË÷ÆÕ,6.29,6.32,6.16,6.23,6.29,0.0,0.0,0.6957,2119419,13199742.0,1927390933.08,1916317155.35
2018-08-09,'600746,½­ËÕË÷ÆÕ,6.29,6.33,5.97,6.05,6.06,0.23,3.7954,1.575,4798538,29786175.0,1927390933.08,1916317155.35
2018-08-08,'600746,½­ËÕË÷ÆÕ,6.06,6.13,5.94,6.11,6.15,-0.09,-1.4634,0.5151,1569201,9464345.0,1856913999.12,1846245144.9
2018-08-07,'600746,½­ËÕË÷ÆÕ,6.15,6.15,5.92,6.08,6.08,0.07,1.1513,0.9759,2973125,17992756.0,1884491929.8,1873664627.25
2018-08-06,'600746,½­ËÕË÷ÆÕ,6.08,6.23,6.0,6.06,6.13,-0.05,-0.8157,0.7324,2231200,13571598.0,1863042428.16,1852338363.2
2018-08-03,'600746,½­ËÕË÷ÆÕ,6.13,6.31,6.01,6.11,6.13,0.0,0.0,0.829,2525771,15475287.0,1878363500.76,1867571408.95
2018-08-02,'600746,½­ËÕË÷ÆÕ,6.13,6.27,5.91,6.27,6.34,-0.21,-3.3123,1.5816,4818573,29473083.0,1878363500.76,1867571408.95
2018-08-01,'600746,½­ËÕË÷ÆÕ,6.34,6.57,6.12,6.44,6.66,-0.32,-4.8048,2.6913,8199221,52225092.0,1942712005.68,1931550201.1
2018-07-31,'600746,½­ËÕË÷ÆÕ,6.66,6.72,5.98,6.04,6.11,0.55,9.0016,4.1282,12577036,80936156.0,2040766870.32,2029041693.9
2018-07-30,'600746,½­ËÕË÷ÆÕ,6.11,6.14,5.62,5.84,5.85,0.26,4.4444,1.9113,5822836,34323225.0,1872235071.72,1861478190.65
2018-07-27,'600746,½­ËÕË÷ÆÕ,5.85,6.15,5.61,5.61,5.73,0.12,2.0942,1.4686,4474390,26381797.0,1792565494.2,1782266352.75
2018-07-26,'600746,½­ËÕË÷ÆÕ,5.73,5.76,5.6,5.64,5.73,0.0,0.0,0.9317,2838382,16129074.0,1755794919.96,1745707042.95
2018-07-25,'600746,½­ËÕË÷ÆÕ,5.73,5.78,5.39,5.4,5.41,0.32,5.915,1.237,3768711,20982072.0,1755794919.96,1745707042.95
2018-07-24,'600746,½­ËÕË÷ÆÕ,5.41,5.46,5.27,5.3,5.31,0.1,1.8832,0.6802,2072357,11132045.0,1657740055.32,1648215550.15
2018-07-23,'600746,½­ËÕË÷ÆÕ,5.31,5.32,5.19,5.3,5.32,-0.01,-0.188,0.5601,1706300,8958616.0,1627097910.12,1617749458.65
2018-07-20,'600746,½­ËÕË÷ÆÕ,5.32,5.34,5.17,5.23,5.25,0.07,1.3333,0.5149,1568808,8255635.0,1630162124.64,1620796067.8
2018-07-19,'600746,½­ËÕË÷ÆÕ,5.25,5.31,5.16,5.29,5.31,-0.06,-1.1299,0.4253,1295801,6783360.0,1608712623.0,1599469803.75
2018-07-18,'600746,½­ËÕË÷ÆÕ,5.31,5.35,5.26,5.29,5.29,0.02,0.3781,0.4145,1262803,6707933.0,1627097910.12,1617749458.65
2018-07-17,'600746,½­ËÕË÷ÆÕ,5.29,5.37,5.23,5.33,5.31,-0.02,-0.3766,0.2842,865800,4559371.0,1620969481.08,1611656240.35
2018-07-16,'600746,½­ËÕË÷ÆÕ,5.31,5.36,5.24,5.32,5.35,-0.04,-0.7477,0.2521,767900,4061364.0,1627097910.12,1617749458.65
2018-07-13,'600746,½­ËÕË÷ÆÕ,5.35,5.38,5.27,5.36,5.36,-0.01,-0.1866,0.4971,1514453,8037836.0,1639354768.2,1629935895.25
2018-07-12,'600746,½­ËÕË÷ÆÕ,5.36,5.38,5.12,5.15,5.22,0.14,2.682,0.6749,2056019,10900890.0,1642418982.72,1632982504.4
2018-07-11,'600746,½­ËÕË÷ÆÕ,5.22,5.36,5.05,5.36,5.38,-0.16,-2.974,0.4234,1289808,6705564.0,1599519979.44,1590329976.3
2018-07-10,'600746,½­ËÕË÷ÆÕ,5.38,5.39,5.25,5.3,5.3,0.08,1.5094,0.4395,1338900,7123614.0,1648547411.76,1639075722.7
2018-07-09,'600746,½­ËÕË÷ÆÕ,5.3,5.33,5.2,5.22,5.23,0.07,1.3384,0.376,1145500,6062428.0,1624033695.6,1614702849.5
2018-07-06,'600746,½­ËÕË÷ÆÕ,5.23,5.4,5.04,5.04,5.14,0.09,1.751,0.6966,2122352,11060403.0,1602584193.96,1593376585.45
2018-07-05,'600746,½­ËÕË÷ÆÕ,5.14,5.51,5.12,5.5,5.51,-0.37,-6.7151,1.0641,3241928,17112999.0,1575006263.28,1565957103.1
2018-07-04,'600746,½­ËÕË÷ÆÕ,5.51,5.68,5.42,5.59,5.62,-0.11,-1.9573,0.5215,1588800,8749880.0,1688382200.52,1678681641.65
2018-07-03,'600746,½­ËÕË÷ÆÕ,5.62,5.65,5.46,5.64,5.64,-0.02,-0.3546,0.4298,1309500,7296607.0,1722088560.24,1712194342.3
2018-07-02,'600746,½­ËÕË÷ÆÕ,5.64,5.76,5.56,5.68,5.7,-0.06,-1.0526,0.3627,1105000,6239190.0,1728216989.28,1718287560.6
2018-06-29,'600746,½­ËÕË÷ÆÕ,5.7,5.79,5.59,5.59,5.65,0.05,0.885,0.7662,2334200,13247952.0,1746602276.4,1736567215.5
2018-06-28,'600746,½­ËÕË÷ÆÕ,5.65,5.85,5.58,5.6,5.72,-0.07,-1.2238,0.3492,1064000,6020258.0,1731281203.8,1721334169.75
2018-06-27,'600746,½­ËÕË÷ÆÕ,5.72,5.77,5.56,5.7,5.7,0.02,0.3509,0.3744,1140600,6469750.0,1752730705.44,1742660433.8
2018-06-26,'600746,½­ËÕË÷ÆÕ,5.7,5.72,5.53,5.56,5.67,0.03,0.5291,0.2915,888012,5032144.0,1746602276.4,1736567215.5
2018-06-25,'600746,½­ËÕË÷ÆÕ,5.67,5.71,5.46,5.46,5.61,0.06,1.0695,0.3962,1207000,6768610.0,1737409632.84,1727427388.05
2018-06-22,'600746,XD½­ËÕË÷,5.61,5.67,5.38,5.45,5.54,0.07,1.2635,0.3857,1175097,6474522.0,1719024345.72,1709147733.15
2018-06-21,'600746,½­ËÕË÷ÆÕ,5.66,5.71,5.5,5.67,5.67,-0.01,-0.1764,0.4496,1369812,7692374.0,1734345418.32,1724380778.9
2018-06-20,'600746,½­ËÕË÷ÆÕ,5.67,5.8,5.34,5.4,5.51,0.16,2.9038,0.5409,1647800,9095381.0,1737409632.84,1727427388.05
2018-06-19,'600746,½­ËÕË÷ÆÕ,5.51,6.06,5.46,6.06,6.07,-0.56,-9.2257,0.8578,2613500,14735234.0,1688382200.52,1678681641.65
2018-06-15,'600746,½­ËÕË÷ÆÕ,6.07,6.24,6.04,6.15,6.14,-0.07,-1.1401,0.3198,974200,5956549.0,1859978213.64,1849291754.05
2018-06-14,'600746,½­ËÕË÷ÆÕ,6.14,6.2,6.09,6.17,6.17,-0.03,-0.4862,0.2502,762130,4686201.0,1881427715.28,1870618018.1
2018-06-13,'600746,½­ËÕË÷ÆÕ,6.17,6.32,6.15,6.29,6.27,-0.1,-1.5949,0.4208,1282001,7945149.0,1890620358.84,1879757845.55
2018-06-12,'600746,½­ËÕË÷ÆÕ,6.27,6.44,6.14,6.17,6.13,0.14,2.2838,0.4902,1493352,9409235.0,1921262504.04,1910223937.05
2018-06-11,'600746,½­ËÕË÷ÆÕ,6.13,6.22,6.11,6.18,6.22,-0.09,-1.4469,0.2638,803700,4940023.0,1878363500.76,1867571408.95
2018-06-08,'600746,½­ËÕË÷ÆÕ,6.22,6.37,6.12,6.37,6.35,-0.13,-2.0472,0.3406,1037802,6445421.0,1905941431.44,1894990891.3
2018-06-07,'600746,½­ËÕË÷ÆÕ,6.35,6.47,6.25,6.33,6.3,0.05,0.7937,0.5085,1549102,9834789.0,1945776220.2,1934596810.25
2018-06-06,'600746,½­ËÕË÷ÆÕ,6.3,6.33,6.2,6.25,6.23,0.07,1.1236,0.3245,988500,6174370.0,1930455147.6,1919363764.5
2018-06-05,'600746,½­ËÕË÷ÆÕ,6.23,6.27,6.12,6.18,6.18,0.05,0.8091,0.3001,914399,5679774.0,1909005645.96,1898037500.45
2018-06-04,'600746,½­ËÕË÷ÆÕ,6.18,6.24,6.11,6.22,6.17,0.01,0.1621,0.2978,907200,5592335.0,1893684573.36,1882804454.7
2018-06-01,'600746,½­ËÕË÷ÆÕ,6.17,6.32,6.11,6.24,6.24,-0.07,-1.1218,0.4351,1325500,8235589.0,1890620358.84,1879757845.55
2018-05-31,'600746,½­ËÕË÷ÆÕ,6.24,6.28,6.19,6.19,6.21,0.03,0.4831,0.4001,1218802,7604195.0,1912069860.48,1901084109.6
2018-05-30,'600746,½­ËÕË÷ÆÕ,6.21,6.41,6.16,6.41,6.47,-0.26,-4.0185,0.5416,1650000,10327369.0,1902877216.92,1891944282.15
2018-05-29,'600746,½­ËÕË÷ÆÕ,6.47,6.57,6.41,6.48,6.52,-0.05,-0.7669,0.4325,1317602,8517564.0,1982546794.44,1971156120.05
2018-05-28,'600746,½­ËÕË÷ÆÕ,6.52,6.7,6.5,6.69,6.63,-0.11,-1.6591,0.5217,1589554,10431943.0,1997867867.04,1986389165.8
2018-05-25,'600746,½­ËÕË÷ÆÕ,6.63,6.75,6.62,6.74,6.8,-0.17,-2.5,0.977,2976468,19856133.0,2031574226.76,2019901866.45
2018-05-24,'600746,½­ËÕË÷ÆÕ,6.8,7.14,6.66,6.8,7.0,-0.2,-2.8571,2.1147,6442720,44371116.0,2083665873.6,2071694222.0
2018-05-23,'600746,½­ËÕË÷ÆÕ,7.0,7.29,6.62,6.71,6.77,0.23,3.3973,4.0185,12242749,85464474.0,2144950164.0,2132626405.0
2018-05-22,'600746,½­ËÕË÷ÆÕ,6.77,6.83,6.69,6.77,6.77,0.0,0.0,0.6508,1982800,13386738.0,2074473230.04,2062554394.55
2018-05-21,'600746,½­ËÕË÷ÆÕ,6.77,6.79,6.61,6.69,6.65,0.12,1.8045,0.7408,2257002,15145772.0,2074473230.04,2062554394.55
2018-05-18,'600746,½­ËÕË÷ÆÕ,6.65,6.68,6.46,6.54,6.51,0.14,2.1505,1.1532,3513368,23104789.0,2037702655.8,2025995084.75
2018-05-17,'600746,½­ËÕË÷ÆÕ,6.51,6.53,6.39,6.44,6.46,0.05,0.774,0.6966,2122252,13741217.0,1994803652.52,1983342556.65
2018-05-16,'600746,½­ËÕË÷ÆÕ,6.46,6.54,6.29,6.32,6.36,0.1,1.5723,1.1515,3508291,22644701.0,1979482579.92,1968109510.9
2018-05-15,'600746,½­ËÕË÷ÆÕ,6.36,6.39,6.08,6.1,6.15,0.21,3.4146,1.1063,3370512,21034760.0,1948840434.72,1937643419.4
2018-05-14,'600746,½­ËÕË÷ÆÕ,6.15,6.44,6.14,6.4,6.49,-0.34,-5.2388,1.0656,3246570,20524635.0,1884491929.8,1873664627.25
2018-05-11,'600746,½­ËÕË÷ÆÕ,6.49,6.53,6.26,6.36,6.35,0.14,2.2047,1.3985,4260741,27286647.0,1988675223.48,1977249338.35
2018-05-10,'600746,½­ËÕË÷ÆÕ,6.35,6.37,6.25,6.29,6.26,0.09,1.4377,0.8277,2521600,15844938.0,1945776220.2,1934596810.25
2018-05-09,'600746,½­ËÕË÷ÆÕ,6.26,6.32,6.22,6.32,6.28,-0.02,-0.3185,0.4855,1479201,9262698.0,1918198289.52,1907177327.9
2018-05-08,'600746,½­ËÕË÷ÆÕ,6.28,6.29,6.2,6.25,6.25,0.03,0.48,0.7856,2393521,14923337.0,1924326718.56,1913270546.2
2018-05-07,'600746,½­ËÕË÷ÆÕ,6.25,6.26,6.14,6.18,6.15,0.1,1.626,0.7174,2185608,13581793.0,1915134075.0,1904130718.75
2018-05-04,'600746,½­ËÕË÷ÆÕ,6.15,6.22,6.09,6.19,6.19,-0.04,-0.6462,0.5282,1609301,9900230.0,1884491929.8,1873664627.25
2018-05-03,'600746,½­ËÕË÷ÆÕ,6.19,6.25,6.02,6.12,6.12,0.07,1.1438,0.6891,2099508,12881620.0,1896748787.88,1885851063.85
2018-05-02,'600746,½­ËÕË÷ÆÕ,6.12,6.39,6.0,6.31,6.53,-0.41,-6.2787,1.5723,4790145,29469631.0,1875299286.24,1864524799.8
2018-04-27,'600746,½­ËÕË÷ÆÕ,6.53,7.17,6.53,7.17,7.26,-0.73,-10.0551,2.2023,6709503,44306825.0,2000932081.56,1989435774.95
2018-04-26,'600746,½­ËÕË÷ÆÕ,7.26,7.51,7.24,7.47,7.47,-0.21,-2.8112,0.3289,1001900,7359952.0,2224619741.52,2211838242.9
2018-04-25,'600746,½­ËÕË÷ÆÕ,7.47,7.51,7.32,7.32,7.35,0.12,1.6327,0.414,1261420,9351392.0,2288968246.44,2275817035.05
2018-04-24,'600746,½­ËÕË÷ÆÕ,7.35,7.41,7.23,7.26,7.24,0.11,1.5193,0.3537,1077500,7910274.0,2252197672.2,2239257725.25
2018-04-23,'600746,½­ËÕË÷ÆÕ,7.24,7.36,7.16,7.3,7.31,-0.07,-0.9576,0.3545,1079900,7850729.0,2218491312.48,2205745024.6
2018-04-20,'600746,½­ËÕË÷ÆÕ,7.31,7.57,7.31,7.57,7.57,-0.26,-3.4346,0.4639,1413300,10456332.0,2239940814.12,2227071288.65
2018-04-19,'600746,½­ËÕË÷ÆÕ,7.57,7.58,7.44,7.45,7.47,0.1,1.3387,0.3701,1127549,8475370.0,2319610391.64,2306283126.55
2018-04-18,'600746,½­ËÕË÷ÆÕ,7.47,7.59,7.3,7.43,7.38,0.09,1.2195,0.5234,1594601,11826500.0,2288968246.44,2275817035.05
2018-04-17,'600746,½­ËÕË÷ÆÕ,7.38,7.64,7.36,7.57,7.57,-0.19,-2.5099,0.4766,1452000,10934426.0,2261390315.76,2248397552.7
2018-04-16,'600746,½­ËÕË÷ÆÕ,7.57,7.78,7.56,7.72,7.79,-0.22,-2.8241,0.4516,1376001,10521829.0,2319610391.64,2306283126.55
2018-04-13,'600746,½­ËÕË÷ÆÕ,7.79,7.89,7.75,7.88,7.83,-0.04,-0.5109,0.4707,1433900,11183295.0,2387023111.08,2373308527.85
2018-04-12,'600746,½­ËÕË÷ÆÕ,7.83,7.93,7.79,7.82,7.9,-0.07,-0.8861,0.6064,1847378,14505218.0,2399279969.16,2385494964.45
2018-04-11,'600746,½­ËÕË÷ÆÕ,7.9,8.07,7.83,7.88,7.72,0.18,2.3316,1.1819,3600908,28542431.0,2420729470.8,2406821228.5
2018-04-10,'600746,½­ËÕË÷ÆÕ,7.72,7.74,7.62,7.68,7.68,0.04,0.5208,0.5096,1552536,11907322.0,2365573609.44,2351982263.8
2018-04-09,'600746,½­ËÕË÷ÆÕ,7.68,7.74,7.59,7.6,7.67,0.01,0.1304,0.4034,1229076,9422634.0,2353316751.36,2339795827.2
2018-04-04,'600746,½­ËÕË÷ÆÕ,7.67,7.79,7.66,7.69,7.69,-0.02,-0.2601,0.4778,1455575,11256764.0,2350252536.84,2336749218.05
2018-04-03,'600746,½­ËÕË÷ÆÕ,7.69,7.77,7.65,7.77,7.86,-0.17,-2.1628,0.5825,1774781,13690951.0,2356380965.88,2342842436.35
2018-04-02,'600746,½­ËÕË÷ÆÕ,7.86,7.98,7.78,7.79,7.8,0.06,0.7692,0.6502,1980926,15637901.0,2408472612.72,2394634791.9
2018-03-30,'600746,½­ËÕË÷ÆÕ,7.8,7.88,7.77,7.82,7.77,0.03,0.3861,0.6108,1860768,14551086.0,2390087325.6,2376355137.0
2018-03-29,'600746,½­ËÕË÷ÆÕ,7.77,7.82,7.67,7.67,7.67,0.1,1.3038,0.413,1258400,9759343.0,2380894682.04,2367215309.55
2018-03-28,'600746,½­ËÕË÷ÆÕ,7.67,7.75,7.65,7.68,7.75,-0.08,-1.0323,0.4916,1497600,11529930.0,2350252536.84,2336749218.05
2018-03-27,'600746,½­ËÕË÷ÆÕ,7.75,7.84,7.66,7.66,7.63,0.12,1.5727,0.71,2163221,16767393.0,2374766253.0,2361122091.25
2018-03-26,'600746,½­ËÕË÷ÆÕ,7.63,7.64,7.27,7.55,7.62,0.01,0.1312,0.6311,1922675,14377911.0,2337995678.76,2324562781.45
2018-03-23,'600746,½­ËÕË÷ÆÕ,7.62,8.05,7.5,7.91,8.27,-0.65,-7.8597,1.2488,3804469,29692327.0,2334931464.24,2321516172.3
2018-03-22,'600746,½­ËÕË÷ÆÕ,8.27,8.36,8.21,8.21,8.27,0.0,0.0,0.8639,2631941,21832498.0,2534105408.04,2519545767.05
2018-03-21,'600746,½­ËÕË÷ÆÕ,8.27,8.38,8.22,8.26,8.25,0.02,0.2424,0.7156,2180301,18117577.0,2534105408.04,2519545767.05
2018-03-20,'600746,½­ËÕË÷ÆÕ,8.25,8.3,8.17,8.26,8.29,-0.04,-0.4825,0.6044,1841386,15161082.0,2527976979.0,2513452548.75
2018-03-19,'600746,½­ËÕË÷ÆÕ,8.29,8.46,8.27,8.46,8.46,-0.17,-2.0095,0.6002,1828682,15272692.0,2540233837.08,2525638985.35
2018-03-16,'600746,½­ËÕË÷ÆÕ,8.46,8.49,8.36,8.49,8.44,0.02,0.237,0.6461,1968549,16573780.0,2592325483.92,2577431340.9
2018-03-15,'600746,½­ËÕË÷ÆÕ,8.44,8.48,8.21,8.29,8.27,0.17,2.0556,1.4707,4480700,37570593.0,2586197054.88,2571338122.6
2018-03-14,'600746,½­ËÕË÷ÆÕ,8.27,8.42,8.27,8.41,8.39,-0.12,-1.4303,0.5319,1620408,13524151.0,2534105408.04,2519545767.05
2018-03-13,'600746,½­ËÕË÷ÆÕ,8.39,8.48,8.31,8.46,8.51,-0.12,-1.4101,0.8491,2586976,21696013.0,2570875982.28,2556105076.85
2018-03-12,'600746,½­ËÕË÷ÆÕ,8.51,8.58,8.25,8.25,8.25,0.26,3.1515,1.4167,4316271,36475888.0,2607646556.52,2592664386.65
2018-03-09,'600746,½­ËÕË÷ÆÕ,8.25,8.27,8.11,8.18,8.16,0.09,1.1029,0.817,2489012,20421869.0,2527976979.0,2513452548.75
2018-03-08,'600746,½­ËÕË÷ÆÕ,8.16,8.19,8.08,8.11,8.11,0.05,0.6165,0.5617,1711401,13907043.0,2500399048.32,2486033066.4
2018-03-07,'600746,½­ËÕË÷ÆÕ,8.11,8.26,8.09,8.26,8.23,-0.12,-1.4581,0.5919,1803392,14718561.0,2485077975.72,2470800020.65
2018-03-06,'600746,½­ËÕË÷ÆÕ,8.23,8.25,8.05,8.12,8.15,0.08,0.9816,0.9165,2792188,22763364.0,2521848549.96,2507359330.45
2018-03-05,'600746,½­ËÕË÷ÆÕ,8.15,8.2,8.09,8.13,8.14,0.01,0.1229,0.48,1462316,11870340.0,2497334833.8,2482986457.25
2018-03-02,'600746,½­ËÕË÷ÆÕ,8.14,8.19,8.06,8.14,8.18,-0.04,-0.489,0.623,1898094,15412864.0,2494270619.28,2479939848.1
2018-03-01,'600746,½­ËÕË÷ÆÕ,8.18,8.2,7.9,7.98,8.03,0.15,1.868,0.7071,2154217,17375144.0,2506527477.36,2492126284.7
2018-02-28,'600746,½­ËÕË÷ÆÕ,8.03,8.05,7.85,7.98,7.97,0.06,0.7528,0.4992,1520861,12116282.0,2460564259.56,2446427147.45
2018-02-27,'600746,½­ËÕË÷ÆÕ,7.97,8.06,7.95,8.05,8.05,-0.08,-0.9938,0.5219,1589903,12700478.0,2442178972.44,2428147492.55
2018-02-26,'600746,½­ËÕË÷ÆÕ,8.05,8.12,7.89,7.94,7.92,0.13,1.6414,0.637,1940803,15584971.0,2466692688.6,2452520365.75
2018-02-23,'600746,½­ËÕË÷ÆÕ,7.92,7.94,7.85,7.9,7.91,0.01,0.1264,0.3588,1093200,8631622.0,2426857899.84,2412914446.8
2018-02-22,'600746,½­ËÕË÷ÆÕ,7.91,7.94,7.82,7.94,7.77,0.14,1.8018,0.3865,1177600,9287197.0,2423793685.32,2409867837.65
2018-02-14,'600746,½­ËÕË÷ÆÕ,7.77,7.88,7.7,7.78,7.78,-0.01,-0.1285,0.2259,688300,5338201.0,2380894682.04,2367215309.55
2018-02-13,'600746,½­ËÕË÷ÆÕ,7.78,7.89,7.76,7.83,7.83,-0.05,-0.6386,0.338,1029800,8060189.0,2383958896.56,2370261918.7
2018-02-12,'600746,½­ËÕË÷ÆÕ,7.83,7.89,7.61,7.61,7.58,0.25,3.2982,0.5116,1558794,12080411.0,2399279969.16,2385494964.45
2018-02-09,'600746,½­ËÕË÷ÆÕ,7.58,7.87,7.5,7.87,7.99,-0.41,-5.1314,0.8621,2626600,20146967.0,2322674606.16,2309329735.7
2018-02-08,'600746,½­ËÕË÷ÆÕ,7.99,8.05,7.85,7.97,7.97,0.02,0.2509,0.531,1617700,12914102.0,2448307401.48,2434240710.85
2018-02-07,'600746,½­ËÕË÷ÆÕ,7.97,8.12,7.73,8.0,7.83,0.14,1.788,0.7625,2322901,18477079.0,2442178972.44,2428147492.55
2018-02-06,'600746,½­ËÕË÷ÆÕ,7.83,8.25,7.78,8.05,8.17,-0.34,-4.1616,1.1269,3433300,27710290.0,2399279969.16,2385494964.45
2018-02-05,'600746,½­ËÕË÷ÆÕ,8.17,8.21,7.71,7.79,8.02,0.15,1.8703,0.8049,2452300,19759153.0,2503463262.84,2489079675.55
2018-02-02,'600746,½­ËÕË÷ÆÕ,8.02,8.12,7.57,7.92,7.95,0.07,0.8805,0.7887,2402882,18839702.0,2457500045.04,2443380538.3
2018-02-01,'600746,½­ËÕË÷ÆÕ,7.95,8.4,7.91,8.31,8.32,-0.37,-4.4471,1.1009,3354139,27079184.0,2436050543.4,2422054274.25
2018-01-31,'600746,½­ËÕË÷ÆÕ,8.32,8.6,8.27,8.6,8.61,-0.29,-3.3682,1.1439,3484877,29172214.0,2549426480.64,2534778812.8
2018-01-30,'600746,½­ËÕË÷ÆÕ,8.61,8.81,7.94,8.79,8.82,-0.21,-2.381,1.2863,3918850,33616646.0,2638288701.72,2623130478.15
2018-01-29,'600746,½­ËÕË÷ÆÕ,8.82,9.19,8.78,8.78,8.69,0.13,1.496,1.9692,5999517,53618637.0,2702637206.64,2687109270.3
2018-01-26,'600746,½­ËÕË÷ÆÕ,8.69,8.87,8.68,8.7,9.01,-0.32,-3.5516,2.2909,6979373,61101133.0,2662802417.88,2647503351.35
2018-01-25,'600746,½­ËÕË÷ÆÕ,9.01,9.33,8.92,9.0,8.59,0.42,4.8894,5.8993,17972741,163463479.0,2760857282.52,2744994844.15
2018-01-24,'600746,½­ËÕË÷ÆÕ,8.59,8.63,8.35,8.4,8.39,0.2,2.3838,1.6663,5076530,43147241.0,2632160272.68,2617037259.85
2018-01-23,'600746,½­ËÕË÷ÆÕ,8.39,8.4,8.1,8.15,8.15,0.24,2.9448,1.4004,4266356,35343565.0,2570875982.28,2556105076.85
2018-01-22,'600746,½­ËÕË÷ÆÕ,8.15,8.21,8.02,8.17,8.19,-0.04,-0.4884,0.4817,1467688,11935161.0,2497334833.8,2482986457.25
2018-01-19,'600746,½­ËÕË÷ÆÕ,8.19,8.27,8.11,8.24,8.2,-0.01,-0.122,0.6143,1871401,15334671.0,2509591691.88,2495172893.85
2018-01-18,'600746,½­ËÕË÷ÆÕ,8.2,8.21,7.98,8.06,8.08,0.12,1.4851,0.754,2297182,18655146.0,2512655906.4,2498219503.0
2018-01-17,'600746,½­ËÕË÷ÆÕ,8.08,8.08,7.79,7.99,7.97,0.11,1.3802,0.6497,1979501,15703067.0,2475885332.16,2461660193.2
2018-01-16,'600746,½­ËÕË÷ÆÕ,7.97,8.03,7.88,8.01,7.95,0.02,0.2516,0.4981,1517633,12074907.0,2442178972.44,2428147492.55
2018-01-15,'600746,½­ËÕË÷ÆÕ,7.95,8.25,7.91,8.25,8.23,-0.28,-3.4022,0.7941,2419300,19432096.0,2436050543.4,2422054274.25
2018-01-12,'600746,½­ËÕË÷ÆÕ,8.23,8.35,8.2,8.35,8.34,-0.11,-1.3189,0.5253,1600310,13222519.0,2521848549.96,2507359330.45
2018-01-11,'600746,½­ËÕË÷ÆÕ,8.34,8.35,8.13,8.24,8.19,0.15,1.8315,0.6535,1991098,16478226.0,2555554909.68,2540872031.1
2018-01-10,'600746,½­ËÕË÷ÆÕ,8.19,8.39,8.17,8.39,8.37,-0.18,-2.1505,0.7133,2173265,17931220.0,2509591691.88,2495172893.85
2018-01-09,'600746,½­ËÕË÷ÆÕ,8.37,8.43,8.31,8.31,8.35,0.02,0.2395,0.6304,1920601,16082542.0,2564747553.24,2550011858.55
2018-01-08,'600746,½­ËÕË÷ÆÕ,8.35,8.5,8.32,8.39,8.43,-0.08,-0.949,0.8209,2501000,20935265.0,2558619124.2,2543918640.25
2018-01-05,'600746,½­ËÕË÷ÆÕ,8.43,8.44,8.28,8.31,8.32,0.11,1.3221,0.9807,2987739,25040741.0,2583132840.36,2568291513.45
2018-01-04,'600746,½­ËÕË÷ÆÕ,8.32,8.43,8.3,8.37,8.35,-0.03,-0.3593,0.8082,2462336,20616919.0,2549426480.64,2534778812.8
2018-01-03,'600746,½­ËÕË÷ÆÕ,8.35,8.41,8.27,8.3,8.33,0.02,0.2401,0.6839,2083519,17366200.0,2558619124.2,2543918640.25
2018-01-02,'600746,½­ËÕË÷ÆÕ,8.33,8.38,8.15,8.17,8.18,0.15,1.8337,0.8059,2455373,20356351.0,2552490695.16,2537825421.95
