»’∆Џ,є…∆±іъ¬л,√ы≥∆, ’≈ћЉџ,„оЄяЉџ,„оµЌЉџ,њ™≈ћЉџ,«∞ ’≈ћ,’«µшґо,’«µшЈщ,її ÷¬ ,≥…љїЅњ,≥…љїљрґо,„№ –÷µ,ЅчЌ® –÷µ
2019-04-26,'603993,¬е—фов“µ,4.37,4.45,4.37,4.42,4.45,-0.08,-1.7978,0.4377,77328716,340870074.0,94388681347.7,77199426187.7
2019-04-25,'603993,¬е—фов“µ,4.45,4.6,4.45,4.59,4.6,-0.15,-3.2609,0.5734,101290952,457258137.0,96116620594.4,78612687994.4
2019-04-24,'603993,¬е—фов“µ,4.6,4.61,4.51,4.56,4.55,0.05,1.0989,0.4788,84582047,385816771.0,99356506681.8,81262553881.8
2019-04-23,'603993,¬е—фов“µ,4.55,4.64,4.51,4.62,4.62,-0.07,-1.5152,0.7149,126297065,574321210.0,98276544652.6,80379265252.6
2019-04-22,'603993,¬е—фов“µ,4.62,4.78,4.61,4.78,4.85,-0.23,-4.7423,1.2517,221119615,1030887488.0,99788491493.5,81615869333.5
2019-04-19,'603993,¬е—фов“µ,4.85,4.85,4.77,4.79,4.82,0.03,0.6224,0.5107,90211707,434151864.0,1.04756316828e+11,85678997027.6
2019-04-18,'603993,¬е—фов“µ,4.82,4.94,4.81,4.91,4.91,-0.09,-1.833,0.7054,124621937,605618237.0,1.0410833961e+11,85149023850.1
2019-04-17,'603993,¬е—фов“µ,4.91,4.96,4.89,4.96,4.96,-0.05,-1.0081,0.7246,127998457,629990208.0,1.06052271263e+11,86738943382.5
2019-04-16,'603993,¬е—фов“µ,4.96,4.96,4.76,4.81,4.85,0.11,2.268,0.9875,174453714,854890697.0,1.07132233292e+11,87622232011.7
2019-04-15,'603993,¬е—фов“µ,4.85,4.97,4.84,4.94,4.85,0.0,0.0,0.6652,117507146,577275232.0,1.04756316828e+11,85678997027.6
2019-04-12,'603993,¬е—фов“µ,4.85,4.91,4.8,4.85,4.89,-0.04,-0.818,0.5802,102494731,496236183.0,1.04756316828e+11,85678997027.6
2019-04-11,'603993,¬е—фов“µ,4.89,5.06,4.88,4.94,4.95,-0.06,-1.2121,0.9471,167308188,830149533.0,1.05620286451e+11,86385627930.9
2019-04-10,'603993,¬е—фов“µ,4.95,4.98,4.88,4.91,4.96,-0.01,-0.2016,0.7054,124615162,614030213.0,1.06916240886e+11,87445574285.9
2019-04-09,'603993,¬е—фов“µ,4.96,5.07,4.89,5.07,5.09,-0.13,-2.554,1.2453,219986013,1090173208.0,1.07132233292e+11,87622232011.7
2019-04-08,'603993,¬е—фов“µ,5.09,5.22,5.03,5.18,5.07,0.02,0.3945,1.6775,296337234,1514521166.0,1.09940134567e+11,89918782447.5
2019-04-04,'603993,¬е—фов“µ,5.07,5.18,5.01,5.05,5.01,0.06,1.1976,1.54,272054585,1383977398.0,1.09508149756e+11,89565466995.8
2019-04-03,'603993,¬е—фов“µ,5.01,5.05,4.91,4.98,5.03,-0.02,-0.3976,1.2485,220552843,1101627380.0,1.08212195321e+11,88505520640.8
2019-04-02,'603993,¬е—фов“µ,5.03,5.15,4.88,5.0,4.95,0.08,1.6162,2.0149,355946590,1773494509.0,1.08644180132e+11,88858836092.5
2019-04-01,'603993,¬е—фов“µ,4.95,5.03,4.69,4.69,4.66,0.29,6.2232,1.9918,351861173,1720709832.0,1.06916240886e+11,87445574285.9
2019-03-29,'603993,¬е—фов“µ,4.66,4.66,4.48,4.55,4.53,0.13,2.8698,0.8278,146238673,670800225.0,1.00652461117e+11,82322500236.8
2019-03-28,'603993,¬е—фов“µ,4.53,4.6,4.43,4.48,4.48,0.05,1.1161,0.5939,104921855,473691223.0,97844559841.0,80025949801.0
2019-03-27,'603993,¬е—фов“µ,4.48,4.56,4.43,4.53,4.51,-0.03,-0.6652,0.5175,91420322,409332614.0,96764597811.8,79142661171.8
2019-03-26,'603993,¬е—фов“µ,4.51,4.67,4.48,4.62,4.61,-0.1,-2.1692,0.7664,135396749,619130660.0,97412575029.3,79672634349.3
2019-03-25,'603993,¬е—фов“µ,4.61,4.7,4.61,4.67,4.78,-0.17,-3.5565,1.0154,179381091,834560911.0,99572499087.6,81439211607.6
2019-03-22,'603993,¬е—фов“µ,4.78,4.87,4.72,4.85,4.87,-0.09,-1.848,1.0166,179598592,857886903.0,1.03244369987e+11,84442392946.7
2019-03-21,'603993,¬е—фов“µ,4.87,4.94,4.85,4.88,4.88,-0.01,-0.2049,1.019,180005419,880591054.0,1.05188301639e+11,86032312479.2
2019-03-20,'603993,¬е—фов“µ,4.88,4.98,4.81,4.97,4.93,-0.05,-1.0142,0.9139,161448497,790055942.0,1.05404294045e+11,86208970205.0
2019-03-19,'603993,¬е—фов“µ,4.93,4.97,4.87,4.92,4.95,-0.02,-0.404,0.9364,165426165,811894877.0,1.06484256074e+11,87092258834.2
2019-03-18,'603993,¬е—фов“µ,4.95,4.95,4.77,4.77,4.76,0.19,3.9916,1.3191,233022428,1135576114.0,1.06916240886e+11,87445574285.9
2019-03-15,'603993,¬е—фов“µ,4.76,4.87,4.73,4.84,4.75,0.01,0.2105,0.8254,145806435,699444784.0,1.02812385175e+11,84089077495.1
2019-03-14,'603993,¬е—фов“µ,4.75,4.92,4.7,4.8,4.83,-0.08,-1.6563,1.0051,177561635,854083474.0,1.02596392769e+11,83912419769.2
2019-03-13,'603993,¬е—фов“µ,4.83,4.92,4.75,4.84,4.85,-0.02,-0.4124,1.0831,191337527,925776520.0,1.04324332016e+11,85325681575.9
2019-03-12,'603993,¬е—фов“µ,4.85,4.95,4.76,4.86,4.85,0.0,0.0,1.1791,208292278,1013753006.0,1.04756316828e+11,85678997027.6
2019-03-11,'603993,¬е—фов“µ,4.85,4.86,4.69,4.76,4.76,0.09,1.8908,0.9894,174785484,837404003.0,1.04756316828e+11,85678997027.6
2019-03-08,'603993,¬е—фов“µ,4.76,5.04,4.7,5.04,5.15,-0.39,-7.5728,1.6569,292707253,1434626295.0,1.02812385175e+11,84089077495.1
2019-03-07,'603993,¬е—фов“µ,5.15,5.34,4.96,5.04,5.07,0.08,1.5779,2.0738,366359590,1886848159.0,1.11236089002e+11,90978728802.4
2019-03-06,'603993,¬е—фов“µ,5.07,5.13,4.88,4.88,4.88,0.19,3.8934,2.1884,386597478,1936281310.0,1.09508149756e+11,89565466995.8
2019-03-05,'603993,¬е—фов“µ,4.88,4.88,4.73,4.79,4.83,0.05,1.0352,1.1415,201652451,970100062.0,1.05404294045e+11,86208970205.0
2019-03-04,'603993,¬е—фов“µ,4.83,4.93,4.78,4.8,4.79,0.04,0.8351,1.4382,254063014,1233831878.0,1.04324332016e+11,85325681575.9
2019-03-01,'603993,¬е—фов“µ,4.79,4.84,4.69,4.81,4.76,0.03,0.6303,0.8221,145232148,691348253.0,1.03460362393e+11,84619050672.6
2019-02-28,'603993,¬е—фов“µ,4.76,4.85,4.72,4.8,4.8,-0.04,-0.8333,0.7805,137879991,658917380.0,1.02812385175e+11,84089077495.1
2019-02-27,'603993,¬е—фов“µ,4.8,4.98,4.7,4.85,4.92,-0.12,-2.439,1.5689,277150675,1348039738.0,1.03676354798e+11,84795708398.4
2019-02-26,'603993,¬е—фов“µ,4.92,5.16,4.68,4.84,4.78,0.14,2.9289,2.4821,438482996,2139336884.0,1.06268263668e+11,86915601108.4
2019-02-25,'603993,¬е—фов“µ,4.78,4.78,4.46,4.46,4.39,0.39,8.8838,2.0067,354506050,1638603738.0,1.03244369987e+11,84442392946.7
2019-02-22,'603993,¬е—фов“µ,4.39,4.39,4.25,4.32,4.34,0.05,1.1521,0.8988,158784415,684268716.0,94820666159.4,77552741639.4
2019-02-21,'603993,¬е—фов“µ,4.34,4.46,4.32,4.42,4.42,-0.08,-1.81,1.1141,196813050,865142441.0,93740704130.2,76669453010.2
2019-02-20,'603993,¬е—фов“µ,4.42,4.48,4.31,4.33,4.31,0.11,2.5522,1.4296,252554271,1115529110.0,95468643376.9,78082714816.9
2019-02-19,'603993,¬е—фов“µ,4.31,4.44,4.24,4.33,4.32,-0.01,-0.2315,1.1106,196200306,850073643.0,93092726912.7,76139479832.7
2019-02-18,'603993,¬е—фов“µ,4.32,4.33,4.18,4.22,4.16,0.16,3.8462,1.1294,199517409,847503810.0,93308719318.6,76316137558.6
2019-02-15,'603993,¬е—фов“µ,4.16,4.26,4.12,4.14,4.16,0.0,0.0,0.7139,126120684,528038179.0,89852840825.3,73489613945.3
2019-02-14,'603993,¬е—фов“µ,4.16,4.19,4.11,4.17,4.19,-0.03,-0.716,0.7005,123751693,513397196.0,89852840825.3,73489613945.3
2019-02-13,'603993,¬е—фов“µ,4.19,4.27,4.03,4.05,4.05,0.14,3.4568,1.2564,221959212,922635772.0,90500818042.8,74019587122.8
2019-02-12,'603993,¬е—фов“µ,4.05,4.07,4.0,4.02,4.06,-0.01,-0.2463,0.6898,121853517,491680177.0,87476924361.1,71546378961.1
2019-02-11,'603993,¬е—фов“µ,4.06,4.08,3.89,3.9,3.9,0.16,4.1026,0.8657,152936255,606223333.0,87692916767.0,71723036687.0
2019-02-01,'603993,¬е—фов“µ,3.9,3.91,3.83,3.86,3.84,0.06,1.5625,0.4215,74469736,288310841.0,84237038273.7,68896513073.7
2019-01-31,'603993,¬е—фов“µ,3.84,3.9,3.78,3.85,3.79,0.05,1.3193,0.5442,96143774,369817229.0,82941083838.7,67836566718.7
2019-01-30,'603993,¬е—фов“µ,3.79,3.83,3.73,3.76,3.79,0.0,0.0,0.2249,39725948,150697339.0,81861121809.6,66953278089.6
2019-01-29,'603993,¬е—фов“µ,3.79,3.83,3.62,3.83,3.84,-0.05,-1.3021,0.4197,74141756,277878018.0,81861121809.6,66953278089.6
2019-01-28,'603993,¬е—фов“µ,3.84,3.89,3.83,3.87,3.85,-0.01,-0.2597,0.2847,50296321,194106089.0,82941083838.7,67836566718.7
2019-01-25,'603993,¬е—фов“µ,3.85,3.89,3.83,3.86,3.86,-0.01,-0.2591,0.2851,50361391,194128466.0,83157076244.6,68013224444.6
2019-01-24,'603993,¬е—фов“µ,3.86,3.89,3.83,3.88,3.89,-0.03,-0.7712,0.2495,44079573,169993267.0,83373068650.4,68189882170.4
2019-01-23,'603993,¬е—фов“µ,3.89,3.89,3.83,3.85,3.86,0.03,0.7772,0.2383,42093087,162988903.0,84021045867.9,68719855347.9
2019-01-22,'603993,¬е—фов“µ,3.86,3.92,3.85,3.91,3.92,-0.06,-1.5306,0.3676,64945633,251651428.0,83373068650.4,68189882170.4
2019-01-21,'603993,¬е—фов“µ,3.92,3.97,3.91,3.97,3.92,0.0,0.0,0.4938,87226889,342906697.0,84669023085.4,69249828525.4
2019-01-18,'603993,¬е—фов“µ,3.92,3.96,3.81,3.81,3.82,0.1,2.6178,0.8269,146084443,570086290.0,84669023085.4,69249828525.4
2019-01-17,'603993,¬е—фов“µ,3.82,3.87,3.78,3.82,3.82,0.0,0.0,0.3541,62554415,238961849.0,82509099027.1,67483251267.1
2019-01-16,'603993,¬е—фов“µ,3.82,3.86,3.81,3.85,3.86,-0.04,-1.0363,0.2513,44385822,170009246.0,82509099027.1,67483251267.1
2019-01-15,'603993,¬е—фов“µ,3.86,3.88,3.8,3.82,3.81,0.05,1.3123,0.3829,67637047,259995370.0,83373068650.4,68189882170.4
2019-01-14,'603993,¬е—фов“µ,3.81,3.86,3.8,3.84,3.83,-0.02,-0.5222,0.2649,46798443,179223864.0,82293106621.2,67306593541.2
2019-01-11,'603993,¬е—фов“µ,3.83,3.85,3.8,3.8,3.8,0.03,0.7895,0.2088,36886500,141108298.0,82725091432.9,67659908992.9
2019-01-10,'603993,¬е—фов“µ,3.8,3.86,3.8,3.84,3.86,-0.06,-1.5544,0.3171,56012412,214340747.0,82077114215.4,67129935815.4
2019-01-09,'603993,¬е—фов“µ,3.86,3.93,3.83,3.86,3.85,0.01,0.2597,0.3833,67706590,262594368.0,83373068650.4,68189882170.4
2019-01-08,'603993,¬е—фов“µ,3.85,3.9,3.85,3.9,3.89,-0.04,-1.0283,0.2766,48864480,189003642.0,83157076244.6,68013224444.6
2019-01-07,'603993,¬е—фов“µ,3.89,3.91,3.83,3.86,3.83,0.06,1.5666,0.4874,86104696,332815643.0,84021045867.9,68719855347.9
2019-01-04,'603993,¬е—фов“µ,3.83,3.85,3.67,3.68,3.74,0.09,2.4064,0.4871,86050938,325756878.0,82725091432.9,67659908992.9
2019-01-03,'603993,¬е—фов“µ,3.74,3.76,3.67,3.7,3.71,0.03,0.8086,0.3125,55198167,205053788.0,80781159780.4,66069989460.4
2019-01-02,'603993,¬е—фов“µ,3.71,3.79,3.65,3.78,3.76,-0.05,-1.3298,0.3072,54269661,201531123.0,80133182562.9,65540016282.9
2018-12-28,'603993,¬е—фов“µ,3.76,3.81,3.74,3.79,3.76,0.0,0.0,0.2903,51282972,193517799.0,81213144592.1,66423304912.1
2018-12-27,'603993,¬е—фов“µ,3.76,3.93,3.75,3.91,3.84,-0.08,-2.0833,0.3441,60780462,233511784.0,81213144592.1,66423304912.1
2018-12-26,'603993,¬е—фов“µ,3.84,3.9,3.84,3.85,3.89,-0.05,-1.2853,0.2278,40245358,155452928.0,82941083838.7,67836566718.7
2018-12-25,'603993,¬е—фов“µ,3.89,3.91,3.76,3.91,3.95,-0.06,-1.519,0.4353,76891107,294701986.0,84021045867.9,68719855347.9
2018-12-24,'603993,¬е—фов“µ,3.95,4.0,3.92,3.93,3.93,0.02,0.5089,0.2073,36619958,144704075.0,85317000302.9,69779801702.9
2018-12-21,'603993,¬е—фов“µ,3.93,4.05,3.91,4.02,4.05,-0.12,-2.963,0.4293,75838374,300684148.0,84885015491.2,69426486251.2
2018-12-20,'603993,¬е—фов“µ,4.05,4.13,4.01,4.09,4.09,-0.04,-0.978,0.4221,74564226,302720179.0,87476924361.1,71546378961.1
2018-12-19,'603993,¬е—фов“µ,4.09,4.15,4.08,4.13,4.15,-0.06,-1.4458,0.299,52825422,216982002.0,88340893984.5,72253009864.5
2018-12-18,'603993,¬е—фов“µ,4.15,4.19,4.09,4.12,4.15,0.0,0.0,0.4774,84328728,349065686.0,89636848419.4,73312956219.4
2018-12-17,'603993,¬е—фов“µ,4.15,4.16,4.04,4.06,4.08,0.07,1.7157,0.515,90972684,375419031.0,89636848419.4,73312956219.4
2018-12-14,'603993,¬е—фов“µ,4.08,4.18,4.07,4.13,4.15,-0.07,-1.6867,0.9151,161663230,668672117.0,88124901578.6,72076352138.6
2018-12-13,'603993,¬е—фов“µ,4.15,4.17,4.07,4.11,4.09,0.06,1.467,0.5722,101083573,417988133.0,89636848419.4,73312956219.4
2018-12-12,'603993,¬е—фов“µ,4.09,4.1,4.03,4.06,4.02,0.07,1.7413,0.4756,84013133,343006204.0,88340893984.5,72253009864.5
2018-12-11,'603993,¬е—фов“µ,4.02,4.03,3.97,4.0,3.97,0.05,1.2594,0.2174,38406924,153899245.0,86828947143.7,71016405783.7
2018-12-10,'603993,¬е—фов“µ,3.97,4.04,3.97,4.03,4.05,-0.08,-1.9753,0.3161,55833540,222913379.0,85748985114.5,70133117154.5
2018-12-07,'603993,¬е—фов“µ,4.05,4.1,4.03,4.09,4.06,-0.01,-0.2463,0.2838,50139775,203597251.0,87476924361.1,71546378961.1
2018-12-06,'603993,¬е—фов“µ,4.06,4.12,4.05,4.1,4.13,-0.07,-1.6949,0.4712,83244041,338919507.0,87692916767.0,71723036687.0
2018-12-05,'603993,¬е—фов“µ,4.13,4.19,3.97,4.0,4.07,0.06,1.4742,0.9327,164765945,678116225.0,89204863607.8,72959640767.8
2018-12-04,'603993,¬е—фов“µ,4.07,4.09,4.03,4.09,4.09,-0.02,-0.489,0.5037,88980650,361726860.0,87908909172.8,71899694412.8
2018-12-03,'603993,¬е—фов“µ,4.09,4.13,4.05,4.07,3.97,0.12,3.0227,0.7844,138576710,566134846.0,88340893984.5,72253009864.5
2018-11-30,'603993,¬е—фов“µ,3.97,4.03,3.82,3.86,3.88,0.09,2.3196,0.7797,137740637,543631453.0,85748985114.5,70133117154.5
2018-11-29,'603993,¬е—фов“µ,3.88,3.97,3.86,3.93,3.88,0.0,0.0,0.5974,105541995,413594870.0,83805053462.0,68543197622.0
2018-11-28,'603993,¬е—фов“µ,3.88,3.88,3.77,3.83,3.85,0.03,0.7792,0.4037,71324508,273651193.0,83805053462.0,68543197622.0
2018-11-27,'603993,¬е—фов“µ,3.85,3.88,3.8,3.84,3.8,0.05,1.3158,0.3404,60128235,230863770.0,83157076244.6,68013224444.6
2018-11-26,'603993,¬е—фов“µ,3.8,3.9,3.79,3.85,3.87,-0.07,-1.8088,0.3691,65209789,250362091.0,82077114215.4,67129935815.4
2018-11-23,'603993,¬е—фов“µ,3.87,4.08,3.85,4.06,4.06,-0.19,-4.6798,0.6842,120875011,475810610.0,83589061056.2,68366539896.2
2018-11-22,'603993,¬е—фов“µ,4.06,4.13,4.05,4.1,4.09,-0.03,-0.7335,0.3439,60744774,247893972.0,87692916767.0,71723036687.0
2018-11-21,'603993,¬е—фов“µ,4.09,4.1,3.97,4.05,4.12,-0.03,-0.7282,0.5725,101129496,409112882.0,88340893984.5,72253009864.5
2018-11-20,'603993,¬е—фов“µ,4.12,4.23,4.1,4.12,4.16,-0.04,-0.9615,0.8409,148556874,617431866.0,88988871202.0,72782983042.0
2018-11-19,'603993,¬е—фов“µ,4.16,4.18,4.11,4.16,4.18,-0.02,-0.4785,0.6014,106234544,439032017.0,89852840825.3,73489613945.3
2018-11-16,'603993,¬е—фов“µ,4.18,4.22,4.15,4.19,4.18,0.0,0.0,0.7479,132126568,552858863.0,90284825636.9,73842929396.9
2018-11-15,'603993,¬е—фов“µ,4.18,4.18,4.1,4.11,4.14,0.04,0.9662,0.6348,112149812,464727007.0,90284825636.9,73842929396.9
2018-11-14,'603993,¬е—фов“µ,4.14,4.22,4.13,4.18,4.2,-0.06,-1.4286,0.6861,121197650,506115799.0,89420856013.6,73136298493.6
2018-11-13,'603993,¬е—фов“µ,4.2,4.22,4.06,4.08,4.17,0.03,0.7194,0.9281,163958526,682166307.0,90716810448.6,74196244848.6
2018-11-12,'603993,¬е—фов“µ,4.17,4.18,4.04,4.07,4.12,0.05,1.2136,0.7562,133594802,549034185.0,90068833231.1,73666271671.1
2018-11-09,'603993,¬е—фов“µ,4.12,4.17,4.1,4.15,4.21,-0.09,-2.1378,0.6373,112585454,465211269.0,88988871202.0,72782983042.0
2018-11-08,'603993,¬е—фов“µ,4.21,4.32,4.2,4.3,4.3,-0.09,-2.093,0.9913,175120565,741711337.0,90932802854.4,74372902574.4
2018-11-07,'603993,¬е—фов“µ,4.3,4.49,4.27,4.42,4.09,0.21,5.1345,2.285,403654203,1773088005.0,92876734506.9,75962822106.9
2018-11-06,'603993,¬е—фов“µ,4.09,4.13,4.04,4.09,4.13,-0.04,-0.9685,0.5484,96878798,394908849.0,88340893984.5,72253009864.5
2018-11-05,'603993,¬е—фов“µ,4.13,4.2,4.08,4.12,4.19,-0.06,-1.432,0.9596,169528411,700615882.0,89204863607.8,72959640767.8
2018-11-02,'603993,¬е—фов“µ,4.19,4.25,4.03,4.1,4.01,0.18,4.4888,1.5767,278530723,1147648838.0,90500818042.8,74019587122.8
2018-11-01,'603993,¬е—фов“µ,4.01,4.12,3.99,4.06,4.07,-0.06,-1.4742,1.1943,210974844,853065401.0,86612954737.8,70839748057.8
2018-10-31,'603993,¬е—фов“µ,4.07,4.11,3.87,3.93,3.88,0.19,4.8969,1.2922,228272958,911493013.0,87908909172.8,71899694412.8
2018-10-30,'603993,¬е—фов“µ,3.88,3.92,3.78,3.8,3.76,0.12,3.1915,0.7536,133132245,514628718.0,83805053462.0,68543197622.0
2018-10-29,'603993,¬е—фов“µ,3.76,3.83,3.74,3.82,3.84,-0.08,-2.0833,0.4193,74070801,279908263.0,81213144592.1,66423304912.1
2018-10-26,'603993,¬е—фов“µ,3.84,3.95,3.81,3.87,3.8,0.04,1.0526,0.8092,142952041,554222369.0,82941083838.7,67836566718.7
2018-10-25,'603993,¬е—фов“µ,3.8,3.82,3.61,3.64,3.83,-0.03,-0.7833,0.544,96099323,357004092.0,82077114215.4,67129935815.4
2018-10-24,'603993,¬е—фов“µ,3.83,3.88,3.74,3.74,3.78,0.05,1.3228,0.6215,109789825,420755175.0,82725091432.9,67659908992.9
2018-10-23,'603993,¬е—фов“µ,3.78,3.93,3.75,3.92,3.92,-0.14,-3.5714,0.7007,123778790,474357358.0,81645129403.7,66776620363.7
2018-10-22,'603993,¬е—фов“µ,3.92,4.0,3.65,3.69,3.65,0.27,7.3973,1.1164,197214054,755526725.0,84669023085.4,69249828525.4
2018-10-19,'603993,¬е—фов“µ,3.65,3.68,3.44,3.5,3.57,0.08,2.2409,0.5433,95978665,343786065.0,78837228127.9,64480069927.9
2018-10-18,'603993,¬е—фов“µ,3.57,3.64,3.55,3.6,3.67,-0.1,-2.7248,0.4516,79771087,286532968.0,77109288881.3,63066808121.3
2018-10-17,'603993,¬е—фов“µ,3.67,3.79,3.56,3.75,3.7,-0.03,-0.8108,0.6978,123273655,451227369.0,79269212939.6,64833385379.6
2018-10-16,'603993,¬е—фов“µ,3.7,3.78,3.66,3.74,3.71,-0.01,-0.2695,0.4654,82216572,305894436.0,79917190157.1,65363358557.1
2018-10-15,'603993,¬е—фов“µ,3.71,3.85,3.68,3.75,3.79,-0.08,-2.1108,0.5225,92311203,347166401.0,80133182562.9,65540016282.9
2018-10-12,'603993,¬е—фов“µ,3.79,3.87,3.54,3.81,3.88,-0.09,-2.3196,0.9242,163270042,608671895.0,81861121809.6,66953278089.6
2018-10-11,'603993,¬е—фов“µ,3.88,4.15,3.88,4.11,4.31,-0.43,-9.9768,1.1189,197668794,786196720.0,83805053462.0,68543197622.0
2018-10-10,'603993,¬е—фов“µ,4.31,4.4,4.25,4.39,4.35,-0.04,-0.9195,0.4908,86696427,374510873.0,93092726912.7,76139479832.7
2018-10-09,'603993,¬е—фов“µ,4.35,4.38,4.29,4.32,4.3,0.05,1.1628,0.4024,71081341,308709015.0,93956696536.1,76846110736.1
2018-10-08,'603993,¬е—фов“µ,4.3,4.47,4.28,4.45,4.56,-0.26,-5.7018,0.6971,123156911,539878802.0,92876734506.9,75962822106.9
2018-09-28,'603993,¬е—фов“µ,4.56,4.61,4.51,4.6,4.61,-0.05,-1.0846,0.8413,148614129,675965197.0,98492537058.5,80555922978.5
2018-09-27,'603993,¬е—фов“µ,4.61,4.67,4.56,4.63,4.63,-0.02,-0.432,0.5178,91465710,422476886.0,99572499087.6,81439211607.6
2018-09-26,'603993,¬е—фов“µ,4.63,4.69,4.6,4.63,4.63,0.0,0.0,0.6259,110570946,513511617.0,1.00004483899e+11,81792527059.3
2018-09-25,'603993,¬е—фов“µ,4.63,4.7,4.55,4.57,4.65,-0.02,-0.4301,0.6027,106474679,494389494.0,1.00004483899e+11,81792527059.3
2018-09-21,'603993,¬е—фов“µ,4.65,4.72,4.46,4.56,4.52,0.13,2.8761,1.0899,192531693,887289206.0,1.00436468711e+11,82145842510.9
2018-09-20,'603993,¬е—фов“µ,4.52,4.63,4.48,4.49,4.48,0.04,0.8929,0.8673,153209462,698587955.0,97628567435.2,79849292075.2
2018-09-19,'603993,¬е—фов“µ,4.48,4.52,4.37,4.4,4.4,0.08,1.8182,0.7269,128411291,572767213.0,96764597811.8,79142661171.8
2018-09-18,'603993,¬е—фов“µ,4.4,4.45,4.22,4.25,4.27,0.13,3.0445,0.5765,101849260,439924069.0,95036658565.2,77729399365.2
2018-09-17,'603993,¬е—фов“µ,4.27,4.4,4.27,4.4,4.43,-0.16,-3.6117,0.406,71717770,308810513.0,92228757289.4,75432848929.4
2018-09-14,'603993,¬е—фов“µ,4.43,4.53,4.4,4.43,4.43,0.0,0.0,0.6754,119315231,532974797.0,95684635782.7,78259372542.7
2018-09-13,'603993,¬е—фов“µ,4.43,4.5,4.37,4.46,4.37,0.06,1.373,0.5806,102560049,454287828.0,95684635782.7,78259372542.7
2018-09-12,'603993,¬е—фов“µ,4.37,4.43,4.24,4.28,4.29,0.08,1.8648,0.6526,115293138,502239124.0,94388681347.7,77199426187.7
2018-09-11,'603993,¬е—фов“µ,4.29,4.32,4.19,4.28,4.29,0.0,0.0,0.4759,84070820,358217815.0,92660742101.1,75786164381.1
2018-09-10,'603993,¬е—фов“µ,4.29,4.47,4.28,4.47,4.48,-0.19,-4.2411,0.512,90453026,394630610.0,92660742101.1,75786164381.1
2018-09-07,'603993,¬е—фов“µ,4.48,4.57,4.43,4.5,4.48,0.0,0.0,0.4484,79212603,355923002.0,96764597811.8,79142661171.8
2018-09-06,'603993,¬е—фов“µ,4.48,4.6,4.44,4.53,4.56,-0.08,-1.7544,0.4801,84820174,384086738.0,96764597811.8,79142661171.8
2018-09-05,'603993,¬е—фов“µ,4.56,4.69,4.55,4.69,4.72,-0.16,-3.3898,0.5187,91637789,424403379.0,98492537058.5,80555922978.5
2018-09-04,'603993,¬е—фов“µ,4.72,4.75,4.62,4.69,4.73,-0.01,-0.2114,0.5691,100529840,471914959.0,1.01948415552e+11,83382446591.8
2018-09-03,'603993,¬е—фов“µ,4.73,4.77,4.65,4.74,4.7,0.03,0.6383,0.5033,88919099,418867183.0,1.02164407958e+11,83559104317.6
2018-08-31,'603993,¬е—фов“µ,4.7,4.79,4.67,4.77,4.81,-0.11,-2.2869,0.5556,98155965,463225597.0,1.0151643074e+11,83029131140.1
2018-08-30,'603993,¬е—фов“µ,4.81,4.92,4.8,4.91,4.9,-0.09,-1.8367,0.5819,102799071,498670387.0,1.03892347204e+11,84972366124.2
2018-08-29,'603993,¬е—фов“µ,4.9,4.97,4.89,4.97,4.98,-0.08,-1.6064,0.5204,91936902,452198257.0,1.05836278857e+11,86562285656.7
2018-08-28,'603993,¬е—фов“µ,4.98,5.04,4.88,4.97,4.91,0.07,1.4257,1.0042,177396091,879958157.0,1.07564218103e+11,87975547463.3
2018-08-27,'603993,¬е—фов“µ,4.91,4.92,4.82,4.84,4.81,0.1,2.079,0.7187,126961930,619783126.0,1.06052271263e+11,86738943382.5
2018-08-24,'603993,¬е—фов“µ,4.81,4.88,4.79,4.88,4.9,-0.09,-1.8367,0.4846,85608757,413484138.0,1.03892347204e+11,84972366124.2
2018-08-23,'603993,¬е—фов“µ,4.9,4.93,4.82,4.85,4.84,0.06,1.2397,0.4366,77126126,376018303.0,1.05836278857e+11,86562285656.7
2018-08-22,'603993,¬е—фов“µ,4.84,4.96,4.83,4.95,4.97,-0.13,-2.6157,0.4958,87583080,427692221.0,1.04540324422e+11,85502339301.7
2018-08-21,'603993,¬е—фов“µ,4.97,5.01,4.89,4.95,4.94,0.03,0.6073,0.6416,113345832,562356557.0,1.07348225698e+11,87798889737.5
2018-08-20,'603993,¬е—фов“µ,4.94,4.95,4.8,4.84,4.8,0.14,2.9167,0.5479,96795915,471611165.0,1.0670024848e+11,87268916560.0
2018-08-17,'603993,¬е—фов“µ,4.8,4.96,4.79,4.93,4.86,-0.06,-1.2346,0.4833,85383430,416312074.0,1.03676354798e+11,84795708398.4
2018-08-16,'603993,¬е—фов“µ,4.86,4.93,4.72,4.76,4.86,0.0,0.0,0.472,83383171,403449549.0,1.04972309233e+11,85855654753.4
2018-08-15,'603993,¬е—фов“µ,4.86,5.03,4.85,5.0,5.01,-0.15,-2.994,0.4857,85797975,422400693.0,1.04972309233e+11,85855654753.4
2018-08-14,'603993,¬е—фов“µ,5.01,5.04,4.96,5.03,5.05,-0.04,-0.7921,0.5176,91444447,456976784.0,1.08212195321e+11,88505520640.8
2018-08-13,'603993,¬е—фов“µ,5.05,5.08,4.86,4.9,5.01,0.04,0.7984,0.6827,120604580,600280386.0,1.09076164944e+11,89212151544.1
2018-08-10,'603993,¬е—фов“µ,5.01,5.03,4.95,5.03,4.99,0.02,0.4008,0.7227,127674865,637662144.0,1.08212195321e+11,88505520640.8
2018-08-09,'603993,¬е—фов“µ,4.99,5.07,4.77,4.79,4.76,0.23,4.8319,1.2019,212320937,1053309110.0,1.07780210509e+11,88152205189.2
2018-08-08,'603993,¬е—фов“µ,4.76,4.92,4.72,4.89,4.92,-0.16,-3.252,0.7523,132906897,642467490.0,1.02812385175e+11,84089077495.1
2018-08-07,'603993,¬е—фов“µ,4.92,4.93,4.61,4.82,4.78,0.14,2.9289,1.0849,191660085,921315230.0,1.06268263668e+11,86915601108.4
2018-08-06,'603993,¬е—фов“µ,4.78,5.17,4.74,5.17,5.22,-0.44,-8.4291,1.3853,244722038,1201375504.0,1.03244369987e+11,84442392946.7
2018-08-03,'603993,¬е—фов“µ,5.22,5.44,5.21,5.4,5.43,-0.21,-3.8674,0.7687,135793510,722332455.0,1.12748035843e+11,92215332883.3
2018-08-02,'603993,¬е—фов“µ,5.43,5.62,5.3,5.62,5.66,-0.23,-4.0636,1.1016,194606074,1059719653.0,1.17283876366e+11,95925145125.7
2018-08-01,'603993,¬е—фов“µ,5.66,5.91,5.65,5.87,5.86,-0.2,-3.413,1.0904,192632079,1109402948.0,1.222517017e+11,99988272819.8
2018-07-31,'603993,¬е—фов“µ,5.86,6.03,5.82,6.0,5.88,-0.02,-0.3401,0.937,165531473,978364817.0,1.26571549816e+11,1.03521427336e+11
2018-07-30,'603993,¬е—фов“µ,5.88,5.96,5.79,5.84,5.79,0.09,1.5544,0.8763,154809702,908950075.0,1.27003534628e+11,1.03874742788e+11
2018-07-27,'603993,¬е—фов“µ,5.79,5.89,5.74,5.83,5.87,-0.08,-1.3629,0.6972,123157388,715301571.0,1.25059602976e+11,1.02284823256e+11
2018-07-26,'603993,¬е—фов“µ,5.87,6.07,5.83,6.05,6.08,-0.21,-3.4539,1.2382,218730762,1294488267.0,1.26787542222e+11,1.03698085062e+11
2018-07-25,'603993,¬е—фов“µ,6.08,6.2,6.01,6.2,6.17,-0.09,-1.4587,1.3854,244740694,1486340208.0,1.31323382745e+11,1.07407897305e+11
2018-07-24,'603993,¬е—фов“µ,6.17,6.36,6.01,6.1,6.17,0.0,0.0,2.1758,384372771,2371301313.0,1.33267314397e+11,1.08997816837e+11
2018-07-23,'603993,¬е—фов“µ,6.17,6.18,5.86,6.04,6.05,0.12,1.9835,0.8428,109180326,662871970.0,1.33267314397e+11,79924518412.8
2018-07-20,'603993,¬е—фов“µ,6.05,6.12,5.93,6.0,5.96,0.09,1.5101,0.6566,85054703,512798237.0,1.30675405527e+11,78370070728.9
2018-07-19,'603993,¬е—фов“µ,5.96,6.13,5.91,5.99,6.14,-0.18,-2.9316,0.789,102201108,612986761.0,1.28731473875e+11,77204234966.0
2018-07-18,'603993,¬е—фов“µ,6.14,6.32,6.11,6.29,6.3,-0.16,-2.5397,0.7183,93051082,578846583.0,1.3261933718e+11,79535906491.9
2018-07-17,'603993,¬е—фов“µ,6.3,6.42,6.2,6.35,6.4,-0.1,-1.5625,0.7775,100720489,633230664.0,1.36075215673e+11,81608503403.7
2018-07-16,'603993,¬е—фов“µ,6.4,6.53,6.33,6.44,6.53,-0.13,-1.9908,0.7407,95945332,614779244.0,1.38235139731e+11,82903876473.6
2018-07-13,'603993,¬е—фов“µ,6.53,6.7,6.24,6.33,6.33,0.2,3.1596,1.3476,174565188,1128623163.0,1.41043041007e+11,84587861464.5
2018-07-12,'603993,¬е—фов“µ,6.33,6.37,6.15,6.21,6.29,0.04,0.6359,0.9198,119142640,748786317.0,1.3672319289e+11,81997115324.7
2018-07-11,'603993,¬е—фов“µ,6.29,6.47,5.98,6.0,6.22,0.07,1.1254,1.4159,183415379,1147289490.0,1.35859223267e+11,81478966096.7
2018-07-10,'603993,¬е—фов“µ,6.22,6.28,5.82,5.82,5.81,0.41,7.0568,1.2571,162836450,1000192639.0,1.34347276426e+11,80572204947.8
2018-07-09,'603993,¬е—фов“µ,5.81,5.81,5.65,5.65,5.65,0.16,2.8319,0.6189,80171914,461177224.0,1.25491587787e+11,75261175361.2
2018-07-06,'603993,¬е—фов“µ,5.65,5.74,5.43,5.59,5.61,0.04,0.713,0.7234,93705607,527579724.0,1.22035709294e+11,73188578449.4
2018-07-05,'603993,¬е—фов“µ,5.61,6.09,5.55,6.04,6.04,-0.43,-7.1192,0.7183,93041867,540538806.0,1.21171739671e+11,72670429221.4
2018-07-04,'603993,¬е—фов“µ,6.04,6.19,6.02,6.13,6.15,-0.11,-1.7886,0.3815,49416545,301352988.0,1.30459413121e+11,78240533422.0
2018-07-03,'603993,¬е—фов“µ,6.15,6.19,5.96,6.15,6.14,0.01,0.1629,0.5064,65601136,398636618.0,1.32835329585e+11,79665443798.9
2018-07-02,'603993,¬е—фов“µ,6.14,6.27,6.08,6.26,6.29,-0.15,-2.3847,0.5399,69942520,430950440.0,1.3261933718e+11,79535906491.9
2018-06-29,'603993,¬е—фов“µ,6.29,6.3,6.06,6.06,6.09,0.2,3.2841,0.6507,84290554,524392481.0,1.35859223267e+11,81478966096.7
2018-06-28,'603993,¬е—фов“µ,6.09,6.21,6.05,6.09,6.15,-0.06,-0.9756,0.3643,47185262,289100355.0,1.3153937515e+11,78888219956.9
2018-06-27,'603993,¬е—фов“µ,6.15,6.35,6.12,6.29,6.3,-0.15,-2.381,0.4365,56541726,350350979.0,1.32835329585e+11,79665443798.9
2018-06-26,'603993,XD¬е—фов,6.3,6.32,5.97,6.08,6.2,0.1,1.6129,0.4741,61409987,382676477.0,1.36075215673e+11,81608503403.7
2018-06-25,'603993,¬е—фов“µ,6.28,6.43,6.26,6.36,6.3,-0.02,-0.3175,0.5965,77269181,491316048.0,1.35643230861e+11,81349428789.7
2018-06-22,'603993,¬е—фов“µ,6.3,6.37,5.91,6.01,6.1,0.2,3.2787,0.7295,94492545,586906065.0,1.36075215673e+11,81608503403.7
2018-06-21,'603993,¬е—фов“µ,6.1,6.36,6.09,6.23,6.24,-0.14,-2.2436,0.5924,76732458,476868472.0,1.31755367556e+11,79017757263.9
2018-06-20,'603993,¬е—фов“µ,6.24,6.3,6.03,6.06,6.15,0.09,1.4634,0.6687,86620327,534651857.0,1.34779261238e+11,80831279561.8
2018-06-19,'603993,¬е—фов“µ,6.15,6.62,6.15,6.62,6.83,-0.68,-9.9561,1.0695,138541415,875247638.0,1.32835329585e+11,79665443798.9
2018-06-15,'603993,¬е—фов“µ,6.83,7.02,6.71,6.96,6.96,-0.13,-1.8678,0.6927,89727164,613553533.0,1.47522813182e+11,88473980674.2
2018-06-14,'603993,¬е—фов“µ,6.96,7.07,6.87,6.9,6.96,0.0,0.0,0.3935,50974048,355928132.0,1.50330714458e+11,90157965665.0
2018-06-13,'603993,¬е—фов“µ,6.96,7.08,6.96,7.0,7.11,-0.15,-2.1097,0.3923,50822885,356062846.0,1.50330714458e+11,90157965665.0
2018-06-12,'603993,¬е—фов“µ,7.11,7.13,6.92,7.09,7.13,-0.02,-0.2805,0.4961,64265606,451560975.0,1.53570600545e+11,92101025269.9
2018-06-11,'603993,¬е—фов“µ,7.13,7.22,7.08,7.12,7.1,0.03,0.4225,0.4237,54882033,392387839.0,1.54002585357e+11,92360099883.9
2018-06-08,'603993,¬е—фов“µ,7.1,7.2,7.02,7.18,7.23,-0.13,-1.7981,0.499,64636808,456949757.0,1.53354608139e+11,91971487962.9
2018-06-07,'603993,¬е—фов“µ,7.23,7.4,7.22,7.38,7.31,-0.08,-1.0944,0.5593,72455209,528675063.0,1.56162509415e+11,93655472953.8
2018-06-06,'603993,¬е—фов“µ,7.31,7.41,7.14,7.17,7.18,0.13,1.8106,0.8884,115075949,840764152.0,1.57890448662e+11,94691771409.7
2018-06-05,'603993,¬е—фов“µ,7.18,7.18,6.98,7.01,7.02,0.16,2.2792,0.5535,71698728,509249133.0,1.55082547386e+11,93007786418.8
2018-06-04,'603993,¬е—фов“µ,7.02,7.19,6.88,7.17,7.17,-0.15,-2.0921,0.6236,80781322,567002063.0,1.51626668893e+11,90935189507.0
2018-06-01,'603993,¬е—фов“µ,7.17,7.33,7.02,7.09,7.11,0.06,0.8439,0.6509,84312501,606027633.0,1.5486655498e+11,92878249111.8
2018-05-31,'603993,¬е—фов“µ,7.11,7.16,7.01,7.07,7.01,0.1,1.4265,0.5931,76834815,544778376.0,1.53570600545e+11,92101025269.9
2018-05-30,'603993,¬е—фов“µ,7.01,7.34,6.81,7.34,7.47,-0.46,-6.158,1.0958,141948954,1008053774.0,1.51410676487e+11,90805652200.0
2018-05-29,'603993,¬е—фов“µ,7.47,7.59,7.42,7.53,7.53,-0.06,-0.7968,0.555,71889926,539043683.0,1.61346327155e+11,96764368321.5
2018-05-28,'603993,¬е—фов“µ,7.53,7.64,7.38,7.55,7.53,0.0,0.0,0.4796,62121637,468397199.0,1.6264228159e+11,97541592163.5
2018-05-25,'603993,¬е—фов“µ,7.53,7.81,7.51,7.76,7.77,-0.24,-3.0888,0.6875,89055554,677552721.0,1.6264228159e+11,97541592163.5
2018-05-24,'603993,¬е—фов“µ,7.77,7.85,7.72,7.73,7.8,-0.03,-0.3846,0.4943,64033960,499204886.0,1.6782609933e+11,1.00650487531e+11
2018-05-23,'603993,¬е—фов“µ,7.8,8.06,7.79,7.99,8.11,-0.31,-3.8224,0.9853,127637969,1003838020.0,1.68474076547e+11,1.01039099452e+11
2018-05-22,'603993,¬е—фов“µ,8.11,8.17,7.92,8.17,8.27,-0.16,-1.9347,1.265,163860315,1314432766.0,1.75169841128e+11,1.05054755969e+11
2018-05-21,'603993,¬е—фов“µ,8.27,8.45,8.22,8.29,8.2,0.07,0.8537,1.0178,131846030,1095257723.0,1.78625719621e+11,1.07127352881e+11
2018-05-18,'603993,¬е—фов“µ,8.2,8.23,7.97,8.11,8.1,0.1,1.2346,0.7667,99319352,806068266.0,1.77113772781e+11,1.06220591732e+11
2018-05-17,'603993,¬е—фов“µ,8.1,8.32,8.06,8.25,8.18,-0.08,-0.978,0.676,87566867,715870150.0,1.74953848722e+11,1.04925218662e+11
2018-05-16,'603993,¬е—фов“µ,8.18,8.32,8.16,8.23,8.33,-0.15,-1.8007,0.8389,108663631,892860981.0,1.76681787969e+11,1.05961517118e+11
2018-05-15,'603993,¬е—фов“µ,8.33,8.43,8.15,8.28,8.29,0.04,0.4825,1.0447,135331049,1121045561.0,1.79921674056e+11,1.07904576723e+11
2018-05-14,'603993,¬е—фов“µ,8.29,8.45,8.01,8.17,8.15,0.14,1.7178,1.7894,231793442,1911861722.0,1.79057704433e+11,1.07386427495e+11
2018-05-11,'603993,¬е—фов“µ,8.15,8.32,7.71,7.75,7.73,0.42,5.4334,2.1913,283857645,2291758609.0,1.76033810751e+11,1.05572905197e+11
2018-05-10,'603993,¬е—фов“µ,7.73,7.79,7.65,7.68,7.66,0.07,0.9138,0.6114,79202373,611937526.0,1.66962129707e+11,1.00132338303e+11
2018-05-09,'603993,¬е—фов“µ,7.66,7.78,7.61,7.78,7.76,-0.1,-1.2887,0.5366,69507964,532643525.0,1.65450182866e+11,99225577154.3
2018-05-08,'603993,¬е—фов“µ,7.76,7.8,7.66,7.68,7.73,0.03,0.3881,0.6952,90048857,696185884.0,1.67610106924e+11,1.00520950224e+11
2018-05-07,'603993,¬е—фов“µ,7.73,7.77,7.43,7.45,7.5,0.23,3.0667,0.8604,111449466,852703198.0,1.66962129707e+11,1.00132338303e+11
2018-05-04,'603993,¬е—фов“µ,7.5,7.66,7.47,7.5,7.62,-0.12,-1.5748,0.5259,68119071,513823763.0,1.61994304372e+11,97152980242.5
2018-05-03,'603993,¬е—фов“µ,7.62,7.68,7.28,7.64,7.76,-0.14,-1.8041,0.8726,113032126,846969614.0,1.64586213242e+11,98707427926.4
2018-05-02,'603993,¬е—фов“µ,7.76,8.0,7.73,7.95,7.58,0.18,2.3747,0.8016,103834181,814783309.0,1.67610106924e+11,1.00520950224e+11
2018-04-27,'603993,¬е—фов“µ,7.58,7.68,7.54,7.65,7.57,0.01,0.1321,0.5044,65332583,497126156.0,1.63722243619e+11,98189278698.4
2018-04-26,'603993,¬е—фов“µ,7.57,7.89,7.56,7.82,7.85,-0.28,-3.5669,0.7235,93717665,718184045.0,1.63506251213e+11,98059741391.4
2018-04-25,'603993,¬е—фов“µ,7.85,7.98,7.8,7.93,8.0,-0.15,-1.875,0.8084,104715552,824748849.0,1.69554038577e+11,1.01686785987e+11
2018-04-24,'603993,¬е—фов“µ,8.0,8.09,7.67,7.67,7.65,0.35,4.5752,1.288,166838154,1317410044.0,1.72793924664e+11,1.03629845592e+11
2018-04-23,'603993,¬е—фов“µ,7.65,7.77,7.5,7.68,7.67,-0.02,-0.2608,0.5942,76975823,586285773.0,1.6523419046e+11,99096039847.4
2018-04-20,'603993,¬е—фов“µ,7.67,7.93,7.65,7.72,7.86,-0.19,-2.4173,0.8352,108185444,838863933.0,1.65666175272e+11,99355114461.3
2018-04-19,'603993,¬е—фов“µ,7.86,7.98,7.72,7.82,7.78,0.08,1.0283,0.9676,125334751,987705289.0,1.69770030982e+11,1.01816323294e+11
2018-04-18,'603993,¬е—фов“µ,7.78,7.83,7.33,7.73,7.65,0.13,1.6993,1.1003,142534356,1084743080.0,1.68042091736e+11,1.00780024838e+11
2018-04-17,'603993,¬е—фов“µ,7.65,8.16,7.52,8.16,8.16,-0.51,-6.25,1.604,207774510,1611403667.0,1.6523419046e+11,99096039847.4
2018-04-16,'603993,¬е—фов“µ,8.16,8.34,8.13,8.17,8.26,-0.1,-1.2107,0.6552,84867238,696214628.0,1.76249803157e+11,1.05702442504e+11
2018-04-13,'603993,¬е—фов“µ,8.26,8.4,8.13,8.35,8.26,0.0,0.0,0.807,104540952,862300425.0,1.78409727216e+11,1.06997815574e+11
2018-04-12,'603993,¬е—фов“µ,8.26,8.53,8.2,8.5,8.55,-0.29,-3.3918,1.1514,149145062,1242268726.0,1.78409727216e+11,1.06997815574e+11
2018-04-11,'603993,¬е—фов“µ,8.55,8.69,8.48,8.64,8.59,-0.04,-0.4657,1.3362,173092043,1482625112.0,1.84673506985e+11,1.10754397476e+11
2018-04-10,'603993,¬е—фов“µ,8.59,8.6,8.08,8.11,8.07,0.52,6.4436,1.9136,247885410,2087073053.0,1.85537476608e+11,1.11272546704e+11
2018-04-09,'603993,¬е—фов“µ,8.07,8.14,7.91,7.94,7.96,0.11,1.3819,0.8392,108712110,875140207.0,1.74305871505e+11,1.04536606741e+11
2018-04-04,'603993,¬е—фов“µ,7.96,8.24,7.95,8.21,8.16,-0.2,-2.451,0.8918,115519133,937191378.0,1.71929955041e+11,1.03111696364e+11
2018-04-03,'603993,¬е—фов“µ,8.16,8.2,7.93,8.01,8.22,-0.06,-0.7299,0.9099,117871605,955658807.0,1.76249803157e+11,1.05702442504e+11
2018-04-02,'603993,¬е—фов“µ,8.22,8.41,8.12,8.41,8.48,-0.26,-3.066,1.5286,198013319,1629355195.0,1.77545757592e+11,1.06479666346e+11
2018-03-30,'603993,¬е—фов“µ,8.48,8.64,8.41,8.55,8.5,-0.02,-0.2353,1.2218,158269269,1349048064.0,1.83161560144e+11,1.09847636328e+11
2018-03-29,'603993,¬е—фов“µ,8.5,8.6,8.13,8.46,8.48,0.02,0.2358,1.4726,190755329,1590702426.0,1.83593544956e+11,1.10106710942e+11
2018-03-28,'603993,¬е—фов“µ,8.48,8.75,8.45,8.6,8.88,-0.4,-4.5045,1.4881,192761877,1651695664.0,1.83161560144e+11,1.09847636328e+11
2018-03-27,'603993,¬е—фов“µ,8.88,8.97,8.67,8.81,8.73,0.15,1.7182,1.9736,255660201,2251130493.0,1.91801256377e+11,1.15029128607e+11
2018-03-26,'603993,¬е—фов“µ,8.73,8.74,8.03,8.1,8.32,0.41,4.9279,2.193,284074505,2396708119.0,1.8856137029e+11,1.13086069002e+11
2018-03-23,'603993,¬е—фов“µ,8.32,8.95,8.3,8.66,9.22,-0.9,-9.7614,2.7091,350930097,3000003077.0,1.79705681651e+11,1.07775039416e+11
2018-03-22,'603993,¬е—фов“µ,9.22,9.48,8.99,9.35,9.23,-0.01,-0.1083,1.7899,231864138,2145507963.0,1.99144998175e+11,1.19433397045e+11
2018-03-21,'603993,¬е—фов“µ,9.23,9.61,9.12,9.5,9.55,-0.32,-3.3508,2.0154,261068840,2437402166.0,1.99360990581e+11,1.19562934352e+11
2018-03-20,'603993,¬е—фов“µ,9.55,9.77,9.45,9.54,9.69,-0.14,-1.4448,1.737,225009628,2157885524.0,2.06272747568e+11,1.23708128175e+11
2018-03-19,'603993,¬е—фов“µ,9.69,9.8,9.04,9.12,9.23,0.46,4.9837,2.3694,306931044,2888484820.0,2.09296641249e+11,1.25521650473e+11
2018-03-16,'603993,¬е—фов“µ,9.23,9.4,9.16,9.4,9.46,-0.23,-2.4313,1.8397,238310466,2208865776.0,1.99360990581e+11,1.19562934352e+11
2018-03-15,'603993,¬е—фов“µ,9.46,9.64,9.12,9.32,9.13,0.33,3.6145,2.7847,360724680,3393773213.0,2.04328815915e+11,1.22542292413e+11
2018-03-14,'603993,¬е—фов“µ,9.13,9.66,9.07,9.28,9.3,-0.17,-1.828,3.023,391591469,3666606011.0,1.97201066523e+11,1.18267561282e+11
2018-03-13,'603993,¬е—фов“µ,9.3,9.45,8.74,8.85,8.85,0.45,5.0847,2.9467,381709440,3447947564.0,2.00872937422e+11,1.20469695501e+11
2018-03-12,'603993,¬е—фов“µ,8.85,9.07,8.54,8.54,8.43,0.42,4.9822,2.9751,385391406,3390732532.0,1.9115327916e+11,1.14640516686e+11
2018-03-09,'603993,¬е—фов“µ,8.43,8.57,8.27,8.3,8.37,0.06,0.7168,1.6212,210008085,1771996158.0,1.82081598115e+11,1.09199949793e+11
2018-03-08,'603993,¬е—фов“µ,8.37,8.66,8.27,8.52,8.73,-0.36,-4.1237,2.4213,313648156,2637520003.0,1.8078564368e+11,1.08422725951e+11
2018-03-07,'603993,¬е—фов“µ,8.73,9.01,8.7,8.88,8.92,-0.19,-2.13,1.5872,205596914,1811584290.0,1.8856137029e+11,1.13086069002e+11
2018-03-06,'603993,¬е—фов“µ,8.92,9.03,8.62,8.9,9.0,-0.08,-0.8889,2.5546,330919734,2919974187.0,1.92665226e+11,1.15547277835e+11
2018-03-05,'603993,¬е—фов“µ,9.0,9.07,8.25,8.42,8.36,0.64,7.6555,3.3221,430333521,3794683915.0,1.94393165247e+11,1.16583576291e+11
2018-03-02,'603993,¬е—фов“µ,8.36,8.75,8.23,8.33,8.43,-0.07,-0.8304,2.5758,333663549,2840776201.0,1.80569651274e+11,1.08293188644e+11
2018-03-01,'603993,¬е—фов“µ,8.43,8.6,8.34,8.37,8.58,-0.15,-1.7483,2.197,284591859,2398510147.0,1.82081598115e+11,1.09199949793e+11
2018-02-28,'603993,¬е—фов“µ,8.58,8.6,8.17,8.17,8.23,0.35,4.2527,2.9719,384978169,3225319948.0,1.85321484202e+11,1.11143009397e+11
2018-02-27,'603993,¬е—фов“µ,8.23,8.53,8.17,8.47,8.61,-0.38,-4.4135,3.0465,394630992,3300406216.0,1.77761749998e+11,1.06609203653e+11
2018-02-26,'603993,¬е—фов“µ,8.61,8.8,7.96,8.06,8.02,0.59,7.3566,3.9034,505632902,4219532871.0,1.8596946142e+11,1.11531621318e+11
2018-02-23,'603993,¬е—фов“µ,8.02,8.09,7.72,8.09,7.41,0.61,8.2321,3.3677,436248777,3443265534.0,1.73225909476e+11,1.03888920206e+11
2018-02-22,'603993,¬е—фов“µ,7.41,7.41,7.01,7.09,6.74,0.67,9.9407,0.8087,104761611,764418335.0,1.6005037272e+11,95987144479.6
2018-02-14,'603993,¬е—фов“µ,6.74,6.79,6.63,6.7,6.58,0.16,2.4316,0.6701,86800577,583141064.0,1.45578881529e+11,87308144911.3
2018-02-13,'603993,¬е—фов“µ,6.58,6.74,6.56,6.6,6.48,0.1,1.5432,0.8686,112513566,747046275.0,1.42123003036e+11,85235547999.4
2018-02-12,'603993,¬е—фов“µ,6.48,6.51,6.23,6.24,6.2,0.28,4.5161,0.9832,127356194,813297771.0,1.39963078978e+11,83940174929.5
2018-02-09,'603993,¬е—фов“µ,6.2,6.73,6.2,6.59,6.89,-0.69,-10.0145,1.5269,197791524,1258318670.0,1.33915291615e+11,80313130333.8
2018-02-08,'603993,¬е—фов“µ,6.89,7.05,6.7,6.81,7.0,-0.11,-1.5714,0.8326,107847916,740905430.0,1.48818767617e+11,89251204516.1
2018-02-07,'603993,¬е—фов“µ,7.0,7.47,6.93,7.42,7.18,-0.18,-2.507,1.212,157004002,1128743389.0,1.51194684081e+11,90676114893.0
2018-02-06,'603993,¬е—фов“µ,7.18,7.86,7.15,7.65,7.87,-0.69,-8.7675,1.4611,189261734,1420653522.0,1.55082547386e+11,93007786418.8
2018-02-05,'603993,¬е—фов“µ,7.87,7.95,7.63,7.69,7.85,0.02,0.2548,1.2606,163295923,1277022832.0,1.69986023388e+11,1.01945860601e+11
2018-02-02,'603993,¬е—фов“µ,7.85,7.96,7.21,7.3,7.45,0.4,5.3691,1.5714,203561029,1554531458.0,1.69554038577e+11,1.01686785987e+11
2018-02-01,'603993,¬е—фов“µ,7.45,7.71,7.36,7.5,7.56,-0.11,-1.455,1.0934,141636794,1070101593.0,1.60914342343e+11,96505293707.6
2018-01-31,'603993,¬е—фов“µ,7.56,7.75,7.3,7.36,7.45,0.11,1.4765,1.4178,183662191,1393677661.0,1.63290258807e+11,97930204084.4
2018-01-30,'603993,¬е—фов“µ,7.45,7.72,7.38,7.71,7.82,-0.37,-4.7315,1.5536,201247476,1512311214.0,1.60914342343e+11,96505293707.6
2018-01-29,'603993,¬е—фов“µ,7.82,7.96,7.74,7.85,7.78,0.04,0.5141,1.2402,160647587,1262404857.0,1.68906061359e+11,1.01298174066e+11
2018-01-26,'603993,¬е—фов“µ,7.78,8.02,7.77,8.0,8.17,-0.39,-4.7736,1.6928,219279407,1727235973.0,1.68042091736e+11,1.00780024838e+11
2018-01-25,'603993,¬е—фов“µ,8.17,8.33,8.08,8.25,8.16,0.01,0.1225,1.3817,178978437,1470048807.0,1.76465795563e+11,1.05831979811e+11
2018-01-24,'603993,¬е—фов“µ,8.16,8.27,8.03,8.22,8.3,-0.14,-1.6867,1.3486,174693412,1418308006.0,1.76249803157e+11,1.05702442504e+11
2018-01-23,'603993,¬е—фов“µ,8.3,8.45,8.22,8.35,8.32,-0.02,-0.2404,1.4645,189708505,1580166475.0,1.79273696839e+11,1.07515964802e+11
2018-01-22,'603993,¬е—фов“µ,8.32,8.37,8.03,8.08,8.1,0.22,2.716,1.6358,211901168,1740576776.0,1.79705681651e+11,1.07775039416e+11
2018-01-19,'603993,¬е—фов“µ,8.1,8.14,7.83,8.04,8.08,0.02,0.2475,1.4995,194237115,1549069505.0,1.74953848722e+11,1.04925218662e+11
2018-01-18,'603993,¬е—фов“µ,8.08,8.35,8.0,8.18,8.07,0.01,0.1239,1.6104,208601144,1701779294.0,1.74521863911e+11,1.04666144048e+11
2018-01-17,'603993,¬е—фов“µ,8.07,8.1,7.8,8.0,8.09,-0.02,-0.2472,2.1249,275260176,2187509611.0,1.74305871505e+11,1.04536606741e+11
2018-01-16,'603993,¬е—фов“µ,8.09,8.13,7.44,7.5,7.51,0.58,7.723,2.8146,364598071,2875383900.0,1.74737856316e+11,1.04795681355e+11
2018-01-15,'603993,¬е—фов“µ,7.51,7.93,7.35,7.8,7.64,-0.13,-1.7016,2.3302,301848520,2320965423.0,1.62210296778e+11,97282517549.5
2018-01-12,'603993,¬е—фов“µ,7.64,7.85,7.61,7.7,7.77,-0.13,-1.6731,1.6769,217215210,1674275027.0,1.65018198054e+11,98966502540.4
2018-01-11,'603993,¬е—фов“µ,7.77,7.82,7.37,7.5,7.21,0.56,7.767,3.2069,415415156,3145229149.0,1.6782609933e+11,1.00650487531e+11
2018-01-10,'603993,¬е—фов“µ,7.21,7.32,7.08,7.24,7.24,-0.03,-0.4144,1.2375,160305523,1149718702.0,1.55730524603e+11,93396398339.8
2018-01-09,'603993,¬е—фов“µ,7.24,7.4,7.17,7.32,7.3,-0.06,-0.8219,1.2233,158468094,1149925739.0,1.56378501821e+11,93785010260.8
2018-01-08,'603993,¬е—фов“µ,7.3,7.43,7.08,7.11,7.16,0.14,1.9553,1.9411,251438637,1830354802.0,1.57674456256e+11,94562234102.7
2018-01-05,'603993,¬е—фов“µ,7.16,7.25,7.09,7.17,7.23,-0.07,-0.9682,1.3796,178703608,1280643538.0,1.54650562574e+11,92748711804.8
2018-01-04,'603993,¬е—фов“µ,7.23,7.24,6.97,6.98,7.05,0.18,2.5532,1.6581,214791354,1528204977.0,1.56162509415e+11,93655472953.8
2018-01-03,'603993,¬е—фов“µ,7.05,7.28,6.94,6.96,6.94,0.11,1.585,2.1214,274795069,1963488307.0,1.5227464611e+11,91323801427.9
2018-01-02,'603993,¬е—фов“µ,6.94,6.99,6.82,6.9,6.88,0.06,0.8721,1.2582,162983912,1128219777.0,1.49898729646e+11,89898891051.1
