ИХЖЪ,№ЙЖ±ґъВл,ГыіЖ,КХЕМјЫ,ЧоёЯјЫ,ЧоµНјЫ,їЄЕМјЫ,З°КХЕМ,ХЗµш¶о,ХЗµш·щ,»»КЦВК,іЙЅ»Бї,іЙЅ»Ѕр¶о,ЧЬКРЦµ,БчНЁКРЦµ
2019-04-26,'002601,Бътю°ЫАы,15.81,16.57,15.71,16.48,16.33,-0.52,-3.1843,2.1381,15188463,241697610.12,32126250255.1,11230907803.5
2019-04-25,'002601,Бътю°ЫАы,16.33,16.99,16.29,16.63,16.79,-0.46,-2.7397,1.2847,9126397,151997893.88,33182901117.4,11600298825.5
2019-04-24,'002601,Бътю°ЫАы,16.79,16.98,16.25,16.27,16.07,0.72,4.4804,2.6081,18526761,307630351.15,34117630726.3,11927067806.5
2019-04-23,'002601,Бътю°ЫАы,16.07,16.89,15.86,16.7,17.27,-1.2,-6.9485,3.2459,23057984,374813749.5,32654575686.2,11415603314.5
2019-04-22,'002601,Бътю°ЫАы,17.27,17.58,17.23,17.44,17.65,-0.38,-2.153,1.0974,7795793,135287011.27,35093000753.0,12268044134.5
2019-04-19,'002601,Бътю°ЫАы,17.65,17.78,17.2,17.61,17.61,0.04,0.2271,1.0357,7357020,128374543.76,35865168690.8,12537983727.5
2019-04-18,'002601,Бътю°ЫАы,17.61,18.0,17.52,18.0,18.04,-0.43,-2.3836,1.0447,7421277,131338288.27,35783887855.3,12509569033.5
2019-04-17,'002601,Бътю°ЫАы,18.04,18.26,17.84,17.97,18.03,0.01,0.0555,1.1983,8512372,153868902.78,36657656837.6,12815026994.0
2019-04-16,'002601,Бътю°ЫАы,18.03,18.03,17.36,17.37,17.54,0.49,2.7936,1.3364,9493093,169303435.35,36637336628.7,12807923320.5
2019-04-15,'002601,Бътю°ЫАы,17.54,18.24,17.35,17.6,17.26,0.28,1.6222,2.3232,16503481,295202920.41,35641646393.1,12459843319.0
2019-04-12,'002601,Бътю°ЫАы,17.26,17.58,17.1,17.46,17.5,-0.24,-1.3714,1.2683,9009803,155966424.36,35072680544.1,12260940461.0
2019-04-11,'002601,Бътю°ЫАы,17.5,17.97,17.4,17.87,17.73,-0.23,-1.2972,1.8939,13453909,237512831.99,35560365557.5,12431428625.0
2019-04-10,'002601,Бътю°ЫАы,17.73,18.2,17.51,17.96,18.1,-0.37,-2.0442,2.8784,20447556,363217454.61,36027730362.0,12594813115.5
2019-04-09,'002601,Бътю°ЫАы,18.1,19.35,17.67,19.29,19.19,-1.09,-5.68,4.9168,34927542,632203659.75,36779578090.9,12857649035.0
2019-04-08,'002601,Бътю°ЫАы,19.19,19.78,18.91,18.99,17.98,1.21,6.7297,7.8844,56007913,1090946157.07,38994480859.9,13631949446.5
2019-04-04,'002601,Бътю°ЫАы,17.98,18.36,16.73,16.75,16.7,1.28,7.6647,5.5322,39298838,696466665.79,36535735584.2,12772404953.0
2019-04-03,'002601,Бътю°ЫАы,16.7,16.88,16.46,16.63,16.74,-0.04,-0.2389,1.2328,8757569,145895633.0,33934748846.3,11863134745.0
2019-04-02,'002601,Бътю°ЫАы,16.74,17.09,16.57,16.98,16.46,0.28,1.7011,2.6807,19043056,319498142.14,34016029681.9,11891549439.0
2019-04-01,'002601,Бътю°ЫАы,16.46,16.9,16.21,16.3,16.12,0.34,2.1092,3.0811,21887178,363937275.53,33447063832.9,11692646581.0
2019-03-29,'002601,Бътю°ЫАы,16.12,16.21,15.61,15.61,15.58,0.54,3.466,2.5818,18340263,294047756.17,32756176730.7,11451121682.0
2019-03-28,'002601,Бътю°ЫАы,15.58,15.9,15.52,15.9,15.95,-0.37,-2.3197,1.5661,11125375,174794272.2,31658885450.6,11067523313.0
2019-03-27,'002601,Бътю°ЫАы,15.95,15.96,15.24,15.33,15.18,0.77,5.0725,3.311,23520385,369631413.34,32410733179.5,11330359232.5
2019-03-26,'002601,Бътю°ЫАы,15.18,15.53,15.1,15.16,15.15,0.03,0.198,1.6118,11449971,175663884.51,30846077095.0,10783376373.0
2019-03-25,'002601,Бътю°ЫАы,15.15,15.4,15.09,15.15,15.49,-0.34,-2.195,0.9049,6428270,98000843.6,30785116468.3,10762065352.5
2019-03-22,'002601,Бътю°ЫАы,15.49,15.57,15.06,15.28,15.21,0.28,1.8409,1.5511,11018400,169219938.46,31476003570.6,11003590251.5
2019-03-21,'002601,Бътю°ЫАы,15.21,15.35,15.03,15.08,15.14,0.07,0.4624,1.6732,11885919,181130485.67,30907037721.7,10804687393.5
2019-03-20,'002601,Бътю°ЫАы,15.14,15.35,14.88,15.32,15.42,-0.28,-1.8158,1.6622,11808044,178097497.48,30764796259.5,10754961679.0
2019-03-19,'002601,Бътю°ЫАы,15.42,15.85,15.3,15.8,15.74,-0.32,-2.033,1.3524,9606682,148654774.04,31333762108.4,10953864537.0
2019-03-18,'002601,Бътю°ЫАы,15.74,15.8,15.01,15.3,15.2,0.54,3.5526,1.939,13773922,213010190.4,31984008792.9,11181182089.0
2019-03-15,'002601,Бътю°ЫАы,15.2,15.42,14.95,14.97,15.0,0.2,1.3333,1.8513,13151311,199793733.32,30886717512.8,10797583720.0
2019-03-14,'002601,Бътю°ЫАы,15.0,15.26,14.6,15.16,15.16,-0.16,-1.0554,2.294,16295565,243001130.66,30480313335.0,10655510250.0
2019-03-13,'002601,Бътю°ЫАы,15.16,15.85,15.07,15.71,15.9,-0.74,-4.6541,3.2206,22878366,350587556.78,30805436677.2,10769169026.0
2019-03-12,'002601,Бътю°ЫАы,15.9,16.36,15.67,16.1,16.02,-0.12,-0.7491,3.2611,23165747,369287177.1,32309132135.1,11294840865.0
2019-03-11,'002601,Бътю°ЫАы,16.02,16.4,15.67,15.67,15.63,0.39,2.4952,2.7293,19388390,309562880.67,32552974641.8,11380084947.0
2019-03-08,'002601,Бътю°ЫАы,15.63,16.51,15.23,15.88,15.98,-0.35,-2.1902,4.6705,33177990,533190495.59,31760486495.1,11103041680.5
2019-03-07,'002601,Бътю°ЫАы,15.98,16.3,14.75,14.98,15.0,0.98,6.5333,5.3215,37802449,588812796.33,32471693806.2,11351670253.0
2019-03-06,'002601,Бътю°ЫАы,15.0,15.06,14.46,14.65,14.47,0.53,3.6628,4.0858,29024268,432300367.69,30480313335.0,10655510250.0
2019-03-05,'002601,Бътю°ЫАы,14.47,14.54,14.18,14.25,14.25,0.22,1.5439,1.3371,9498057,136821940.08,29403342263.8,10279015554.5
2019-03-04,'002601,Бътю°ЫАы,14.25,14.6,14.15,14.21,14.18,0.07,0.4937,2.3305,16555464,238029593.29,28956297668.2,10122734737.5
2019-03-01,'002601,Бътю°ЫАы,14.18,14.32,14.0,14.23,14.17,0.01,0.0706,1.0963,7788035,110184938.46,28814056206.0,10073009023.0
2019-02-28,'002601,Бътю°ЫАы,14.17,14.22,13.86,14.02,13.95,0.22,1.5771,1.5784,11212351,157415462.2,28793735997.1,10065905349.5
2019-02-27,'002601,Бътю°ЫАы,13.95,14.32,13.86,14.09,14.22,-0.27,-1.8987,1.7065,12122367,170853835.32,28346691401.5,9909624532.5
2019-02-26,'002601,Бътю°ЫАы,14.22,14.68,13.93,14.1,14.2,0.02,0.1408,2.9801,21169681,302459919.77,28895337041.6,10101423717.0
2019-02-25,'002601,Бътю°ЫАы,14.2,14.34,13.7,13.72,13.68,0.52,3.8012,2.5719,18270218,256650733.88,28854696623.8,10087216370.0
2019-02-22,'002601,Бътю°ЫАы,13.68,13.88,13.55,13.65,13.65,0.03,0.2198,1.4681,10428947,142653101.67,27798045761.5,9717825348.0
2019-02-21,'002601,Бътю°ЫАы,13.65,13.94,13.56,13.84,13.81,-0.16,-1.1586,1.3206,9380774,129454777.48,27737085134.8,9696514327.5
2019-02-20,'002601,Бътю°ЫАы,13.81,13.97,13.66,13.7,13.77,0.04,0.2905,1.2703,9023885,124819058.95,28062208477.1,9810173103.5
2019-02-19,'002601,Бътю°ЫАы,13.77,13.88,13.65,13.88,13.97,-0.2,-1.4316,1.9774,14046521,192989204.7,27980927641.5,9781758409.5
2019-02-18,'002601,Бътю°ЫАы,13.97,14.11,13.69,14.0,13.81,0.16,1.1586,2.132,15144686,210690615.42,28387331819.3,9923831879.5
2019-02-15,'002601,Бътю°ЫАы,13.81,13.95,13.64,13.78,13.86,-0.05,-0.3608,1.5079,10711970,147138552.17,28062208477.1,9810173103.5
2019-02-14,'002601,Бътю°ЫАы,13.86,13.98,13.5,13.5,13.42,0.44,3.2787,3.3104,23516093,323701016.39,28163809521.5,9845691471.0
2019-02-13,'002601,Бътю°ЫАы,13.42,13.58,12.94,12.94,12.57,0.85,6.7621,3.2854,23338507,309644366.33,27269720330.4,9533129837.0
2019-02-12,'002601,Бътю°ЫАы,12.57,12.62,12.5,12.52,12.52,0.05,0.3994,0.76,5398868,67795281.89,25542502574.7,8929317589.5
2019-02-11,'002601,Бътю°ЫАы,12.52,12.54,12.28,12.31,12.31,0.21,1.7059,0.4646,3300160,41092091.0,25440901530.3,8893799222.0
2019-02-01,'002601,Бътю°ЫАы,12.31,12.32,12.11,12.11,12.11,0.2,1.6515,0.4322,3070387,37640529.89,25014177143.6,8744622078.5
2019-01-31,'002601,Бътю°ЫАы,12.11,12.39,12.08,12.28,12.28,-0.17,-1.3844,0.5958,4232714,51662455.48,24607772965.8,8602548608.5
2019-01-30,'002601,Бътю°ЫАы,12.28,12.51,12.2,12.5,12.54,-0.26,-2.0734,0.4065,2887966,35683703.64,24953216516.9,8723311058.0
2019-01-29,'002601,Бътю°ЫАы,12.54,12.83,12.52,12.54,12.53,0.01,0.0798,0.6775,4812719,60795611.33,25481541948.1,8908006569.0
2019-01-28,'002601,Бътю°ЫАы,12.53,12.7,12.51,12.66,12.57,-0.04,-0.3182,0.2575,1829310,23017055.37,25461221739.2,8900902895.5
2019-01-25,'002601,Бътю°ЫАы,12.57,12.67,12.55,12.67,12.58,-0.01,-0.0795,0.384,2728163,34408480.13,25542502574.7,8929317589.5
2019-01-24,'002601,Бътю°ЫАы,12.58,12.74,12.43,12.54,12.52,0.06,0.4792,0.5641,4007083,50509493.45,25562822783.6,8936421263.0
2019-01-23,'002601,Бътю°ЫАы,12.52,12.7,12.46,12.65,12.75,-0.23,-1.8039,0.633,4496651,56349513.04,25440901530.3,8893799222.0
2019-01-22,'002601,Бътю°ЫАы,12.75,13.1,12.7,12.71,12.76,-0.01,-0.0784,0.7339,5213142,67235940.45,25908266334.8,9057183712.5
2019-01-21,'002601,Бътю°ЫАы,12.76,12.82,12.59,12.7,12.64,0.12,0.9494,0.5628,3998122,50882388.99,25928586543.6,9064287386.0
2019-01-18,'002601,Бътю°ЫАы,12.64,12.8,12.37,12.37,12.38,0.26,2.1002,0.9048,6427584,81185051.9,25684744037.0,8979043304.0
2019-01-17,'002601,Бътю°ЫАы,12.38,12.47,12.32,12.37,12.37,0.01,0.0808,0.3455,2454398,30437541.2,25156418605.8,8794347793.0
2019-01-16,'002601,Бътю°ЫАы,12.37,12.44,12.36,12.43,12.42,-0.05,-0.4026,0.1884,1338157,16586602.02,25136098396.9,8787244119.5
2019-01-15,'002601,Бътю°ЫАы,12.42,12.46,12.32,12.46,12.4,0.02,0.1613,0.2716,1929105,23910328.3,25237699441.4,8822762487.0
2019-01-14,'002601,Бътю°ЫАы,12.4,12.5,12.31,12.37,12.37,0.03,0.2425,0.3167,2250041,27965102.36,25197059023.6,8808555140.0
2019-01-11,'002601,Бътю°ЫАы,12.37,12.42,12.28,12.39,12.34,0.03,0.2431,0.2244,1594413,19677454.92,25136098396.9,8787244119.5
2019-01-10,'002601,Бътю°ЫАы,12.34,12.47,12.3,12.43,12.43,-0.09,-0.7241,0.3034,2155313,26645641.53,25075137770.3,8765933099.0
2019-01-09,'002601,Бътю°ЫАы,12.43,12.62,12.33,12.53,12.49,-0.06,-0.4804,0.4003,2843348,35601600.13,25258019650.3,8829866160.5
2019-01-08,'002601,Бътю°ЫАы,12.49,12.62,12.48,12.53,12.6,-0.11,-0.873,0.2378,1689207,21182841.66,25379940903.6,8872488201.5
2019-01-07,'002601,Бътю°ЫАы,12.6,12.65,12.46,12.5,12.45,0.15,1.2048,0.4392,3120068,39159052.35,25603463201.4,8950628610.0
2019-01-04,'002601,Бътю°ЫАы,12.45,12.55,12.01,12.12,12.16,0.29,2.3849,0.5926,4209546,51875931.1,25298660068.0,8844073507.5
2019-01-03,'002601,Бътю°ЫАы,12.16,12.33,12.13,12.26,12.17,-0.01,-0.0822,0.2938,2087280,25467076.88,24709374010.2,8638066976.0
2019-01-02,'002601,Бътю°ЫАы,12.17,12.47,12.16,12.31,12.3,-0.13,-1.0569,0.2794,1984550,24246714.41,24729694219.1,8645170649.5
2018-12-28,'002601,Бътю°ЫАы,12.3,12.42,12.25,12.34,12.3,0.0,0.0,0.25,1776100,21875156.66,24993856934.7,8737518405.0
2018-12-27,'002601,Бътю°ЫАы,12.3,12.65,12.29,12.59,12.47,-0.17,-1.3633,0.401,2848253,35319510.3,24993856934.7,8737518405.0
2018-12-26,'002601,Бътю°ЫАы,12.47,12.53,12.38,12.38,12.38,0.09,0.727,0.2792,1983064,24709488.93,25339300485.8,8858280854.5
2018-12-25,'002601,Бътю°ЫАы,12.38,12.52,12.1,12.52,12.59,-0.21,-1.668,0.4599,3266875,40274485.81,25156418605.8,8794347793.0
2018-12-24,'002601,Бътю°ЫАы,12.59,12.68,12.54,12.59,12.54,0.05,0.3987,0.2141,1521250,19178587.0,25583142992.5,8943524936.5
2018-12-21,'002601,Бътю°ЫАы,12.54,12.7,12.48,12.65,12.65,-0.11,-0.8696,0.2908,2065564,25910405.23,25481541948.1,8908006569.0
2018-12-20,'002601,Бътю°ЫАы,12.65,12.8,12.6,12.73,12.79,-0.14,-1.0946,0.3491,2479901,31436416.93,25705064245.8,8986146977.5
2018-12-19,'002601,Бътю°ЫАы,12.79,12.93,12.79,12.8,12.87,-0.08,-0.6216,0.2588,1838312,23627421.9,25989547170.3,9085598406.5
2018-12-18,'002601,Бътю°ЫАы,12.87,12.92,12.68,12.8,12.88,-0.01,-0.0776,0.3945,2802488,35884089.13,26152108841.4,9142427794.5
2018-12-17,'002601,Бътю°ЫАы,12.88,12.95,12.44,12.5,12.51,0.37,2.9576,0.8551,6074310,77596792.37,26172429050.3,9149531468.0
2018-12-14,'002601,Бътю°ЫАы,12.51,12.82,12.5,12.76,12.76,-0.25,-1.9592,0.3548,2520200,31809638.47,25420581321.4,8886695548.5
2018-12-13,'002601,Бътю°ЫАы,12.76,12.82,12.57,12.65,12.65,0.11,0.8696,0.3883,2758304,35085553.1,25928586543.6,9064287386.0
2018-12-12,'002601,Бътю°ЫАы,12.65,12.69,12.56,12.62,12.62,0.03,0.2377,0.2239,1590205,20057125.11,25705064245.8,8986146977.5
2018-12-11,'002601,Бътю°ЫАы,12.62,12.64,12.52,12.63,12.55,0.07,0.5578,0.2948,2093814,26333060.24,25644103619.2,8964835957.0
2018-12-10,'002601,Бътю°ЫАы,12.55,12.73,12.5,12.67,12.74,-0.19,-1.4914,0.4584,3256352,40987152.27,25501862157.0,8915110242.5
2018-12-07,'002601,Бътю°ЫАы,12.74,13.06,12.67,12.97,12.97,-0.23,-1.7733,0.7986,5672780,72558501.4,25887946125.9,9050080039.0
2018-12-06,'002601,Бътю°ЫАы,12.97,13.14,12.97,13.04,13.1,-0.13,-0.9924,0.4213,2992975,38986582.6,26355310930.3,9213464529.5
2018-12-05,'002601,Бътю°ЫАы,13.1,13.24,12.95,13.0,13.29,-0.19,-1.4296,0.6284,4463982,58526410.45,26619473645.9,9305812285.0
2018-12-04,'002601,Бътю°ЫАы,13.29,13.46,12.88,12.91,12.91,0.38,2.9435,1.3121,9320602,123864529.58,27005557614.8,9440782081.5
2018-12-03,'002601,Бътю°ЫАы,12.91,13.05,12.78,13.0,12.66,0.25,1.9747,0.5728,4069005,52588354.59,26233389677.0,9170842488.5
2018-11-30,'002601,Бътю°ЫАы,12.66,12.69,12.55,12.56,12.61,0.05,0.3965,0.3167,2249475,28387434.68,25725384454.7,8993250651.0
2018-11-29,'002601,Бътю°ЫАы,12.61,12.94,12.61,12.85,12.8,-0.19,-1.4844,0.3591,2551164,32635207.97,25623783410.3,8957732283.5
2018-11-28,'002601,Бътю°ЫАы,12.8,12.8,12.61,12.67,12.69,0.11,0.8668,0.3234,2297669,29241204.4,26009867379.2,9092702080.0
2018-11-27,'002601,Бътю°ЫАы,12.69,12.88,12.6,12.71,12.71,-0.02,-0.1574,0.4125,2930535,37322182.74,25786345081.4,9014561671.5
2018-11-26,'002601,Бътю°ЫАы,12.71,12.96,12.71,12.93,13.0,-0.29,-2.2308,0.53,3765250,48331585.0,25826985499.2,9028769018.5
2018-11-23,'002601,Бътю°ЫАы,13.0,13.29,12.91,13.21,13.28,-0.28,-2.1084,0.6954,4940197,64508490.05,26416271557.0,9234775550.0
2018-11-22,'002601,Бътю°ЫАы,13.28,13.3,13.18,13.2,13.2,0.08,0.6061,0.4621,3282645,43491978.14,26985237405.9,9433678408.0
2018-11-21,'002601,Бътю°ЫАы,13.2,13.26,12.98,13.02,13.14,0.06,0.4566,0.5509,3913503,51501500.12,26822675734.8,9376849020.0
2018-11-20,'002601,Бътю°ЫАы,13.14,13.43,13.13,13.43,13.43,-0.29,-2.1593,0.9663,6864521,91184305.52,26700754481.5,9334226979.0
2018-11-19,'002601,Бътю°ЫАы,13.43,13.53,13.36,13.52,13.52,-0.09,-0.6657,0.7836,5566170,74649413.48,27290040539.3,9540233510.5
2018-11-16,'002601,Бътю°ЫАы,13.52,13.65,13.45,13.51,13.52,0.0,0.0,0.964,6848202,92727761.62,27472922419.3,9604166572.0
2018-11-15,'002601,Бътю°ЫАы,13.52,13.66,13.37,13.55,13.59,-0.07,-0.5151,1.0917,7755154,104453103.72,27472922419.3,9604166572.0
2018-11-14,'002601,Бътю°ЫАы,13.59,13.78,13.53,13.63,13.62,-0.03,-0.2203,0.7536,5353224,73206891.68,27615163881.5,9653892286.5
2018-11-13,'002601,Бътю°ЫАы,13.62,13.75,13.46,13.61,13.77,-0.15,-1.0893,1.1723,8327926,113217188.68,27676124508.2,9675203307.0
2018-11-12,'002601,Бътю°ЫАы,13.77,13.87,13.6,13.82,13.74,0.03,0.2183,0.879,6244008,85636990.54,27980927641.5,9781758409.5
2018-11-09,'002601,Бътю°ЫАы,13.74,13.88,13.52,13.52,13.47,0.27,2.0045,1.5814,11233844,154671382.99,27919967014.9,9760447389.0
2018-11-08,'002601,Бътю°ЫАы,13.47,13.87,13.46,13.73,13.63,-0.16,-1.1739,1.1199,7955305,108516814.92,27371321374.8,9568648204.5
2018-11-07,'002601,Бътю°ЫАы,13.63,13.8,13.57,13.61,13.64,-0.01,-0.0733,1.3991,9938586,136240025.86,27696444717.1,9682306980.5
2018-11-06,'002601,Бътю°ЫАы,13.64,13.7,13.32,13.47,13.53,0.11,0.813,0.9682,6877424,92935480.52,27716764926.0,9689410654.0
2018-11-05,'002601,Бътю°ЫАы,13.53,13.75,13.35,13.35,13.35,0.18,1.3483,1.553,11032211,149726078.83,27493242628.2,9611270245.5
2018-11-02,'002601,Бътю°ЫАы,13.35,13.4,13.0,13.2,12.95,0.4,3.0888,1.6003,11367928,150665357.58,27127478868.2,9483404122.5
2018-11-01,'002601,Бътю°ЫАы,12.95,13.18,12.86,12.97,12.87,0.08,0.6216,1.2011,8532455,111359222.27,26314670512.5,9199257182.5
2018-10-31,'002601,Бътю°ЫАы,12.87,12.98,12.78,12.82,12.87,0.0,0.0,0.8632,6131627,79095254.9,26152108841.4,9142427794.5
2018-10-30,'002601,Бътю°ЫАы,12.87,12.96,12.63,12.63,12.69,0.18,1.4184,0.7756,5509355,70736499.93,26152108841.4,9142427794.5
2018-10-29,'002601,Бътю°ЫАы,12.69,12.96,12.6,12.84,12.84,-0.15,-1.1682,0.7407,5262026,67008499.47,25786345081.4,9014561671.5
2018-10-26,'002601,Бътю°ЫАы,12.84,13.03,12.8,12.84,12.83,0.01,0.0779,0.8768,6228543,80358233.7,26091148214.8,9121116774.0
2018-10-25,'002601,Бътю°ЫАы,12.83,13.23,12.08,12.4,12.7,0.13,1.0236,2.22,15770275,201664536.9,26070828005.9,9114013100.5
2018-10-24,'002601,Бътю°ЫАы,13.35,13.66,13.3,13.49,13.49,-0.14,-1.0378,1.1569,8218005,110524913.47,27127478868.2,9483404122.5
2018-10-23,'002601,Бътю°ЫАы,13.49,13.83,13.4,13.83,13.83,-0.34,-2.4584,1.2704,9024655,122686143.1,27411961792.6,9582855551.5
2018-10-22,'002601,Бътю°ЫАы,13.83,13.95,13.5,13.5,13.3,0.53,3.985,1.4744,10473975,143951222.96,28102848894.9,9824380450.5
2018-10-19,'002601,Бътю°ЫАы,13.3,13.34,12.83,12.9,13.07,0.23,1.7598,0.7886,5601908,73503507.85,27025877823.7,9447885755.0
2018-10-18,'002601,Бътю°ЫАы,13.07,13.33,13.04,13.23,13.35,-0.28,-2.0974,0.6096,4330624,57048719.89,26558513019.2,9284501264.5
2018-10-17,'002601,Бътю°ЫАы,13.35,13.45,13.12,13.28,12.99,0.36,2.7714,1.0298,7315265,97286707.46,27127478868.2,9483404122.5
2018-10-16,'002601,Бътю°ЫАы,12.99,13.34,12.96,13.19,13.26,-0.27,-2.0362,0.8235,5849780,76814190.0,26395951348.1,9227671876.5
2018-10-15,'002601,Бътю°ЫАы,13.26,13.44,13.09,13.38,13.38,-0.12,-0.8969,0.8881,6308440,83637205.87,26944596988.1,9419471061.0
2018-10-12,'002601,Бътю°ЫАы,13.38,13.47,12.78,13.15,13.18,0.2,1.5175,1.3733,9755822,127866954.48,27188439494.8,9504715143.0
2018-10-11,'002601,Бътю°ЫАы,13.18,13.68,12.93,13.53,13.96,-0.78,-5.5874,1.9557,13892972,185170554.46,26782035317.0,9362641673.0
2018-10-10,'002601,Бътю°ЫАы,13.96,14.21,13.51,13.51,13.41,0.55,4.1014,2.3401,16623537,230750325.85,28367011610.4,9916728206.0
2018-10-09,'002601,Бътю°ЫАы,13.41,13.46,13.25,13.4,13.26,0.15,1.1312,0.4708,3344068,44627305.75,27249400121.5,9526026163.5
2018-10-08,'002601,Бътю°ЫАы,13.26,13.58,13.17,13.56,13.75,-0.49,-3.5636,1.5993,11360913,151850459.16,26944596988.1,9419471061.0
2018-09-28,'002601,Бътю°ЫАы,13.75,13.86,13.48,13.48,13.45,0.3,2.2305,1.1119,7898535,108312704.87,27940287223.8,9767551062.5
2018-09-27,'002601,Бътю°ЫАы,13.45,13.73,13.45,13.58,13.58,-0.13,-0.9573,0.6705,4762847,64607258.54,27330680957.0,9554440857.5
2018-09-26,'002601,Бътю°ЫАы,13.58,13.72,13.35,13.49,13.41,0.17,1.2677,1.0734,7624847,103410606.01,27594843672.6,9646788613.0
2018-09-25,'002601,Бътю°ЫАы,13.41,13.58,13.12,13.3,13.4,0.01,0.0746,1.1039,7841543,104485828.27,27249400121.5,9526026163.5
2018-09-21,'002601,Бътю°ЫАы,13.4,13.43,13.11,13.2,13.16,0.24,1.8237,0.7072,5023374,66854833.31,27229079912.6,9518922490.0
2018-09-20,'002601,Бътю°ЫАы,13.16,13.42,13.15,13.21,13.28,-0.12,-0.9036,0.5623,3994193,53003391.96,26741394899.2,9348434326.0
2018-09-19,'002601,Бътю°ЫАы,13.28,13.45,13.09,13.11,13.2,0.08,0.6061,0.9559,6790680,90140891.8,26985237405.9,9433678408.0
2018-09-18,'002601,Бътю°ЫАы,13.2,13.24,12.7,12.82,12.88,0.32,2.4845,0.7259,5156730,67135424.41,26822675734.8,9376849020.0
2018-09-17,'002601,Бътю°ЫАы,12.88,13.14,12.85,13.05,12.99,-0.11,-0.8468,0.6874,4883002,63376714.94,26172429050.3,9149531468.0
2018-09-14,'002601,Бътю°ЫАы,12.99,13.17,12.98,13.17,13.12,-0.13,-0.9909,0.3519,2499850,32640931.5,26395951348.1,9227671876.5
2018-09-13,'002601,Бътю°ЫАы,13.12,13.25,13.0,13.22,12.97,0.15,1.1565,0.4577,3251602,42607150.16,26660114063.7,9320019632.0
2018-09-12,'002601,Бътю°ЫАы,12.97,13.13,12.88,13.01,12.98,-0.01,-0.077,0.6151,4369684,56871801.32,26355310930.3,9213464529.5
2018-09-11,'002601,Бътю°ЫАы,12.98,13.16,12.83,13.09,13.06,-0.08,-0.6126,0.9594,6815234,88450227.35,26375631139.2,9220568203.0
2018-09-10,'002601,Бътю°ЫАы,13.06,13.43,12.99,13.4,13.27,-0.21,-1.5825,0.9788,6952742,91200064.0,26538192810.3,9277397591.0
2018-09-07,'002601,Бътю°ЫАы,13.27,13.52,13.23,13.35,13.31,-0.04,-0.3005,0.6031,4284424,57316171.81,26964917197.0,9426574734.5
2018-09-06,'002601,Бътю°ЫАы,13.31,13.58,13.3,13.58,13.57,-0.26,-1.916,0.82,5824863,78265437.91,27046198032.6,9454989428.5
2018-09-05,'002601,Бътю°ЫАы,13.57,13.74,13.57,13.66,13.67,-0.1,-0.7315,0.878,6237006,85104553.82,27574523463.7,9639684939.5
2018-09-04,'002601,Бътю°ЫАы,13.67,13.74,13.44,13.55,13.56,0.11,0.8112,0.9845,6993271,95024838.88,27777725552.6,9710721674.5
2018-09-03,'002601,Бътю°ЫАы,13.56,13.56,13.27,13.5,13.43,0.13,0.968,0.886,6293508,84307297.87,27554203254.8,9632581266.0
2018-08-31,'002601,Бътю°ЫАы,13.43,13.75,13.42,13.65,13.69,-0.26,-1.8992,0.6583,4676344,63471821.61,27290040539.3,9540233510.5
2018-08-30,'002601,Бътю°ЫАы,13.69,13.97,13.67,13.92,13.9,-0.21,-1.5108,0.6731,4781790,65900362.33,27818365970.4,9724929021.5
2018-08-29,'002601,Бътю°ЫАы,13.9,14.14,13.89,14.01,13.96,-0.06,-0.4298,0.9017,6405502,89701859.87,28245090357.1,9874106165.0
2018-08-28,'002601,Бътю°ЫАы,13.96,13.99,13.83,13.94,13.95,0.01,0.0717,0.6857,4871161,67841798.92,28367011610.4,9916728206.0
2018-08-27,'002601,Бътю°ЫАы,13.95,14.01,13.71,13.8,13.8,0.15,1.087,1.0594,7525810,104538272.65,28346691401.5,9909624532.5
2018-08-24,'002601,Бътю°ЫАы,13.8,14.06,13.77,13.79,13.69,0.11,0.8035,1.147,8147628,113381739.55,28041888268.2,9803069430.0
2018-08-23,'002601,Бътю°ЫАы,13.69,13.85,13.6,13.71,13.77,-0.08,-0.581,0.8734,6204347,85004383.22,27818365970.4,9724929021.5
2018-08-22,'002601,Бътю°ЫАы,13.77,13.88,13.51,13.55,13.62,0.15,1.1013,1.2405,8812350,120971994.74,27980927641.5,9781758409.5
2018-08-21,'002601,Бътю°ЫАы,13.62,13.8,13.31,13.45,13.16,0.46,3.4954,1.7898,12713897,173025750.63,27676124508.2,9675203307.0
2018-08-20,'002601,Бътю°ЫАы,13.16,13.5,12.77,13.4,13.4,-0.24,-1.791,1.1879,8438453,110470420.13,26741394899.2,9348434326.0
2018-08-17,'002601,Бътю°ЫАы,13.4,13.78,13.4,13.69,13.57,-0.17,-1.2528,0.6985,4961763,67350814.22,27229079912.6,9518922490.0
2018-08-16,'002601,Бътю°ЫАы,13.57,13.85,13.5,13.6,13.78,-0.21,-1.5239,0.9623,6836218,93406925.94,27574523463.7,9639684939.5
2018-08-15,'002601,Бътю°ЫАы,13.78,14.1,13.74,14.1,14.02,-0.24,-1.7118,0.9681,6877122,95457830.84,28001247850.4,9788862083.0
2018-08-14,'002601,Бътю°ЫАы,14.02,14.18,13.98,14.18,14.19,-0.17,-1.198,0.9718,6903266,96924998.88,28488932863.8,9959350247.0
2018-08-13,'002601,Бътю°ЫАы,14.19,14.23,13.67,13.78,13.97,0.22,1.5748,1.9521,13867405,194329746.15,28834376414.9,10080112696.5
2018-08-10,'002601,Бътю°ЫАы,13.97,13.99,13.74,13.86,13.95,0.02,0.1434,1.4608,10376746,143766100.45,28387331819.3,9923831879.5
2018-08-09,'002601,Бътю°ЫАы,13.95,13.97,13.46,13.54,13.37,0.58,4.3381,2.2439,15939581,220569135.79,28346691401.5,9909624532.5
2018-08-08,'002601,Бътю°ЫАы,13.37,13.74,13.37,13.52,13.62,-0.25,-1.8355,1.102,7828542,106158858.97,27168119285.9,9497611469.5
2018-08-07,'002601,Бътю°ЫАы,13.62,13.63,13.06,13.33,13.3,0.32,2.406,1.4397,10227493,136869872.93,27676124508.2,9675203307.0
2018-08-06,'002601,Бътю°ЫАы,13.3,13.88,13.2,13.52,13.5,-0.2,-1.4815,1.0282,7304283,98718274.97,27025877823.7,9447885755.0
2018-08-03,'002601,Бътю°ЫАы,13.5,13.62,13.35,13.38,13.44,0.06,0.4464,1.0977,7797393,105451537.61,27432282001.5,9589959225.0
2018-08-02,'002601,Бътю°ЫАы,13.44,13.74,12.9,13.7,13.73,-0.29,-2.1122,1.8115,12868240,171452570.79,27310360748.2,9547337184.0
2018-08-01,'002601,Бътю°ЫАы,13.73,14.02,13.71,13.81,13.8,-0.07,-0.5072,1.5101,10727025,149031117.39,27899646806.0,9753343715.5
2018-07-31,'002601,Бътю°ЫАы,13.8,13.92,13.74,13.83,13.83,-0.03,-0.2169,0.8905,6325552,87406094.67,28041888268.2,9803069430.0
2018-07-30,'002601,Бътю°ЫАы,13.83,14.14,13.79,13.92,13.97,-0.14,-1.0021,1.2772,9072919,126284883.84,28102848894.9,9824380450.5
2018-07-27,'002601,Бътю°ЫАы,13.97,14.05,13.76,13.98,13.94,0.03,0.2152,1.4485,10289661,142967660.61,28387331819.3,9923831879.5
2018-07-26,'002601,Бътю°ЫАы,13.94,14.04,13.6,13.6,13.67,0.27,1.9751,2.04,14491380,201018045.96,28326371192.7,9902520859.0
2018-07-25,'002601,Бътю°ЫАы,13.67,13.75,13.55,13.67,13.64,0.03,0.2199,1.2295,8733871,119432551.33,27777725552.6,9710721674.5
2018-07-24,'002601,Бътю°ЫАы,13.64,13.9,13.52,13.55,13.51,0.13,0.9623,2.1978,15612426,214083755.25,27716764926.0,9689410654.0
2018-07-23,'002601,Бътю°ЫАы,13.51,13.54,13.26,13.35,13.32,0.19,1.4264,1.4036,9970982,133774598.19,27452602210.4,9597062898.5
2018-07-20,'002601,Бътю°ЫАы,13.32,13.38,13.11,13.27,13.25,0.07,0.5283,1.0563,7503663,99659978.59,27066518241.5,9462093102.0
2018-07-19,'002601,Бътю°ЫАы,13.25,13.39,13.12,13.17,13.22,0.03,0.2269,1.0551,7495167,99317405.18,26924276779.2,9412367387.5
2018-07-18,'002601,Бътю°ЫАы,13.22,13.66,13.21,13.58,13.51,-0.29,-2.1466,1.2463,8853082,118869763.01,26863316152.6,9391056367.0
2018-07-17,'002601,Бътю°ЫАы,13.51,13.65,13.33,13.54,13.69,-0.18,-1.3148,1.4552,10336939,139589258.79,27452602210.4,9597062898.5
2018-07-16,'002601,Бътю°ЫАы,13.69,13.69,13.06,13.35,13.29,0.4,3.0098,2.284,16224559,217197055.31,27818365970.4,9724929021.5
2018-07-13,'002601,Бътю°ЫАы,13.29,13.53,13.18,13.33,13.38,-0.09,-0.6726,1.9116,13579675,180882105.02,27005557614.8,9440782081.5
2018-07-12,'002601,Бътю°ЫАы,13.38,13.68,13.21,13.48,12.86,0.52,4.0435,3.2716,23240097,311535823.82,27188439494.8,9504715143.0
2018-07-11,'002601,Бътю°ЫАы,12.86,13.17,12.37,12.58,12.87,-0.01,-0.0777,2.2492,15977299,204290492.68,26131788632.5,9135324121.0
2018-07-10,'002601,Бътю°ЫАы,12.87,12.9,12.39,12.39,12.37,0.5,4.042,1.8125,12875327,164216780.9,26152108841.4,9142427794.5
2018-07-09,'002601,Бътю°ЫАы,12.37,12.38,11.9,11.9,11.87,0.5,4.2123,1.2933,9186827,112303991.56,25136098396.9,8787244119.5
2018-07-06,'002601,Бътю°ЫАы,11.87,12.14,11.52,11.96,11.93,-0.06,-0.5029,1.3533,9613222,114198453.05,24120087952.4,8432060444.5
2018-07-05,'002601,Бътю°ЫАы,11.93,12.46,11.92,12.43,12.37,-0.44,-3.557,0.9764,6935986,84319453.32,24242009205.8,8474682485.5
2018-07-04,'002601,Бътю°ЫАы,12.37,12.75,12.31,12.7,12.74,-0.37,-2.9042,1.0576,7513121,93867296.77,25136098396.9,8787244119.5
2018-07-03,'002601,Бътю°ЫАы,12.74,12.79,12.41,12.59,12.63,0.11,0.8709,1.1271,8006368,101076206.87,25887946125.9,9050080039.0
2018-07-02,'002601,Бътю°ЫАы,12.63,13.09,12.47,12.88,12.93,-0.3,-2.3202,1.3972,9925292,127141171.76,25664423828.1,8971939630.5
2018-06-29,'002601,Бътю°ЫАы,12.93,12.94,12.6,12.7,12.58,0.35,2.7822,1.3571,9640407,123499795.05,26274030094.8,9185049835.5
2018-06-28,'002601,Бътю°ЫАы,12.58,12.83,12.57,12.72,12.7,-0.12,-0.9449,0.8381,5953422,75518826.68,25562822783.6,8936421263.0
2018-06-27,'002601,Бътю°ЫАы,12.7,13.0,12.63,13.0,12.95,-0.25,-1.9305,1.4523,10316710,131912425.87,25806665290.3,9021665345.0
2018-06-26,'002601,Бътю°ЫАы,12.95,13.03,12.41,12.5,12.65,0.3,2.3715,2.1132,15011617,193546019.8,26314670512.5,9199257182.5
2018-06-25,'002601,Бътю°ЫАы,12.65,12.94,12.64,12.76,12.31,0.34,2.762,2.1772,15466358,197494992.78,25705064245.8,8986146977.5
2018-06-22,'002601,Бътю°ЫАы,12.31,12.41,11.78,11.99,12.17,0.14,1.1504,1.1111,7892639,95887751.41,25015094854.1,8744622078.5
2018-06-21,'002601,Бътю°ЫАы,12.17,12.57,12.12,12.39,12.32,-0.15,-1.2175,1.2503,8881752,109901330.74,24730601492.6,8645170649.5
2018-06-20,'002601,Бътю°ЫАы,12.32,12.39,12.1,12.17,12.16,0.16,1.3158,1.2874,9145540,112172302.73,25035415808.5,8751725752.0
2018-06-19,'002601,Бътю°ЫАы,12.16,13.25,12.16,13.25,13.51,-1.35,-9.9926,2.4748,17579995,220098056.02,24710280538.2,8638066976.0
2018-06-15,'002601,Бътю°ЫАы,13.51,13.75,13.36,13.43,13.47,0.04,0.297,1.005,7139500,96815667.25,27453609380.9,9597062898.5
2018-06-14,'002601,Бътю°ЫАы,13.47,13.58,13.21,13.23,13.36,0.11,0.8234,0.8844,6282370,84679935.6,27372325563.3,9568648204.5
2018-06-13,'002601,Бътю°ЫАы,13.36,13.79,13.35,13.77,13.79,-0.43,-3.1182,1.3956,9913908,134487219.79,27148795065.0,9490507796.0
2018-06-12,'002601,Бътю°ЫАы,13.79,13.79,13.42,13.74,13.6,0.19,1.3971,1.1855,8421501,115061036.86,28022596103.8,9795965756.5
2018-06-11,'002601,Бътю°ЫАы,13.6,14.12,13.54,14.09,14.09,-0.49,-3.4776,1.576,11195106,154485429.53,27636497970.4,9660995960.0
2018-06-08,'002601,Бътю°ЫАы,14.09,14.44,14.0,14.43,14.4,-0.31,-2.1528,1.2936,9189225,129774198.16,28632224735.5,10009075961.5
2018-06-07,'002601,Бътю°ЫАы,14.4,14.62,14.39,14.55,14.49,-0.09,-0.6211,1.0714,7610667,110356526.87,29262174321.6,10229289840.0
2018-06-06,'002601,Бътю°ЫАы,14.49,14.62,14.45,14.6,14.58,-0.09,-0.6173,1.0889,7734848,112356564.36,29445062911.1,10293222901.5
2018-06-05,'002601,Бътю°ЫАы,14.58,14.58,14.35,14.37,14.42,0.16,1.1096,1.2541,8908932,128824175.34,29627951500.6,10357155963.0
2018-06-04,'002601,Бътю°ЫАы,14.42,14.68,14.38,14.6,14.41,0.01,0.0694,1.066,7572347,109785123.57,29302816230.4,10243497187.0
2018-06-01,'002601,Бътю°ЫАы,14.41,14.8,14.17,14.17,14.15,0.26,1.8375,2.1554,15311223,222158412.47,29282495276.0,10236393513.5
2018-05-31,'002601,Бътю°ЫАы,14.15,14.3,14.03,14.21,14.07,0.08,0.5686,1.2788,9084456,128676694.5,28754150461.8,10051698002.5
2018-05-30,'002601,Бътю°ЫАы,14.07,14.38,14.02,14.38,14.58,-0.51,-3.4979,1.6683,11850894,168158383.99,28591582826.7,9994868614.5
2018-05-29,'002601,Бътю°ЫАы,14.58,14.74,14.5,14.61,14.48,0.1,0.6906,1.1692,8305651,121442925.58,29627951500.6,10357155963.0
2018-05-28,'002601,Бътю°ЫАы,14.48,14.86,14.36,14.68,14.69,-0.21,-1.4295,1.8996,13494307,197158920.01,29424741956.7,10286119228.0
2018-05-25,'002601,Бътю°ЫАы,14.69,15.15,14.6,15.02,15.07,-0.38,-2.5216,1.7962,12478321,184879982.42,29851481998.9,10205502170.5
2018-05-24,'002601,Бътю°ЫАы,15.07,15.21,14.93,15.05,14.97,0.1,0.668,1.6258,11294637,170179407.44,30623678265.7,10469497461.5
2018-05-23,'002601,Бътю°ЫАы,14.97,15.59,14.88,15.59,15.78,-0.81,-5.1331,4.2072,29228497,441960195.77,30420468721.8,10400025016.5
2018-05-22,'002601,Бътю°ЫАы,15.78,16.26,15.54,16.2,16.3,-0.52,-3.1902,3.6979,25690015,407971162.12,32066466027.4,10962751821.0
2018-05-21,'002601,Бътю°ЫАы,16.3,16.7,15.72,15.85,16.08,0.22,1.3682,4.9873,34647999,562045835.55,33123155655.7,11324008535.0
2018-05-18,'002601,Бътю°ЫАы,16.08,16.41,16.08,16.08,17.87,-1.79,-10.0168,5.7912,40232611,648655643.63,32676094659.1,11171169156.0
2018-05-17,'002601,Бътю°ЫАы,0.0,0.0,0.0,0.0,17.87,None,None,0.0,0,0.0,36313545494.9,12414725921.5
2018-05-16,'002601,Бътю°ЫАы,0.0,0.0,0.0,0.0,17.87,None,None,0.0,0,0.0,36313545494.9,12414725921.5
2018-05-15,'002601,Бътю°ЫАы,0.0,0.0,0.0,0.0,17.87,None,None,0.0,0,0.0,36313545494.9,12414725921.5
2018-05-14,'002601,Бътю°ЫАы,0.0,0.0,0.0,0.0,17.87,None,None,0.0,0,0.0,36313545494.9,12414725921.5
2018-05-11,'002601,Бътю°ЫАы,0.0,0.0,0.0,0.0,17.87,None,None,0.0,0,0.0,36313545494.9,12414725921.5
2018-05-10,'002601,Бътю°ЫАы,0.0,0.0,0.0,0.0,17.87,None,None,0.0,0,0.0,36313545494.9,12414725921.5
2018-05-09,'002601,Бътю°ЫАы,0.0,0.0,0.0,0.0,17.87,None,None,0.0,0,0.0,36313545494.9,12414725921.5
2018-05-08,'002601,Бътю°ЫАы,0.0,0.0,0.0,0.0,17.87,None,None,0.0,0,0.0,36313545494.9,12414725921.5
2018-05-07,'002601,Бътю°ЫАы,0.0,0.0,0.0,0.0,17.87,None,None,0.0,0,0.0,36313545494.9,12414725921.5
2018-05-04,'002601,Бътю°ЫАы,0.0,0.0,0.0,0.0,17.87,None,None,0.0,0,0.0,36313545494.9,12414725921.5
2018-05-03,'002601,Бътю°ЫАы,0.0,0.0,0.0,0.0,18.42,None,None,0.0,0,0.0,37431197986.4,12796824369.0
2018-05-02,'002601,Бътю°ЫАы,0.0,0.0,0.0,0.0,18.42,None,None,0.0,0,0.0,37431197986.4,12796824369.0
2018-04-27,'002601,Бътю°ЫАы,0.0,0.0,0.0,0.0,18.42,None,None,0.0,0,0.0,37431197986.4,12796824369.0
2018-04-26,'002601,Бътю°ЫАы,0.0,0.0,0.0,0.0,18.42,None,None,0.0,0,0.0,37431197986.4,12796824369.0
2018-04-25,'002601,Бътю°ЫАы,0.0,0.0,0.0,0.0,18.42,None,None,0.0,0,0.0,37431197986.4,12796824369.0
2018-04-24,'002601,Бътю°ЫАы,0.0,0.0,0.0,0.0,18.42,None,None,0.0,0,0.0,37431197986.4,12796824369.0
2018-04-23,'002601,Бътю°ЫАы,0.0,0.0,0.0,0.0,18.42,None,None,0.0,0,0.0,37431197986.4,12796824369.0
2018-04-20,'002601,Бътю°ЫАы,0.0,0.0,0.0,0.0,18.42,None,None,0.0,0,0.0,37431197986.4,12796824369.0
2018-04-19,'002601,Бътю°ЫАы,0.0,0.0,0.0,0.0,18.42,None,None,0.0,0,0.0,37431197986.4,12796824369.0
2018-04-18,'002601,Бътю°ЫАы,0.0,0.0,0.0,0.0,18.42,None,None,0.0,0,0.0,37431197986.4,12796824369.0
2018-04-17,'002601,Бътю°ЫАы,0.0,0.0,0.0,0.0,18.42,None,None,0.0,0,0.0,37431197986.4,12796824369.0
2018-04-16,'002601,Бътю°ЫАы,0.0,0.0,0.0,0.0,18.42,None,None,0.0,0,0.0,37431197986.4,12796824369.0
2018-04-13,'002601,Бътю°ЫАы,0.0,0.0,0.0,0.0,18.42,None,None,0.0,0,0.0,37431197986.4,12796824369.0
2018-04-12,'002601,Бътю°ЫАы,0.0,0.0,0.0,0.0,18.42,None,None,0.0,0,0.0,37431197986.4,12796824369.0
2018-04-11,'002601,Бътю°ЫАы,0.0,0.0,0.0,0.0,18.42,None,None,0.0,0,0.0,37431197986.4,12796824369.0
2018-04-10,'002601,Бътю°ЫАы,0.0,0.0,0.0,0.0,18.42,None,None,0.0,0,0.0,37431197986.4,12796824369.0
2018-04-09,'002601,Бътю°ЫАы,0.0,0.0,0.0,0.0,18.42,None,None,0.0,0,0.0,37431197986.4,12796824369.0
2018-04-04,'002601,Бътю°ЫАы,0.0,0.0,0.0,0.0,18.42,None,None,0.0,0,0.0,37431197986.4,12796824369.0
2018-04-03,'002601,Бътю°ЫАы,0.0,0.0,0.0,0.0,18.42,None,None,0.0,0,0.0,37431197986.4,12796824369.0
2018-04-02,'002601,Бътю°ЫАы,0.0,0.0,0.0,0.0,18.42,None,None,0.0,0,0.0,37431197986.4,12796824369.0
2018-03-30,'002601,Бътю°ЫАы,0.0,0.0,0.0,0.0,18.42,None,None,0.0,0,0.0,37431197986.4,12796824369.0
2018-03-29,'002601,Бътю°ЫАы,0.0,0.0,0.0,0.0,18.42,None,None,0.0,0,0.0,37431197986.4,12796824369.0
2018-03-28,'002601,Бътю°ЫАы,0.0,0.0,0.0,0.0,18.42,None,None,0.0,0,0.0,37431197986.4,12796824369.0
2018-03-27,'002601,Бътю°ЫАы,0.0,0.0,0.0,0.0,18.42,None,None,0.0,0,0.0,37431197986.4,12796824369.0
2018-03-26,'002601,Бътю°ЫАы,0.0,0.0,0.0,0.0,18.42,None,None,0.0,0,0.0,37431197986.4,12796824369.0
2018-03-23,'002601,Бътю°ЫАы,0.0,0.0,0.0,0.0,18.42,None,None,0.0,0,0.0,37431197986.4,12796824369.0
2018-03-22,'002601,Бътю°ЫАы,0.0,0.0,0.0,0.0,18.42,None,None,0.0,0,0.0,37431197986.4,12796824369.0
2018-03-21,'002601,Бътю°ЫАы,0.0,0.0,0.0,0.0,18.42,None,None,0.0,0,0.0,37431197986.4,12796824369.0
2018-03-20,'002601,Бътю°ЫАы,0.0,0.0,0.0,0.0,18.42,None,None,0.0,0,0.0,37431197986.4,12796824369.0
2018-03-19,'002601,Бътю°ЫАы,0.0,0.0,0.0,0.0,18.42,None,None,0.0,0,0.0,37431197986.4,12796824369.0
2018-03-16,'002601,Бътю°ЫАы,18.42,19.01,18.4,18.92,18.92,-0.5,-2.6427,2.7368,19013455,354356653.7,37431197986.4,12796824369.0
2018-03-15,'002601,Бътю°ЫАы,18.92,19.05,18.51,18.58,18.72,0.2,1.0684,3.7843,26290740,495407552.47,38447245705.9,13144186594.0
2018-03-14,'002601,Бътю°ЫАы,18.72,18.8,18.11,18.18,18.29,0.43,2.351,3.1816,22103256,410066890.53,38040826618.1,13005241704.0
2018-03-13,'002601,Бътю°ЫАы,18.29,18.84,18.18,18.8,18.83,-0.54,-2.8678,3.1415,21824826,403193063.33,37167025579.3,12706510190.5
2018-03-12,'002601,Бътю°ЫАы,18.83,18.85,18.12,18.32,18.29,0.54,2.9524,4.4963,31237123,580033792.07,38264357116.4,13081661393.5
2018-03-09,'002601,Бътю°ЫАы,18.29,18.36,17.87,18.12,18.16,0.13,0.7159,2.911,20223315,365959170.33,37167025579.3,12706510190.5
2018-03-08,'002601,Бътю°ЫАы,18.16,18.37,18.05,18.1,18.05,0.11,0.6094,1.8856,13099747,238390010.62,36902853172.2,12616196012.0
2018-03-07,'002601,Бътю°ЫАы,18.05,18.48,18.02,18.4,18.53,-0.48,-2.5904,2.6467,18387555,334769315.14,36679322673.9,12539776322.5
2018-03-06,'002601,Бътю°ЫАы,18.53,18.59,17.71,18.53,18.39,0.14,0.7613,4.9113,34120045,618725003.45,37654728484.7,12873244058.5
2018-03-05,'002601,Бътю°ЫАы,18.39,19.17,18.22,18.74,18.61,-0.22,-1.1822,4.6883,32570804,609439836.79,37370235123.2,12775982635.5
2018-03-02,'002601,Бътю°ЫАы,18.61,19.09,18.6,18.69,18.92,-0.31,-1.6385,3.8215,26549164,498415097.2,37817296119.8,12928822014.5
2018-03-01,'002601,Бътю°ЫАы,18.92,18.99,17.92,18.0,18.2,0.72,3.956,5.1576,35831051,669107293.44,38447245705.9,13144186594.0
2018-02-28,'002601,Бътю°ЫАы,18.2,18.49,17.87,18.4,18.49,-0.29,-1.5684,2.7658,19214956,350750213.88,36984136989.8,12643984990.0
2018-02-27,'002601,Бътю°ЫАы,18.49,18.69,18.0,18.43,18.43,0.06,0.3256,4.104,28511625,523057534.87,37573444667.1,12845455080.5
2018-02-26,'002601,Бътю°ЫАы,18.43,18.65,18.01,18.05,17.99,0.44,2.4458,3.6897,25633466,471686621.06,37451518940.8,12803771613.5
2018-02-23,'002601,Бътю°ЫАы,17.99,18.19,17.82,18.09,18.17,-0.18,-0.9906,2.938,20411047,367268477.28,36557396947.6,12498092855.5
2018-02-22,'002601,Бътю°ЫАы,18.17,18.31,17.41,17.75,17.52,0.65,3.71,3.6386,25278548,451771522.78,36923174126.6,12623143256.5
2018-02-14,'002601,Бътю°ЫАы,17.52,17.65,16.9,17.0,17.01,0.51,2.9982,2.9267,20332435,353995131.47,35602312091.3,12171572364.0
2018-02-13,'002601,Бътю°ЫАы,17.01,17.42,16.88,17.1,16.87,0.14,0.8299,3.0744,21358451,367036093.19,34565943417.4,11817262894.5
2018-02-12,'002601,Бътю°ЫАы,16.87,17.24,16.14,16.7,16.54,0.33,1.9952,4.0308,28002944,466870524.84,34281450055.9,11720001471.5
2018-02-09,'002601,Бътю°ЫАы,16.54,17.87,16.52,17.6,18.35,-1.81,-9.8638,6.1787,42924961,730595624.34,33610858561.1,11490742403.0
2018-02-08,'002601,Бътю°ЫАы,18.35,19.1,17.89,18.45,18.35,0.0,0.0,5.619,39036315,726200558.2,37288951305.7,12748193657.5
2018-02-07,'002601,Бътю°ЫАы,18.35,19.24,18.0,18.67,18.21,0.14,0.7688,6.6474,46181253,866363050.9,37288951305.7,12748193657.5
2018-02-06,'002601,Бътю°ЫАы,18.21,19.15,17.91,18.58,19.09,-0.88,-4.6097,5.7651,40051276,742894291.84,37004457944.2,12650932234.5
2018-02-05,'002601,Бътю°ЫАы,19.09,19.48,18.11,18.22,18.48,0.61,3.3009,6.9304,48147064,911198792.71,38792701930.5,13262289750.5
2018-02-02,'002601,Бътю°ЫАы,18.48,18.68,16.84,17.3,17.19,1.29,7.5044,6.621,45997460,829134201.21,37553123712.7,12838507836.0
2018-02-01,'002601,Бътю°ЫАы,17.19,18.25,17.09,17.88,17.94,-0.75,-4.1806,4.0253,27965012,492741322.47,34931720596.4,11942313295.5
2018-01-31,'002601,Бътю°ЫАы,17.94,18.18,17.5,17.63,17.84,0.1,0.5605,4.2049,29212255,521620677.83,36455792175.7,12463356633.0
2018-01-30,'002601,Бътю°ЫАы,17.84,17.85,17.1,17.44,17.41,0.43,2.4698,3.9877,27703476,486389449.63,36252582631.8,12393884188.0
2018-01-29,'002601,Бътю°ЫАы,17.41,17.47,17.11,17.32,17.15,0.26,1.516,2.8074,19503881,338204288.25,35378781593.0,12095152674.5
2018-01-26,'002601,Бътю°ЫАы,17.15,17.32,16.93,17.28,17.38,-0.23,-1.3234,2.1997,15281534,260967119.66,34850436778.8,11914524317.5
2018-01-25,'002601,Бътю°ЫАы,17.38,17.58,17.0,17.2,17.18,0.2,1.1641,3.0025,20858999,360989809.58,35317818729.8,12074310941.0
2018-01-24,'002601,Бътю°ЫАы,17.18,17.26,16.87,17.14,17.18,0.0,0.0,1.7411,12096193,206697516.91,34911399642.0,11935366051.0
2018-01-23,'002601,Бътю°ЫАы,17.18,17.55,17.0,17.55,17.55,-0.37,-2.1083,2.6344,18301742,315547928.45,34911399642.0,11935366051.0
2018-01-22,'002601,Бътю°ЫАы,17.55,17.64,17.19,17.25,17.28,0.27,1.5625,2.1157,14698148,256662247.63,35663274954.4,12192414097.5
2018-01-19,'002601,Бътю°ЫАы,17.28,17.68,17.21,17.66,17.63,-0.35,-1.9853,2.5478,17700412,308259043.49,35114609185.9,12004838496.0
2018-01-18,'002601,Бътю°ЫАы,17.63,17.68,16.75,16.8,16.87,0.76,4.505,3.4697,24104648,419913285.84,35825842589.6,12247992053.5
2018-01-17,'002601,Бътю°ЫАы,16.87,17.14,16.75,17.08,17.0,-0.13,-0.7647,1.7898,12434227,210819629.11,34281450055.9,11720001471.5
2018-01-16,'002601,Бътю°ЫАы,17.0,17.08,16.63,16.64,16.6,0.4,2.4096,2.4408,16956820,286790050.13,34545622463.0,11810315650.0
2018-01-15,'002601,Бътю°ЫАы,16.6,17.45,16.46,17.25,17.25,-0.65,-3.7681,2.941,20432034,345777117.7,33732784287.4,11532425870.0
2018-01-12,'002601,Бътю°ЫАы,17.25,17.44,17.05,17.38,17.41,-0.16,-0.919,2.5069,17415919,298783733.54,35053646322.8,11983996762.5
2018-01-11,'002601,Бътю°ЫАы,17.41,17.69,17.2,17.69,17.78,-0.37,-2.081,2.7947,19415138,338663615.94,35378781593.0,12095152674.5
2018-01-10,'002601,Бътю°ЫАы,17.78,17.85,17.31,17.4,17.45,0.33,1.8911,4.3538,30247237,533863776.59,36130656905.4,12352200721.0
2018-01-09,'002601,Бътю°ЫАы,17.45,17.58,17.21,17.38,17.39,0.06,0.345,3.0016,20852860,362960328.31,35460065410.6,12122941652.5
2018-01-08,'002601,Бътю°ЫАы,17.39,17.85,16.63,16.72,16.66,0.73,4.3818,5.2433,36426676,630230959.0,35338139684.2,12081258185.5
2018-01-05,'002601,Бътю°ЫАы,16.66,16.92,16.65,16.8,16.9,-0.24,-1.4201,2.1104,14661194,245863914.02,33854710013.7,11574109337.0
2018-01-04,'002601,Бътю°ЫАы,16.9,16.95,16.54,16.71,16.89,0.01,0.0592,3.1411,21822103,365949500.8,34342412919.1,11740843205.0
2018-01-03,'002601,Бътю°ЫАы,16.89,16.97,16.56,16.76,16.52,0.37,2.2397,5.2062,36168870,608273326.37,34322091964.7,11733895960.5
2018-01-02,'002601,Бътю°ЫАы,16.52,16.57,15.92,16.12,16.02,0.5,3.1211,3.7543,26081903,425926850.32,33570216652.3,11476847914.0
